Header;foot_Accel_X;foot_Accel_Y;foot_Accel_Z;foot_Gyro_X;foot_Gyro_Y;foot_Gyro_Z;shank_Accel_X;shank_Accel_Y;shank_Accel_Z;shank_Gyro_X;shank_Gyro_Y;shank_Gyro_Z;thigh_Accel_X;thigh_Accel_Y;thigh_Accel_Z;thigh_Gyro_X;thigh_Gyro_Y;thigh_Gyro_Z;trunk_Accel_X;trunk_Accel_Y;trunk_Accel_Z;trunk_Gyro_X;trunk_Gyro_Y;trunk_Gyro_Z;Label;;
10.195;-0.246428569;-0.172340565;0.95924665;0.231517948;0.022231317;0.065302975;-0.98914881;-0.047736767;0.125144145;0.328847265;-0.123132144;0.070893051;-0.995391954;-0.040734069;-0.083317018;0.304835802;0.083342483;0.142417243;-0.967050457;-0.072472899;0.247892763;-0.032868326;0.019672446;0.054796722;walk;0;
10.295;-0.230597785;-0.227959402;0.937405452;0.228429103;0.037267096;0.042291977;-0.975113349;-0.033968908;0.179708382;0.386881549;-0.129045203;0.1012913;-0.992637569;-0.049485986;-0.068868078;0.350567214;0.09017078;0.192162928;-0.949030132;-0.052689047;0.247703505;0.0408391;0.028076183;0.081723178;walk;0;
10.395;-0.238673578;-0.267124556;0.918612588;-0.054558538;0.003209905;-0.035893586;-0.96961883;-0.010527326;0.246418454;0.138464829;-0.070572988;0.140861938;-0.996834836;-0.038197594;-0.046227278;0.096868065;0.061971856;0.171710295;-0.972436311;-0.108436222;0.252781309;0.089949529;-0.006198317;0.052195707;walk;0;
10.495;-0.261375233;-0.2192264;0.938703107;-0.479375048;-0.07521594;-0.15500584;-0.982444417;0.014967714;0.224388517;-0.292230452;-0.006378853;0.166760965;-0.999794389;0.003030943;-0.063938063;-0.326016833;-0.04009281;0.083354172;-0.973420392;-0.110941526;0.266158343;0.001743868;-0.062386887;-0.14022471;walk;0;
10.595;-0.279686481;-0.142182755;0.949959724;-0.404509723;-0.055151694;-0.126536816;-0.982471384;0.034276612;0.186534635;-0.275704755;-0.057917768;0.120485013;-0.98620377;0.051710889;-0.080312875;-0.297658843;-0.071863393;0.043941205;-0.963638898;0.014441982;0.254154505;-0.061917062;-0.020018612;-0.185658966;walk;0;
10.695;-0.293672785;-0.091231598;0.969728389;-0.251636815;-0.043146717;-0.073959192;-0.987905344;0.040130938;0.213145817;-0.241262676;-0.129440242;0.026879734;-1.002509564;0.069146475;-0.044734291;-0.239808869;-0.117035393;-0.037600041;-0.945733727;0.041425052;0.291530305;0.006535866;-0.125121297;-0.179980437;walk;0;
10.795;-0.288368471;-0.101938147;0.948917303;0.102510552;-0.016228009;0.040044602;-0.974082318;0.046482898;0.209933322;0.016599627;-0.126777765;-0.064233352;-0.979129438;0.064544701;-0.060872324;0.032387086;-0.260080384;-0.057797265;-0.942155826;0.100232891;0.267574168;-0.059611979;-0.093992671;0.006763754;walk;0;
10.895;-0.294710388;-0.102340821;0.968398492;0.240214209;-0.007692381;0.098191731;-0.986535001;0.044199071;0.212489633;-0.011474403;-0.251362425;-0.18874519;-0.991037852;0.081535127;-0.035064429;0.035642967;-0.285485712;-0.18575848;-0.95065484;0.028127519;0.280409568;-0.049079029;-0.137761238;-0.009718668;walk;0;
10.995;-0.276157339;-0.167591028;0.949813071;0.575014336;-0.012405972;0.20205091;-0.974684874;0.013590169;0.291297162;0.133584667;-0.308505739;-0.341264599;-0.99347254;0.040012674;0.028950059;0.212717016;-0.422179431;-0.298330832;-0.970290101;0.101930565;0.259270917;-0.130605075;-0.1564143;-0.057085921;walk;0;
11.095;-0.22030933;-0.233837699;0.984340399;0.631179609;-0.395101772;-0.015318042;-1.071324178;-0.062548561;0.24618874;0.063069571;-0.353706666;-0.470725557;-1.083259551;-0.041490056;0.013522194;0.166406812;-0.542520579;-0.444873834;-1.073591293;0.029703536;0.178918503;-0.089773807;-0.02994178;-0.081936338;walk;0;
11.195;-0.327930915;-0.290303029;0.893355639;1.058606135;-0.999480383;-0.082015945;-0.968106935;-0.102031709;0.248735103;0.371733549;-0.59531218;-0.48893106;-0.996055565;-0.105586265;0.042814489;0.475417578;-0.145582563;-0.388311225;-0.968211948;0.001009068;0.133958378;-0.162107095;-0.028899268;0.058330508;walk;0;
11.295;-0.436809097;-0.30101212;0.832097209;1.186506066;-1.101029017;-0.033993173;-0.924407607;-0.073721659;0.255986396;0.393057569;-0.923561175;-0.434426504;-0.94827777;-0.081414741;-0.015495374;0.506747047;0.271137838;-0.286708515;-0.990036236;-0.020812148;0.088591093;-0.009286736;-0.017742861;-0.007605243;walk;0;
11.395;-0.393568666;-0.472334388;0.819326589;1.902914412;-1.98152908;-0.129909875;-1.102371063;-0.115247214;0.253733544;0.548290862;-1.443432118;-0.337966667;-1.067043194;-0.147635994;-0.234996051;0.641676252;1.153205689;-0.039298927;-0.990930358;-0.07896586;0.11401091;-0.016083647;0.122235772;0.092273164;walk;0;
11.495;-0.537068369;-0.710191227;0.936515606;1.164385974;-1.797592959;-0.66421102;-0.813640718;-0.170183005;0.572460958;0.215865594;-1.217239304;-0.166962591;-1.115462151;-0.25675921;-0.126423568;0.271406271;2.091457019;0.024064427;-0.984489563;-0.111991392;0.172098577;-0.088922161;0.073664101;0.218719062;walk;0;
11.595;-0.040862586;-0.43649004;0.896713253;-1.708347969;2.511478739;0.429270417;-0.325959178;-0.186255866;0.58222862;-0.233250109;1.734046005;0.295266441;-1.00043797;-0.242313508;0.070830702;-0.374398895;1.518423017;-0.038049314;-0.959725409;-0.088201025;0.246220029;-0.069874843;0.024031804;0.287134926;walk;0;
11.695;-0.482844058;-0.699461389;0.832101862;-1.980643659;3.846769728;1.772771294;-0.733705134;-0.151510116;0.458858267;-0.466815231;4.25816942;0.456476024;-0.800222903;-0.135819188;-0.049712058;-0.653008508;0.128556507;0.006447602;-0.932940211;-0.166376607;0.272983241;-0.02170585;-0.000666308;0.235720973;walk;0;
11.795;-1.20298711;-0.662347719;0.528107336;-1.938900638;1.871725009;-0.750582455;-1.182133966;-0.14483596;0.276202156;-0.234776353;2.322994839;0.232262812;-0.875750779;-0.104163449;-0.431877103;-0.301305362;-0.511304922;0.124006595;-0.944619364;-0.141765071;0.318675131;0.152541387;0.037418626;-0.136020202;walk;0;
11.895;-0.398815556;-0.358693284;0.877888277;0.247211954;-1.190244757;-0.333289841;-1.129901695;-0.148773342;-0.08722031;0.180641852;-0.676480879;0.182768037;-0.994468564;-0.142856143;-0.46463966;0.127769874;-0.412897563;0.223098109;-1.037526651;-0.162706971;0.296980459;0.149892274;0.071204938;-0.105202043;walk;0;
11.995;-0.438035195;-0.318017671;1.028283259;0.057074153;-0.554503102;-0.168078316;-0.980561625;-0.027772673;0.155593785;0.23902703;-0.985355185;0.278190336;-0.972400715;-0.040670206;-0.169811944;0.141505765;-0.490541113;0.338415288;-0.985193325;-0.079141997;0.240830687;0.010272161;0.139211299;-0.09136274;walk;0;
12.095;-0.245383084;-0.273341937;0.936296161;-0.259571226;-0.036696273;-0.102209227;-0.967671741;1.68E-05;0.194332046;0.102830135;-0.786376846;0.267227737;-0.976564997;0.016455523;-0.108083857;0.008914234;-0.713125979;0.286165866;-0.916797453;0.02539452;0.139300196;0.144077401;0.071230783;-0.084057642;walk;0;
12.195;-0.238683548;-0.244603364;0.945380358;-0.119645298;-0.078404375;-0.050999246;-0.978996887;0.044605209;0.292980007;0.080819637;-0.497287335;0.168943071;-1.02212809;0.050714138;-0.03701795;0.020613699;-0.676505152;0.186495231;-0.987769366;0.016954174;0.179387471;0.070154996;-0.099671289;-0.09640794;walk;1;
12.295;-0.254032876;-0.211247334;0.939770919;-0.311729859;-0.101358952;-0.029608508;-0.971839076;0.05173081;0.20513795;-0.273555437;-0.354300473;0.102520983;-0.974788848;0.055145613;-0.096484689;-0.292000581;-0.666335338;0.016348323;-0.919305403;-0.009611017;0.222539819;-0.179975323;-0.174458418;-0.065333326;walk;1;
12.395;-0.253630454;-0.200095458;0.949885695;-0.169910703;-0.095161309;0.056329353;-0.977504444;0.034015737;0.23099274;-0.306253433;-0.460198158;0.006422767;-0.975876275;0.047867001;-0.068801883;-0.296299027;-0.668276088;-0.078463813;-0.969064797;0.091826249;0.23968793;-0.465864486;-0.017415975;0.252175191;walk;1;
12.495;-0.249797069;-0.150572138;0.990356222;0.05815618;-0.21103101;0.091027937;-1.023402999;0.057179366;0.257537084;-0.333653028;-0.550137769;-0.157028388;-1.025866548;0.104497883;-0.0013629;-0.282700324;-0.745015447;-0.237502436;-0.96350693;0.069166184;0.284991163;-0.376029915;-0.066574554;0.236599715;walk;1;
12.595;-0.198590113;-0.128866058;1.054789666;0.948665028;-1.007044006;-0.005888399;-1.163177097;0.009451748;0.112533919;0.265039881;-0.904706681;-0.41536514;-1.123329941;0.097556132;-0.117745808;0.362788761;-0.50101185;-0.329774672;-1.105124736;0.033188909;0.254259831;-0.089517965;0.001693261;-0.168302832;walk;1;
12.695;-0.237229292;-0.248629836;0.888008036;2.004604236;-2.387214578;-0.21560018;-1.063099799;0.02455254;0.157069916;0.723636056;-1.601455136;-0.403499984;-1.028458338;-0.05510441;-0.219578362;0.819576103;0.450030854;-0.120270789;-0.999595651;-0.095175518;0.162901536;-0.121002077;0.076463384;-0.163352632;walk;1;
12.795;-0.574896956;-0.528872092;0.785283527;1.786840286;-3.663027247;-0.440799432;-0.990149702;-0.100708341;0.454202366;-0.247210986;-1.883827061;-0.043243664;-1.084262851;-0.184278599;-0.172892358;-0.162316171;1.729611357;-0.210433494;-0.955470647;-0.061918175;0.104152217;-0.071879417;0.066079342;-0.133020455;walk;1;
12.895;-0.618835133;-0.674588639;0.947519699;0.16692775;-1.030900808;0.352185994;-0.541691092;-0.146039904;0.685583098;-0.456402758;-0.409139604;0.351009797;-1.13751881;-0.178970563;-0.021615436;-0.546111118;2.086280139;-0.200617428;-1.000297712;-0.034780407;0.183552451;-0.054706087;0.155494703;0.090912718;walk;1;
12.995;-0.1637234;-0.509501577;0.6282661;-2.025185272;3.261500447;0.888004473;-0.371002213;-0.168677981;0.564339592;-0.179088263;2.471355557;0.268098498;-0.91461852;-0.106686664;0.018392961;-0.320261097;1.355725727;-0.036512596;-0.904378769;-0.112618893;0.262838846;0.090128743;0.078736277;0.141757443;walk;1;
13.095;-0.521430062;-0.721314194;0.871741632;-1.569187247;3.971204848;1.410680067;-0.783914219;-0.173118105;0.44573337;0.025308258;4.275344533;-0.089822553;-0.809843039;-0.142254115;-0.111622291;0.080002359;0.089103782;-0.05109323;-0.925186992;-0.086533201;0.314280914;0.144361436;0.049066137;-0.077554218;walk;1;
13.195;-1.176405079;-0.626067699;0.637669247;-2.155987752;2.419162855;-0.83880536;-1.209854605;-0.086386056;0.192994005;-0.188626916;2.82144558;0.013388311;-0.886842962;-0.116057865;-0.513429933;-0.176562117;-0.389561796;-0.052250585;-0.920495081;-0.055907546;0.318324676;0.235488949;0.0514377;-0.034501267;walk;1;
13.295;-0.578914508;-0.299881368;0.707386915;0.499653515;-0.784846339;-0.03707004;-1.097556551;-0.081321936;0.008763971;0.296633767;-0.577648627;0.124394708;-0.959401974;-0.097416795;-0.430307091;0.253741611;-0.181636084;0.196762987;-0.968425918;-0.078762145;0.342306885;0.274605513;-0.010850099;0.112446015;walk;1;
13.395;-0.332579538;-0.406374628;1.058456287;0.22226897;-0.880004927;-0.105854082;-1.028930849;-0.053040378;0.066437946;0.098149363;-0.92320581;0.269381114;-0.989341942;-0.075362204;-0.292301134;0.005951599;-0.351000055;0.285985048;-1.060197419;-0.190403868;0.309963865;0.133872416;-0.010784807;0.132272575;walk;1;
13.495;-0.268876971;-0.322155468;0.928115229;-0.539785123;-0.153753211;-0.250889147;-0.973117608;-0.010265374;0.139139974;-0.112004571;-0.710999356;0.308677047;-0.948871115;-0.014041552;-0.208828031;-0.211350589;-0.778274474;0.251528282;-0.952115303;-0.067744746;0.213566899;-0.02127089;0.026954711;-0.013122258;walk;1;
13.595;-0.254556609;-0.197286291;0.960188133;-0.167482946;-0.063488357;-0.066977512;-0.986117373;0.053501789;0.13520016;0.088688553;-0.626937716;0.20387705;-0.976256945;0.091745209;-0.156542263;0.015202193;-0.691692116;0.221631944;-0.954193022;0.053551439;0.14823577;0.06011884;0.013182524;-0.122349186;walk;1;
13.695;-0.241533303;-0.248634912;0.944107469;-0.066710875;-0.06931861;-0.020824055;-0.983754829;0.052915284;0.230983553;0.037426245;-0.467513907;0.098243256;-0.998261327;0.063712522;-0.098918889;0.003282784;-0.679112442;0.105302538;-0.96817761;0.008789667;0.232603153;0.208847117;-0.081014072;-0.274225631;walk;1;
13.795;-0.253011245;-0.235650133;0.94161959;-0.004145026;-0.058233008;0.029164451;-0.976155701;0.040164827;0.192965251;-0.012763444;-0.409465273;0.026851009;-0.979303077;0.052518187;-0.099086777;-0.020299078;-0.671225814;0.021730522;-0.934731427;0.029738048;0.220889223;0.029411933;-0.056764124;-0.203308793;walk;1;
13.895;-0.23484641;-0.26680006;0.923857511;-0.087104838;-0.038509113;0.045283312;-0.95802125;0.037694115;0.261620775;-0.210018153;-0.481799472;-0.035444023;-0.969753899;0.027994684;-0.051255634;-0.191840344;-0.636779366;-0.092465073;-0.954810412;0.095737169;0.242724344;-0.154249027;0.061497507;0.089048406;walk;1;
13.995;-0.249757858;-0.202120115;0.968538516;-0.072714109;-0.05926803;0.055325047;-0.991270134;0.05959762;0.272703852;-0.42205491;-0.491725023;-0.159303058;-0.998560748;0.099290775;0.009232073;-0.366677402;-0.75257313;-0.263693346;-0.90600065;0.071711807;0.348508059;-0.201783166;0.072438599;0.165130682;walk;1;
14.095;-0.175577809;-0.139030438;1.076257628;0.891388267;-0.708089331;0.121573255;-1.175788031;0.025179667;0.153214741;0.11198077;-0.787641539;-0.417267737;-1.15584618;0.108925381;-0.067390238;0.212999628;-0.517988334;-0.373383715;-1.100903408;0.022955237;0.311952919;-0.189288344;-0.060155235;-0.17879601;walk;1;
14.195;-0.167178398;-0.328202674;0.893038439;1.969025565;-2.147938227;-0.178871174;-1.08661648;-0.029088499;0.155194079;0.565554107;-1.397401362;-0.42144285;-1.051091167;-0.088274923;-0.204059456;0.675510882;0.373849292;-0.210865052;-0.999106588;0.004005532;0.211635428;-0.302122524;0.024302483;0.044498906;walk;2;
14.295;-0.516671057;-0.461616693;0.785999631;1.71354553;-3.426548356;-0.733816785;-1.00557175;-0.06135305;0.352190359;-0.155469954;-1.837945387;-0.170095753;-1.03135406;-0.135247364;-0.215150362;-0.029117394;1.636098354;-0.242998673;-0.931932342;-0.104992054;0.138939171;-0.221971258;-0.000246799;-0.013013154;walk;2;
14.395;-0.647283522;-0.650353849;0.950758386;0.961475005;-1.697035505;0.275496272;-0.643685888;-0.113400305;0.66000595;-0.269467884;-0.757095156;0.249608854;-1.14119008;-0.169324715;-0.079022429;-0.364856143;2.109215086;-0.085712164;-0.98707822;0.002564204;0.230237519;-0.126482208;0.103248127;0.095049578;walk;2;
14.495;-0.201269708;-0.499185873;0.689450604;-1.913932217;2.705286776;0.760551438;-0.366692369;-0.124298276;0.569266397;-0.064735861;2.009094394;0.324281035;-0.93967528;-0.09644752;-0.012054139;-0.316998045;1.446914634;0.090187351;-0.917223027;-0.03186568;0.292207661;0.164888937;0.023970088;0.140970423;walk;2;
14.595;-0.426267341;-0.704566076;0.785273787;-1.813465638;3.913191843;1.415389073;-0.711161417;-0.155421811;0.450526458;0.202392606;4.075898256;0.019522175;-0.800343102;-0.110530018;-0.087918278;0.116015873;0.180419336;0.152633339;-0.922401377;-0.121776152;0.312970981;0.22052616;0.017023643;0.03847559;walk;2;
14.695;-1.029580732;-0.700872936;0.695690149;-2.681865865;2.891018182;-1.111692509;-1.174279983;-0.104254058;0.266125483;-0.031805209;3.190705961;0.024412423;-0.87537448;-0.142840812;-0.444994954;-0.040975443;-0.479099635;0.024556274;-0.891029657;-0.070210023;0.371635936;0.153715838;0.002519078;-0.07167424;walk;2;
14.795;-0.75356333;-0.327600704;0.679949923;0.055995894;-0.643984129;-0.37739365;-1.166587643;-0.081048768;0.020878071;0.178614249;-0.215211077;0.130517163;-0.995991885;-0.090539735;-0.470207914;0.141344833;-0.331185779;0.169504349;-0.994851459;-0.029035319;0.328010341;0.179945035;-0.091831625;0.231861694;walk;2;
14.895;-0.327258884;-0.328799648;1.07142884;0.072542628;-0.865342731;-0.085866169;-1.017124047;-0.019422216;0.057701408;-0.025185406;-0.902466984;0.233703027;-0.98191124;-0.036926846;-0.258323306;-0.09146584;-0.435288069;0.215905109;-1.059517371;-0.198943727;0.279635202;0.158116613;-0.040936341;0.179892868;walk;2;
14.995;-0.238948884;-0.226551792;0.947095024;-0.630538435;-0.185611179;-0.287719116;-0.981322268;0.013242354;0.086262023;-0.26739811;-0.693875791;0.234034921;-0.950840162;0.007191068;-0.211069241;-0.325814582;-0.750606571;0.142169766;-0.955823656;-0.09013681;0.180855106;0.001181554;0.014047922;-0.123852839;walk;2;
15.095;-0.281385326;-0.081459018;0.988551672;-0.086186483;-0.117345445;-0.106098859;-0.98690634;0.059138283;0.094535363;0.13681636;-0.624466616;0.151027808;-0.979307905;0.113388726;-0.136663006;0.084914459;-0.590771967;0.185483381;-0.948177529;0.07346902;0.146799551;0.195256317;0.023196185;-0.159958126;walk;2;
15.195;-0.244353434;-0.218874492;0.952091415;0.175678885;-0.039558147;0.015720214;-0.9840528;0.041817264;0.224669743;0.267414767;-0.49289424;0.05812575;-1.001140402;0.03573823;-0.092213634;0.237519347;-0.60391473;0.136028351;-0.960949205;-0.03928721;0.249830182;0.329802809;-0.112920618;-0.305851385;walk;2;
15.295;-0.243408931;-0.21849036;0.935645203;-0.126185517;-0.065803601;0.004659227;-0.973713361;0.042644395;0.20282387;-0.114640694;-0.391696633;0.050235647;-0.975404266;0.029007387;-0.10379686;-0.124411253;-0.63431541;0.016876443;-0.91802801;0.019859681;0.261111346;-0.01849429;-0.135088186;-0.121172831;walk;2;
15.395;-0.255881308;-0.170416386;0.951237166;-0.266815302;-0.058900738;-0.002336572;-0.972752672;0.050556842;0.217034914;-0.385989238;-0.466057919;-0.0154797;-0.968900875;0.058406467;-0.063965949;-0.369151129;-0.710153403;-0.114431735;-0.955348133;0.094672839;0.253992333;-0.203022683;-0.014973482;0.202503594;walk;2;
15.495;-0.26148507;-0.109343125;0.985287119;0.043319041;-0.079169561;0.086825746;-0.99642146;0.07074461;0.247304875;-0.314596774;-0.5520545;-0.178290765;-0.998337718;0.115171531;0.019327189;-0.264694015;-0.801120829;-0.247248248;-0.92786458;0.017871956;0.321448002;-0.240835829;0.028008809;0.184961812;walk;2;
15.595;-0.178353748;-0.161187183;1.041982768;0.568354014;-0.64815353;0.006186397;-1.136090102;-0.012331645;0.207558181;-0.07024673;-0.714664962;-0.417747894;-1.119149704;0.066490815;0.000291807;0.020918245;-0.748531532;-0.423231163;-1.094629891;0.058349867;0.270835413;-0.136936688;-0.054292114;-0.178701096;walk;2;
15.695;-0.241075208;-0.136280951;0.966683508;1.523771889;-1.856650643;-0.278130975;-1.085031779;0.019933977;0.100914821;0.705723584;-1.292910004;-0.575046801;-1.057489057;0.008323038;-0.127567528;0.83028337;-0.035614476;-0.36616311;-0.994744341;-0.04605085;0.246195022;-0.180332183;-0.011392052;-0.215383574;walk;2;
15.795;-0.422603278;-0.345421177;0.817024534;1.51829217;-3.35780315;-0.504796756;-1.048150068;-0.063110573;0.256331818;0.145150503;-1.944541324;-0.282402872;-1.025867939;-0.150100747;-0.206798881;0.26096737;1.312527549;-0.199161614;-0.984571799;-0.068971266;0.060209364;-0.158387601;0.013247373;-0.157200783;walk;2;
15.895;-0.804321195;-0.489254978;1.004956111;1.400145832;-2.941909706;0.03083152;-0.75841409;-0.099275279;0.662825273;-0.108754277;-1.427221559;0.032737723;-1.183005498;-0.17731913;-0.041512514;-0.101559841;2.309394091;-0.075111773;-1.008118353;-0.048478144;0.154407909;-0.221288409;0.109792898;0.051651245;walk;2;
15.995;-0.256353437;-0.5286305;0.759765492;-0.871298267;2.206218667;1.526673823;-0.314405297;-0.161697031;0.667398248;-0.099259203;1.430824375;0.357711453;-1.051287622;-0.153327338;0.064531327;-0.364540407;1.886058534;0.072475863;-0.921743958;-0.016153901;0.242956385;-0.055978837;0.046428694;0.283192009;walk;2;
16.095;-0.309399302;-0.650634678;0.690690346;-1.865771534;4.172522827;1.527597964;-0.553667788;-1.95E-01;0.532921834;0.108569544;4.089228455;0.002528125;-0.828246358;-0.108725658;0.037986501;0.061542834;0.651676141;0.069684658;-0.93639863;-0.088449286;0.260809506;0.022912024;-0.070182655;0.191266234;walk;2;
16.195;-1.112572039;-0.717933689;0.75694804;-2.244507772;3.129569742;-0.695719284;-1.099082261;-0.082975817;0.370128566;0.178019232;3.819367081;-0.101719674;-0.821431255;-0.162067525;-0.366502422;0.205683132;-0.443088243;0.024510363;-0.916401176;-0.043430025;0.328535205;0.266188703;-0.009876545;-0.044194876;walk;3;
16.295;-0.954124391;-0.393393595;0.566913259;-0.461691405;-0.126327138;-0.489542506;-1.179974364;-0.083274943;0.015974389;0.014672872;0.086751186;0.202700439;-0.953440067;-0.108262073;-0.553990602;-0.038952376;-0.302039487;0.198351866;-0.951900398;-0.069964164;0.30452804;0.388783277;-0.024485713;0.092018765;walk;3;
16.395;-0.355190589;-0.342236624;1.09369455;0.07031261;-0.632059788;0.115287432;-1.030731493;-0.026440603;0.100797115;0.008563585;-1.047741754;0.297966791;-1.003963612;-0.027157294;-0.244864724;-0.089097658;-0.183328136;0.285136119;-1.096949059;-0.163310296;0.231632161;0.166030678;0.049416362;0.319542336;walk;3;
16.495;-0.191058077;-0.284156659;0.927173087;-0.668686343;0.061501743;-0.25444138;-0.966363704;0.010224277;0.217209047;-0.185874577;-0.598715354;0.269688417;-0.973710203;-0.005169724;-0.158174183;-0.270334496;-0.761771621;0.186400097;-0.996728224;-0.050243125;0.15747353;0.30545819;0.07489909;-0.204292169;walk;3;
16.595;-0.185301104;-0.100761471;0.967341185;-0.649139269;-0.063908239;-0.193248811;-0.992909687;0.061687903;0.121196617;-0.395587033;-0.37754508;0.200217747;-0.977822331;0.084328806;-0.173849039;-0.439358546;-0.760649827;0.058953846;-0.976800058;-0.026958635;0.165934854;0.268490895;0.107719631;-0.221507741;walk;3;
16.695;-0.185957095;-0.065601832;0.971437464;-0.18922759;-0.235797612;-0.118555487;-0.995797126;0.0652889;0.101528515;-0.099947178;-0.340879968;0.090999607;-0.975994585;0.083432298;-0.173631547;-0.122010883;-0.727388507;0.057576604;-0.925284905;0.002341845;0.279427379;0.191012573;0.111780727;-0.293951191;walk;3;
16.795;-0.265972359;-0.126444992;0.974977455;-0.130395599;-0.255989542;-0.042081401;-0.986804823;0.035939348;0.131721881;-0.120878449;-0.430351791;0.068874632;-0.969059825;0.040020339;-0.13638817;-0.13467909;-0.64777805;0.035562185;-0.88674497;0.013132874;0.296732912;-0.043809231;0.075605413;-0.018386615;walk;3;
16.895;-0.26311249;-0.10233703;0.981470202;-0.011806811;-0.063622134;0.056000176;-0.983336639;0.044379885;0.196670737;-0.10846199;-0.616824989;-0.024918656;-0.977767733;0.0674145;-0.064604646;-0.098690524;-0.599284791;-0.051376467;-0.91879065;0.068408248;0.326648172;-0.231023536;0.083665848;0.27818802;walk;3;
16.995;-0.245325754;-0.098090884;0.984989495;0.259347213;-0.159646505;0.178769559;-0.993056611;0.068847095;0.285788724;-0.084626718;-0.670584143;-0.155278531;-1.007840225;0.096707251;0.025167965;-0.043013136;-0.699881065;-0.171539775;-0.917435309;-0.009808465;0.378176087;-0.246633832;0.001678609;0.185577881;walk;3;
17.095;-0.196754732;-0.144817971;1.019745555;0.545364582;-0.705965276;0.030272099;-1.093158089;0.020379101;0.290573983;-0.048270868;-0.718302395;-0.361735438;-1.099285087;0.076111502;0.0334035;0.042263596;-0.729631004;-0.362525258;-1.057392807;0.014876424;0.330372681;-0.232165107;-0.130966728;-0.142626853;walk;3;
17.195;-0.261350288;-0.086782171;0.987071624;1.325478516;-1.82421007;-0.192795874;-1.101101222;0.027335187;0.125969478;0.534698482;-1.111890272;-0.522540302;-1.080840053;0.052220236;-0.104693788;0.656781198;-0.252884148;-0.349014167;-0.999695179;0.003598784;0.293592446;-0.284213454;-0.110210373;-0.165956553;walk;3;
17.295;-0.390457001;-0.341231893;0.812525632;1.556007971;-3.385340514;-0.444788172;-1.087602027;-0.048054363;0.181532029;0.199015465;-1.874781628;-0.320434777;-1.010014852;-0.148556964;-0.300901004;0.32523139;1.102689097;-0.224308788;-0.969488834;-0.040557904;0.118436664;-0.204559757;-0.062139418;-0.105597158;walk;3;
17.395;-0.826395021;-0.442371974;1.030723969;1.368081665;-3.624429951;-0.018844166;-0.860989966;-0.090144729;0.567760012;-0.326672698;-1.642627669;0.041012897;-1.165694555;-0.164311897;-0.127937784;-0.254327437;2.355825414;-0.228579632;-0.974334528;-0.051182301;0.160982078;-0.126981073;0.029381473;-0.053639245;walk;3;
17.495;-0.412311826;-0.526851503;0.897253807;-0.776850649;2.007785388;1.611696176;-0.344000206;-0.13121908;0.668172772;-0.203452628;1.141373487;0.414008257;-1.089447628;-0.139151082;0.020112953;-0.46363736;2.087200172;-0.001621913;-0.963613093;-0.009791406;0.260596305;0.076003034;0.072817841;0.165005642;walk;3;
17.595;-0.258313262;-0.575195269;0.658885121;-2.017261078;4.279832246;1.916678242;-0.48161443;-0.153270201;0.536890984;-0.070779472;4.051887551;0.253205669;-0.833471184;-0.115841374;0.032028047;-0.253603082;0.884357158;0.071914349;-0.91802555;-0.097286935;0.269812062;0.128179302;-0.008619575;0.126379341;walk;3;
17.695;-0.984542436;-0.848694766;0.847552827;-2.589808792;3.424821915;0.041065985;-1.089347582;-0.094926043;0.360596999;-0.132079398;4.263245749;0.123350426;-0.821223189;-0.104780799;-0.316193873;-0.17932259;-0.27542004;0.03928294;-0.925239115;-0.091186478;0.316238919;0.197520073;0.048943922;-0.124591624;walk;3;
17.795;-1.133360816;-0.365892497;0.451924046;-1.204511398;0.823167343;-1.309435858;-1.158280117;-0.082286639;0.112945114;0.237168402;0.858389585;0.134751715;-0.909024249;-0.027775787;-0.461180359;0.196153401;-0.394833365;0.181009974;-0.928957781;-0.047290046;0.35714816;0.274268072;-0.024884614;-0.088786525;walk;3;
17.895;-0.209139705;-0.406042529;1.04929517;0.703981164;-1.483882673;-0.236750135;-1.120604011;-0.102442164;-0.099693936;0.401890074;-0.891405974;0.154824907;-1.032111078;-0.151666011;-0.448258603;0.350488402;-0.465260243;0.247790982;-1.05449065;-0.07929034;0.346263982;0.244820687;-0.136804988;0.117700629;walk;3;
17.995;-0.391296378;-0.221328802;1.010054245;-0.186924679;-0.435243053;-0.240034121;-0.974307437;0.028943776;0.042003929;0.060776625;-0.929471113;0.252407275;-0.936075378;0.025788865;-0.239765859;-0.015231195;-0.62247653;0.259587913;-0.975891285;-0.069157988;0.217251991;0.146723459;-0.089660921;0.070923719;walk;3;
18.095;-0.268156463;-0.244587078;0.951737512;0.097016096;-0.044640367;-0.022417244;-0.975225261;0.023064399;0.101710372;0.366271;-0.87049602;0.221782161;-0.956236203;0.050054343;-0.17529298;0.279203601;-0.66278951;0.325034712;-0.947484173;-0.015722316;0.13196135;0.090416309;-0.027284074;0.036468264;walk;3;
18.195;-0.225074174;-0.292865388;0.919977977;-0.32672959;-0.071784751;-0.135574893;-0.970473409;0.043842789;0.280458823;-0.055049174;-0.575654726;0.193916131;-1.002954472;0.01305044;-0.069758704;-0.11417252;-0.740171625;0.167401529;-0.99739262;0.022374418;0.141235538;0.2910894;-0.063555959;-0.099327514;walk;4;
18.295;-0.272577306;-0.128487969;0.972851615;-0.369330358;-0.106413403;-0.111833318;-0.994330385;0.08789893;0.143318782;-0.258418793;-0.418171676;0.102035601;-0.986223844;0.129484259;-0.107411306;-0.276944304;-0.72733808;0.02198604;-0.971723791;-0.06796407;0.180355914;0.107722481;-0.075702222;-0.194658362;walk;4;
18.395;-0.263840682;-0.17697698;0.943984125;0.066543642;-0.042770858;0.093574335;-0.962012305;0.061606867;0.22840475;-0.008690154;-0.489726844;-0.005995873;-0.973882764;0.063245958;-0.051857701;-0.006841103;-0.636792202;-0.007966592;-0.966212885;0.056029795;0.204381316;-0.129465718;0.06091528;-0.142319014;walk;4;
18.495;-0.253053033;-0.179613361;0.948127971;-0.229842052;-0.09194941;0.020215994;-0.971097903;0.057770734;0.278447915;-0.410061584;-0.462130508;-0.028782533;-0.989434729;0.048546023;0.006808969;-0.390412012;-0.75056257;-0.128943147;-0.9103586;0.067766069;0.283819181;-0.29746536;0.109223345;0.200915615;walk;4;
18.595;-0.253654614;-0.128504453;0.996551651;0.05552127;-0.256915211;0.057544668;-1.029982319;0.055037013;0.260224032;-0.340060842;-0.533516148;-0.167093435;-1.033205441;0.100720086;0.039032657;-0.295286444;-0.790068834;-0.238368054;-0.96751154;0.037729246;0.321619022;-0.253614862;0.033926294;0.166010516;walk;4;
18.695;-0.20041589;-0.115565463;1.058515922;0.851777061;-1.116109234;-0.163555017;-1.175328606;-0.008836905;0.110367353;0.290168284;-0.908477119;-0.423220836;-1.146207014;0.090794631;-0.0578545;0.375878221;-0.454106143;-0.344507799;-1.093724902;-0.031383447;0.307421721;-0.31916558;-0.038104841;-0.049558893;walk;4;
18.795;-0.272030099;-0.229766436;0.846581284;1.437225791;-2.573284612;-0.499720675;-1.02578575;0.046640719;0.177736129;0.488176774;-1.632956346;-0.425896721;-0.991290383;-0.05093531;-0.196689687;0.606973273;0.619337272;-0.254017873;-0.96402969;0.00772578;0.158793823;-0.334354958;-0.005938977;-0.083556813;walk;4;
18.895;-0.695470152;-0.329316318;0.783622973;1.004357037;-3.786702044;-0.599897519;-0.964724377;-0.070202282;0.463855008;-0.252502456;-1.890591369;-0.160827354;-1.076879669;-0.101486027;-0.100807118;-0.10659341;1.673947234;-0.280453048;-0.987438636;-0.052455968;0.105238481;-0.082906985;0.086386678;-0.125260902;walk;4;
18.995;-0.839820659;-0.471182889;1.019689635;0.929762145;-1.397823954;0.917823984;-0.589209902;-0.093370603;0.713953623;-0.202653398;-0.680546437;0.118898682;-1.148333382;-0.163038816;-0.047778481;-0.212446207;2.12122886;-0.117003841;-0.96950433;-0.036392252;0.210043599;-0.075823868;0.113066476;0.051940527;walk;4;
19.095;-0.194357735;-0.488454798;0.624469237;-1.242363733;3.072976196;1.96466827;-0.373878051;-0.176338944;0.620971385;-0.244907231;2.123450545;0.329657756;-0.989011537;-0.1591908;-0.020019553;-0.403240591;1.606508335;-0.078553465;-0.935815494;-0.050831018;0.252523249;0.096618926;0.009005728;0.153015323;walk;4;
19.195;-0.375802747;-0.67028815;0.803541312;-1.967923969;3.903185266;1.560795804;-0.65590585;-0.145288573;0.469039572;-0.127333898;4.305455826;0.109408909;-0.7929816;-0.087881359;-0.05071168;-0.163634309;0.395924238;-0.045373611;-0.92688723;-0.120240383;0.316077667;0.032234186;0.028057331;0.120185689;walk;4;
19.295;-1.254256968;-0.657801919;0.660252242;-2.347485375;2.884494701;-0.989923267;-1.155642646;-0.073974103;0.282800409;0.078655768;3.322198001;-0.016778861;-0.820666408;-0.081432433;-0.440723371;0.082585456;-0.477195402;0.016285321;-0.871914756;-0.030782309;0.3766063;0.138147997;0.008083014;-0.072278831;walk;4;
19.395;-0.681895715;-0.311485899;0.689656096;0.095783263;-0.530436179;-0.716123552;-1.161668038;-0.083704409;-0.005096845;0.518563238;-0.323126373;0.134318021;-0.987848585;-0.105630419;-0.504402554;0.464023149;-0.428506206;0.267307329;-0.991411876;-0.02691349;0.355684265;0.30364985;-0.062006681;0.169772195;walk;4;
19.495;-0.359581225;-0.371887194;1.080694436;0.356642512;-0.808540308;-0.125458017;-1.033123844;-0.025361361;0.088547631;0.333484532;-0.921155959;0.277149398;-1.008873481;-0.053781755;-0.259378583;0.231213891;-0.409355238;0.365632764;-1.059199835;-0.247905963;0.2893006;0.134326148;-0.062169852;0.16604844;walk;4;
19.595;-0.250268957;-0.345547698;0.910768557;-0.520233568;-0.160770848;-0.285296705;-0.969971044;-0.014674881;0.165465136;-0.08131086;-0.581446298;0.312352149;-0.957493154;-0.02368381;-0.168984211;-0.177205236;-0.858377711;0.271224108;-0.959042861;0.005894409;0.153116775;0.150628136;-0.123014073;-0.237741372;walk;4;
19.695;-0.251594238;-0.194321618;0.94898533;-0.603615691;-0.086298283;-0.261225893;-0.986404919;0.042871724;0.129060617;-0.23087738;-0.501629276;0.234972279;-0.977504425;0.048618688;-0.141460192;-0.289457236;-0.728055379;0.157603045;-0.971610124;0.03231817;0.091710704;0.179747982;-0.010657022;-0.114020684;walk;4;
19.795;-0.25547661;-0.159218981;0.957457656;-0.652686507;-0.102171551;-0.220772911;-0.996164646;0.052902719;0.191053015;-0.447759412;-0.370227029;0.153942883;-0.999969815;0.055831377;-0.081781231;-0.473068242;-0.668500165;0.028864713;-0.952198804;-0.007816026;0.217843011;0.163427714;-0.071708037;-0.134349897;walk;4;
19.895;-0.2875424;-0.032974713;0.978636057;-0.289703166;-0.065993019;-0.024393335;-0.988133305;0.057821746;0.111004955;-0.297406699;-0.412920832;0.044286607;-0.97661415;0.096305682;-0.097735269;-0.29923195;-0.570043987;-0.029817719;-0.951491107;-0.007720782;0.215123531;-0.076800971;-0.097083148;-0.108393632;walk;4;
19.995;-0.264364764;-0.091825171;0.954318327;0.046383024;-0.012602488;0.109193129;-0.968470175;0.047330198;0.221728047;-0.075016908;-0.498911601;-0.036776732;-0.971079624;0.052768739;-0.035605371;-0.064530417;-0.633837924;-0.053018087;-0.950964327;0.091691367;0.259577946;-0.232392627;0.046635909;0.110913598;walk;4;
20.095;-0.270218182;-0.062183264;0.978319689;0.076019621;-0.038716442;0.105488072;-0.981447076;6.85E-02;0.239134306;-0.22966581;-0.55724618;-0.156331172;-0.982545227;0.102362527;0.024238236;-0.191189299;-0.759464616;-0.202037929;-0.922306986;0.047859691;0.297391779;-0.22219616;0.088551752;0.163814633;walk;4;
20.195;-0.204740695;-0.062073964;1.054096131;0.729076881;-0.4808788;0.335342677;-1.121186281;0.040198231;0.219864248;0.089911723;-0.734488484;-0.331667662;-1.116021035;0.096160288;0.021355712;0.154678681;-0.719486216;-0.306861429;-1.065355183;0.002738335;0.320799283;-0.257419023;-0.032730677;-0.186993945;walk;5;
20.295;-0.185769999;-0.21267178;0.967047754;1.532601188;-1.790635557;-0.129717798;-1.109356262;-0.053193094;0.15744677;0.729417401;-1.21702838;-0.494167857;-1.094633783;-0.016270591;-0.049609719;0.828223577;-0.153697439;-0.295171004;-1.014822779;0.051580642;0.26835826;-0.313601151;-0.049333395;-0.183772293;walk;5;
20.395;-0.407132191;-0.329350245;0.78652472;1.325970176;-3.082624286;-0.793798448;-1.005577329;-0.03594333;0.248331923;0.291140985;-1.732759642;-0.331547477;-0.989390083;-0.147281007;-0.183000116;0.402881597;0.861667398;-0.203293319;-0.982142324;-0.019487965;0.094440034;-0.131124559;-0.008258319;0.035574256;walk;5;
20.495;-0.807711022;-0.401075431;0.958167344;1.136602948;-3.612745436;-0.255981591;-0.935211158;-0.076440205;0.523946204;-0.284935369;-1.754922998;0.036576864;-1.142892616;-0.142286084;-0.135699868;-0.234880299;2.133141328;-0.181779332;-0.977897389;-0.076581594;0.127826303;-0.190528341;0.070503402;0.15333676;walk;5;
20.595;-0.464436154;-0.475791624;1.015958574;-0.366705675;1.048052817;1.42654409;-0.428967476;-0.108694975;0.663720317;-0.312221178;0.544970132;0.441024906;-1.116073007;-0.137954985;-0.017420071;-0.538994156;2.222316999;-0.069442169;-0.979116831;0.018842996;0.208830282;0.091275575;0.076862514;0.176777831;walk;5;
20.695;-0.158102546;-0.516755889;0.698840258;-1.671386599;3.989005242;2.238244401;-0.408630142;-0.122829519;0.533056702;-0.097760897;3.754084453;0.338482813;-0.867782957;-0.068050802;0.069704294;-0.340794466;1.132260894;0.080684167;-0.902864859;-0.114742124;0.277345033;0.209448566;0.053123041;0.18723311;walk;5;
20.795;-0.907105519;-0.853716498;0.912734177;-2.736073912;3.922403995;0.083675083;-1.022009217;-0.101842316;0.39162915;0.088836872;4.680541891;0.017360826;-0.798847996;-0.085898447;-0.212764751;0.060606581;-0.209098576;0.059290034;-0.909202117;-0.080483048;0.29927558;0.252373502;0.033047768;-0.106854778;walk;5;
20.895;-1.295781599;-0.416033401;0.432183026;-1.605266263;1.256239629;-1.455204964;-1.206181094;-0.060516145;0.154490633;0.118570687;1.33876753;0.114415764;-0.925612512;-0.060043791;-0.503353333;0.08917005;-0.40832922;0.13451901;-0.964858632;-0.086054443;0.338259148;0.381882127;-0.032610959;-0.118592576;walk;5;
20.995;-0.279237153;-0.328341567;1.041011885;0.566447289;-1.498641768;-0.18579643;-1.124884701;-0.080419043;-0.092479224;0.314148734;-0.925444559;0.188919898;-1.043007637;-0.108523614;-0.40539832;0.263372754;-0.418720151;0.253050936;-1.059870598;-0.122615112;0.31486362;0.265008234;-0.047431605;0.097417418;walk;5;
21.095;-0.340506115;-0.235104222;0.994191746;-0.271823474;-0.478838189;-0.316690309;-0.969519986;0.034188567;0.072020061;0.017987038;-0.898933079;0.250068893;-0.941413006;0.012261334;-0.210373371;-0.050035615;-0.597171727;0.244846489;-0.976888064;-0.0767503;0.181949512;0.087059397;-0.058059129;-0.020143794;walk;5;
21.195;-0.303577091;-0.123369269;0.992115769;-0.244549653;-0.154043327;-0.149153779;-0.985985851;0.044425105;0.06705761;0.064515286;-0.787465635;0.232855466;-0.968054213;0.086417322;-0.160773828;-0.005851703;-0.589250828;0.242528373;-0.965172037;0.039277526;0.077395384;0.119710312;0.047648169;0.009472199;walk;5;
21.295;-0.253421679;-0.207612076;0.948384658;0.077412162;-0.025026736;0.010176982;-0.979961591;0.052918514;0.231067006;0.244377479;-0.577250804;0.133911654;-1.002927158;0.053113082;-0.079918612;0.192207105;-0.586701463;0.201823945;-0.999310809;-0.02778467;0.167748302;0.279824022;0.011210767;-0.102086835;walk;5;
21.395;-0.246406668;-0.185010691;0.940300761;-0.389257125;-0.076609307;-0.085204565;-0.979526715;0.066097238;0.197901112;-0.299891919;-0.360206838;0.097299541;-0.984026093;0.050954921;-0.10439064;-0.315618976;-0.667116255;0.009171672;-0.941192458;-0.038447983;0.216360575;0.080128163;-0.052599827;-0.146148756;walk;5;
21.495;-0.271594482;-0.089590684;0.961123123;-0.297329947;-0.065260148;-0.023455958;-0.979902189;0.074958025;0.162408678;-0.340597579;-0.391918359;0.022728151;-0.974070593;0.093486082;-0.090723692;-0.33496972;-0.597049574;-0.066416393;-0.964128863;0.039303437;0.211341154;-0.164253224;-0.026141133;0.019611913;walk;5;
21.595;-0.275199579;-0.080586946;0.966343953;-0.153750724;-0.018282442;0.020243256;-0.97413391;0.067338985;0.225513982;-0.321567732;-0.437611947;-0.070000746;-0.981624596;0.084319908;-0.016866129;-0.295643003;-0.66264745;-0.145007701;-0.93058937;0.023616002;0.27521607;-0.284770633;0.094181317;0.195362835;walk;5;
21.695;-0.258671291;-0.05038541;0.999482231;0.263455617;-0.057031912;0.157547782;-1.010898977;0.069662095;0.2229483;-0.114510422;-0.541199293;-0.22398209;-1.011606015;0.118229303;0.012124781;-0.06248321;-0.674919964;-0.244131132;-0.951356623;0.003646792;0.318453848;-0.288618627;-0.037794695;0.065440876;walk;5;
21.795;-0.189076327;-0.12502218;1.036388801;0.734896252;-0.741335907;0.125300804;-1.131133222;-0.004333715;0.211242876;0.116238821;-0.729719425;-0.38167758;-1.127024946;0.043675357;-0.004720266;0.196327795;-0.562310366;-0.346750466;-1.087939259;0.013196132;0.266912495;-0.302155771;-0.024474064;-0.139931215;walk;5;
21.895;-0.210500049;-0.173805906;0.953669108;1.449616559;-2.029975254;-0.216705287;-1.105026997;-0.002105375;0.068447851;0.650511346;-1.36358806;-0.433144966;-1.053658552;-0.030424212;-0.21341295;0.746837686;0.271290019;-0.224934532;-1.009125831;-0.026981204;0.191107982;-0.28390021;-0.010155206;0.004207017;walk;5;
21.995;-0.492948206;-0.331283715;0.822787382;1.067094459;-3.655458586;-0.740104496;-1.046587416;-0.060589489;0.316740065;-0.060532448;-1.983150279;-0.20537963;-1.037368812;-0.132466866;-0.227027184;0.062098697;1.68336614;-0.225155402;-0.941376672;-0.091623437;0.104163363;-0.107471907;0.029586112;-0.059924685;walk;5;
22.095;-0.80183165;-0.38113296;1.067463138;0.586931592;-2.128643333;0.214037324;-0.664072138;-0.075498511;0.683775567;-0.301378671;-1.082725939;0.141733382;-1.154601462;-0.142954699;-0.064901533;-0.295478044;2.218012314;-0.172900135;-0.976774608;-0.040590743;0.213622181;-0.068598797;0.106970747;-0.009305457;walk;5;
22.195;-0.208274667;-0.379516561;0.765213085;-0.832271154;2.53142002;1.507589542;-0.341752267;-0.129000966;0.598403702;-0.254080013;1.801108493;0.40166392;-0.982084691;-0.119231846;-0.012223042;-0.472181316;1.618833153;-0.053683944;-0.93396186;-0.039607669;0.26093617;0.037480852;0.029128295;0.150893508;walk;6;
22.295;-0.341333524;-0.637063994;0.817278009;-1.292395788;3.939385523;2.011647506;-0.647628601;-0.158399033;0.43691651;-0.077307107;4.151328984;0.12830351;-0.785204368;-0.093689621;-0.075212916;-0.150440789;0.367150544;0.004014707;-0.934106329;-0.117687396;0.288726505;0.057414187;0.067524155;0.095704042;walk;6;
22.395;-1.125218494;-0.664136214;0.774171019;-2.439904036;3.128466717;-0.903023631;-1.170452155;-0.088898072;0.248025096;0.001983264;3.609246539;-0.026610794;-0.840858765;-0.094698674;-0.440996188;0.016173985;-0.455103426;-0.022496673;-0.889408582;-0.069841869;0.361333621;0.138216716;0.056456829;-0.070966529;walk;6;
22.495;-0.860322026;-0.282058691;0.583511197;-0.064395643;-0.338995968;-0.651484588;-1.154036112;-0.059925029;0.004813202;0.395237261;-0.190115435;0.120651799;-0.94989359;-0.085389635;-0.534105666;0.35163071;-0.305647353;0.216540079;-0.947733459;-0.048587564;0.361441941;0.185103951;0.00814761;0.157020917;walk;6;
22.595;-0.342695606;-0.349769927;1.1153838;0.397803487;-1.000919729;0.043570662;-1.058078542;-0.029492988;0.100176615;0.187941197;-1.020890164;0.264116653;-1.035284922;-0.051031503;-0.258170224;0.095395335;-0.341950129;0.308423844;-1.092602661;-0.18481386;0.297307023;0.126260075;-0.066249767;0.25005558;walk;6;
22.695;-0.27410288;-0.261921234;0.944087072;-0.287675398;-0.201473203;-0.22785266;-0.970102585;0.013548239;0.115351547;0.065362496;-0.624154273;0.27783309;-0.94818584;0.016396737;-0.205205366;-0.029765904;-0.903070648;0.284030777;-0.944139063;-0.06555932;0.189236844;0.110437574;-0.100521977;-0.072282027;walk;6;
22.795;-0.252591155;-0.2283257;0.945574331;-0.329761083;-0.085905567;-0.164305401;-0.985863887;0.034661085;0.114993645;-0.001622585;-0.628218778;0.230252868;-0.966411361;0.043920486;-0.176456434;-0.072589929;-0.70766152;0.218576461;-0.959667949;0.00276286;0.100866936;0.186933176;-0.053182098;-0.08378969;walk;6;
22.895;-0.259304954;-0.195830252;0.952436215;-0.261569777;-0.065308872;-0.101226021;-0.98406131;0.067901186;0.224327758;-0.066316508;-0.462204859;0.144438652;-0.999164892;0.076572352;-0.075686406;-0.106499068;-0.712054958;0.118573713;-0.984599694;-0.042282962;0.192476572;0.253050523;-0.05239007;-0.191108398;walk;6;
22.995;-0.263516502;-0.138993199;0.962053371;-0.305338902;-0.072463057;-0.059747228;-0.985823424;0.067255096;0.162677774;-0.269395848;-0.405412188;0.058599589;-0.983891925;0.08286017;-0.091488888;-0.275351103;-0.655107454;-0.01600476;-0.955488587;-0.060143765;0.195085415;0.038702243;-0.118042599;-0.273553442;walk;6;
23.095;-0.258739078;-0.145081976;0.945875044;-0.100084404;-0.061047819;0.056883249;-0.965945042;0.059326129;0.225406526;-0.2079934;-0.470430024;-0.008684002;-0.970097521;0.057092369;-0.049881961;-0.199351745;-0.652788996;-0.060155643;-0.942874819;0.100227067;0.244243828;-0.230225456;0.027800014;0.004050852;walk;6;
23.195;-0.271251257;-0.116054775;0.972513682;-0.130841239;-0.119408285;0.020953544;-0.985021069;0.053160602;0.2520554;-0.389364925;-0.507517126;-0.097572596;-0.992112674;0.07835424;0.024537178;-0.357561124;-0.798847064;-0.183316537;-0.939111279;0.04090474;0.266752283;-0.246898754;0.101303629;0.266480169;walk;6;
23.295;-0.23019646;-0.087746459;1.031479386;0.420562857;-0.438079226;0.097675561;-1.088410061;0.048692489;0.223082008;-0.072496867;-0.69035388;-0.287935432;-1.078633429;0.119260653;0.024464316;-0.011696351;-0.736790833;-0.296901389;-1.012914983;0.018533647;0.33776027;-0.242353271;0.01191724;0.054414363;walk;6;
23.395;-0.201605254;-0.112238521;1.028775281;1.452069308;-1.627954935;-0.221548011;-1.166919787;0.018430937;0.089012869;0.766746532;-1.193899118;-0.536018798;-1.128196678;0.088561322;-0.099559829;0.871693246;-0.282007537;-0.330365388;-1.08738631;0.022076497;0.269899539;-0.059031942;0.009194433;-0.260463445;walk;6;
23.495;-0.274346329;-0.277291013;0.781679322;1.801177124;-3.40464419;-0.811148452;-1.046159254;0.024710191;0.175337214;0.506728501;-1.900472933;-0.424542581;-1.002590719;-0.101320104;-0.249670854;0.641600044;1.120277551;-0.207776326;-0.936375389;-0.08063782;0.120681224;-0.147581366;-0.014681474;-0.145865307;walk;6;
23.595;-0.924888835;-0.358831446;0.713766499;1.615422234;-4.453165021;-0.316612205;-0.834526641;-0.053433604;0.643832089;-0.389377664;-1.67611;0.050152291;-1.149628212;-0.144074945;-0.057188373;-0.310642909;2.251742826;-0.262471823;-0.987841886;-0.068716433;0.119269475;-0.147799006;0.030284145;-0.129303372;walk;6;
23.695;-0.800531005;-0.761418071;0.76417127;-0.081984462;0.430747683;1.411744285;-0.403508838;-0.155006246;0.770624876;-0.314757564;0.332593829;0.440054772;-1.122940783;-0.153763573;0.007592123;-0.5377956;2.068816131;-0.084948325;-0.983097564;0.016613234;0.22818578;-0.027749332;0.075667042;0.141930208;walk;6;
23.795;-0.349598162;-0.52314922;0.345852852;-2.146478678;3.755226257;1.387450687;-0.384051149;-0.16005551;0.609105478;-0.130375699;2.663923743;0.195412894;-0.866849145;-0.099105963;-0.02302691;-0.233414456;1.154186986;-0.036072891;-0.914664682;-0.101863188;0.240373345;0.122098082;-0.000417563;0.111149399;walk;6;
23.895;-0.543821735;-0.701431077;0.714655987;-1.60553223;3.617500726;1.383369672;-0.782686461;-0.143490785;0.455545874;0.074091671;3.905715598;-0.120741564;-0.814606143;-0.115770566;-0.158496636;0.139289075;-0.044122963;-0.034416653;-0.944509895;-0.072350008;0.278194292;0.138309948;0.064768696;-0.026783073;walk;6;
23.995;-1.083127713;-0.607645511;0.656367024;-2.401349091;2.537317182;-1.06441558;-1.161501679;-0.067742872;0.22558999;-0.097827957;2.846727994;0.000358527;-0.885904014;-0.11101937;-0.46268343;-0.085573356;-0.552508562;-0.032079604;-0.913440448;-0.061324166;0.323168417;0.207873373;-5.17031E-05;-0.010126105;walk;6;
24.095;-0.702488631;-0.286769959;0.692764253;0.071071939;-0.445448869;-0.276069739;-1.151490201;-5.79E-02;-0.008471146;0.214302133;-0.274685048;0.163710116;-0.993305165;-0.07695002;-0.475226817;0.165801046;-0.410922612;0.212236532;-1.017136897;-0.072892095;0.309041082;0.187406151;-0.013274754;0.162957886;walk;6;
24.195;-0.312700155;-0.368531427;1.043717169;0.120298831;-0.634070223;-0.025839879;-1.02537188;-0.038644309;0.050323982;0.112397924;-0.877232551;0.285949947;-0.986292374;-0.053108705;-0.270017103;0.024638785;-0.46344124;0.305723002;-1.023611475;-0.118641051;0.282849913;0.162900495;-0.023708454;0.207357644;walk;7;
24.295;-0.250179556;-0.264845348;0.933353972;-0.60396477;-0.169771487;-0.307749133;-0.974547848;0.015107842;0.102903227;-0.158638455;-0.647040843;0.300234865;-0.949195492;0.001858505;-0.201185721;-0.241444807;-0.799952866;0.239290211;-0.948010859;-0.079014652;0.188315088;0.123323064;-0.021074466;0.043319578;walk;7;
24.395;-0.258820501;-0.168516091;0.958807557;-0.529565104;-0.115391461;-0.201807341;-0.988750385;0.050302474;0.117909208;-0.207065222;-0.599476014;0.231559484;-0.974222152;0.07225221;-0.141771244;-0.264759063;-0.683625069;0.162492549;-0.979423038;-0.004680511;0.117726895;0.153316873;-0.041497178;-0.11700143;walk;7;
24.495;-0.256834633;-0.152417487;0.957837525;-0.438028658;-0.091804704;-0.154603392;-0.987439653;0.060781154;0.207622882;-0.261568738;-0.450963359;0.13278448;-0.999988929;0.064325169;-0.06434124;-0.288204666;-0.666329899;0.056551428;-0.978101783;-0.025751785;0.174306098;0.298619359;0.025224375;-0.237424173;walk;7;
24.595;-0.281240769;-0.045792303;0.98134236;-0.225556261;-0.089830304;-0.020232989;-0.992556328;0.073841809;0.13948384;-0.245220663;-0.416616849;0.030875714;-0.988654682;0.110831322;-0.081909865;-0.245049067;-0.566697806;-0.032724806;-0.964416841;-0.029453202;0.221182103;-0.015402221;-0.008328652;-0.188510147;walk;7;
24.695;-0.275769212;-0.102159544;0.948108892;0.174903122;-0.029985207;0.154095271;-0.957842333;0.070952558;0.249303586;0.008476393;-0.475164882;-0.068501428;-0.969711353;0.075198688;-0.018178713;0.024833922;-0.591758862;-0.064150882;-0.980874143;0.061911056;0.244626642;-0.203089357;0.15188953;-0.086888563;walk;7;
24.795;-0.255150626;-0.109988136;0.967727147;-0.085565863;-0.121587574;0.063262702;-0.99478899;0.054723144;0.254557093;-0.420588705;-0.466099106;-0.136967365;-1.000504679;0.060408688;0.013302951;-0.380776167;-0.801205397;-0.225351706;-0.883544589;0.06851497;0.358816825;-0.287861623;0.273620015;0.042933268;walk;7;
24.895;-0.25689677;-0.081353334;1.02701915;0.422199763;-0.454566091;0.068133119;-1.067784415;0.002182758;0.206378228;-0.075498488;-0.682169706;-0.333916792;-1.061959109;0.090393551;0.044181221;-0.006461637;-0.627604696;-0.34183169;-0.952499667;0.082106049;0.369919349;-0.303973656;-0.021839533;0.048436651;walk;7;
24.995;-0.22098811;-0.09501041;1.01522229;1.481947387;-1.44810308;-0.108883985;-1.136218364;0.032964774;0.103349107;0.86394568;-1.165395044;-0.544746951;-1.103548389;0.06208178;-0.109952568;0.96966334;-0.14815599;-0.312919105;-1.06294028;-0.002162151;0.291870598;-0.328300508;-0.020643556;-0.0470434;walk;7;
25.095;-0.304138587;-0.313602503;0.812798473;1.4607503;-3.201965147;-0.501554666;-1.048126963;-0.028355881;0.248391396;0.234378946;-1.861328565;-0.306362511;-1.023025626;-0.15733807;-0.22344475;0.347958322;1.140390306;-0.210449109;-0.968727566;-0.035986483;0.156448098;-0.432070808;0.063394332;0.061360881;walk;7;
25.195;-0.874704915;-0.392644805;0.871120236;1.070130321;-3.755498889;-0.071103231;-0.845286479;-0.098240642;0.637549223;-0.468392084;-1.670307848;0.112323683;-1.155500725;-0.170568673;-0.064641273;-0.410280507;2.152128494;-0.272420814;-0.99126197;-0.033018851;0.178961389;-0.288239978;0.102059482;0.117399768;walk;7;
25.295;-0.487226837;-0.525788098;0.847940855;-0.24963789;0.652421094;1.381321643;-0.402560794;-0.144869403;0.692043828;-0.370639322;0.469542679;0.462951817;-1.088470298;-0.142325614;-0.006367413;-0.583544028;1.998130036;-0.119886201;-0.934232664;-0.000049504;0.287844675;-0.013793794;0.072856852;0.256606246;walk;7;
25.395;-0.264293435;-0.506216486;0.623985612;-1.700552784;3.646317909;1.417598216;-0.433789256;-0.131006602;0.529871894;-0.098132789;3.142129804;0.220143197;-0.847476229;-0.07429771;-0.028619329;-0.239651906;1.016740109;0.012656783;-0.919085477;-0.116369852;0.29901835;0.126132459;0.037336983;0.131701118;walk;7;
25.495;-0.657789839;-0.69914792;0.894656169;-1.857125138;3.616859008;0.885341887;-0.920289021;-0.097153011;0.367708402;-0.022602822;4.184169036;0.018892669;-0.797801839;-0.105776024;-0.24495597;-0.03142929;-0.076635462;0.003595488;-0.885249669;-0.093748204;0.35967616;0.136270342;0.055718908;-0.149048376;walk;7;
25.595;-1.052777633;-0.482266817;0.667630012;-2.173579938;2.109979307;-1.190651512;-1.173834975;-0.072581542;0.111288567;-0.178682371;2.400543565;0.142518023;-0.891633915;-0.069656603;-0.495860418;-0.212327187;-0.327108001;0.068322812;-0.902549678;-0.025213622;0.3788012;0.234621652;-0.049449396;-0.120802503;walk;7;
25.695;-0.515095826;-0.274060088;0.730571746;0.292768874;-0.615411512;-0.632712394;-1.119973418;-0.126985204;-0.073020159;0.669619725;-0.410676367;0.14118517;-0.97863184;-0.109358708;-0.45988337;0.620452752;-0.315335462;0.288400082;-0.992322118;-0.062683898;0.396530744;0.321404229;-0.105344819;0.04813896;walk;7;
25.795;-0.322100356;-0.37704138;1.073272215;0.312918707;-0.967214461;-0.121774839;-1.034708325;-0.050848596;0.000809461;0.236741937;-0.924400877;0.252853126;-0.980041892;-0.096526195;-0.333739666;0.159940745;-0.441044782;0.304817483;-1.026491102;-0.146867984;0.347969209;0.267157013;-0.098909608;0.141609421;walk;7;
25.895;-0.267874141;-0.216210822;0.950427487;-0.39602527;-0.222597261;-0.298091123;-0.965232543;0.016193464;0.060740542;0.024206433;-0.745186627;0.297724313;-0.935663232;0.010356596;-0.216559803;-0.063368272;-0.754835631;0.291936309;-0.94676012;-0.037116482;0.183570615;0.188785976;-0.064905429;-0.017373561;walk;7;
25.995;-0.274933713;-0.183107919;0.961426122;-0.414538861;-0.096694681;-0.188713699;-0.985205331;0.042175029;0.116052349;-0.029746582;-0.683861206;0.279681421;-0.970049844;0.053274346;-0.157849971;-0.109773369;-0.64206728;0.258937425;-0.96514576;0.031045054;0.137206062;0.31367871;0.03866732;0.081728581;walk;7;
26.095;-0.245644251;-0.162812101;0.963697863;-0.394022455;-0.080229257;-0.103527889;-0.995468645;0.071894928;0.212746651;-0.195507765;-0.492191081;0.17212873;-1.005126955;0.076270955;-0.083445124;-0.236925948;-0.69159231;0.109439005;-0.983371369;-0.145992368;0.269598384;0.183383805;0.019595365;-0.162862504;walk;7;
26.195;-0.269462052;-0.071845257;0.957289711;-0.4659869;-0.100794495;-0.072199145;-0.980172829;0.080691942;0.141260913;-0.443054133;-0.406982056;0.08269891;-0.968774617;0.094878159;-0.107953453;-0.449537238;-0.670207706;-0.035013415;-0.902084134;0.000359323;0.273137417;-0.203082034;-0.093070454;-0.129779561;walk;8;
26.295;-0.286156364;-0.012631551;0.984320123;0.018628452;-0.049294221;0.074831041;-0.986450732;0.072076551;0.148316997;-0.080667327;-0.541319309;-0.033738471;-0.978249469;0.11915033;-0.067651803;-0.070043628;-0.630980723;-0.052746092;-0.95473035;0.064220416;0.261057129;-0.263901808;0.026291536;0.058741025;walk;8;
26.395;-0.263870552;-0.102390324;0.956285593;0.331645282;-0.068605502;0.159062047;-0.96180209;0.069095061;0.281182935;0.127161728;-0.625496807;-0.12553308;-0.980193443;0.071622649;0.022830116;0.153315279;-0.679460897;-0.091568234;-0.903937756;0.043843429;0.327294623;-0.168339776;0.037622251;0.095846987;walk;8;
26.495;-0.231782402;-0.115608598;1.007330116;0.236361297;-0.331982693;0.01306217;-1.047421357;0.045526163;0.30826724;-0.146112972;-0.642498283;-0.233142312;-1.063962928;0.078508115;0.067699042;-0.089458225;-0.774421586;-0.260366116;-0.996816567;0.001593847;0.343614181;-0.074210606;-0.132091332;-0.04773429;walk;8;
26.595;-0.233695312;-0.095458733;1.025502623;0.96755673;-1.307330544;-0.180080323;-1.125130902;0.018866533;0.170118226;0.429173603;-0.933136687;-0.442289768;-1.111014784;0.093210456;-0.023065186;0.520136624;-0.514243484;-0.327545004;-1.051421837;-0.01673403;0.323531623;-0.150716696;-0.082623319;-0.238085582;walk;8;
26.695;-0.288685252;-0.215950786;0.834967132;1.391013549;-2.608525198;-0.460666848;-1.024213074;0.036140056;0.177490363;0.491227421;-1.576454976;-0.388848135;-0.992885922;-0.067988973;-0.194913688;0.595455293;0.460049633;-0.215990609;-0.981983118;-0.012922672;0.160777047;-0.271362981;-0.044133885;-0.129905655;walk;8;
26.795;-0.738502747;-0.337446558;0.78102402;0.655634704;-4.038799897;-0.490498398;-0.975213076;-0.098836889;0.471228989;-0.548634512;-1.923387624;-0.015632305;-1.088612864;-0.154855696;-0.099324609;-0.429450671;1.738987998;-0.351507034;-0.971024368;-0.05614315;0.119444317;-0.247276123;0.050452755;-0.079095877;walk;8;
26.895;-0.832710168;-0.402542562;1.06863774;0.803096281;-1.143153418;1.420171228;-0.554870899;-0.079046333;0.707989262;-0.375476106;-0.554308857;0.266663353;-1.162877911;-0.121361356;0.003366511;-0.435994849;2.179697533;-0.173023505;-0.989350628;0.036049305;0.188282458;-0.086645177;-0.002404578;0.095156983;walk;8;
26.995;-0.223958412;-0.477750205;0.605812497;-0.918852739;3.200808765;2.231719063;-0.409475019;-0.128288465;0.607807026;0.003096522;2.332637876;0.205837319;-0.985776829;-0.065110634;0.008045772;-0.180725827;1.545362041;0.092047715;-0.943804691;-0.041408519;0.230587986;0.180256103;0.033545345;0.261213251;walk;8;
27.095;-0.465847718;-0.665324873;0.791845556;-1.983559412;3.920645178;1.18500164;-0.737555927;-0.116499961;0.472821698;0.2143863;4.147831434;-0.090420901;-0.804448554;-0.108570407;-0.114835358;0.204845937;0.533223997;0.103156634;-0.917690008;-0.115065471;0.286504416;0.151218866;-0.00757009;0.055968242;walk;8;
27.195;-1.035168689;-0.644775482;0.783579352;-2.617522608;2.961238286;-1.146537223;-1.120922508;-0.072761447;0.273392384;0.038884308;3.411716178;0.012010108;-0.843554057;-0.099841006;-0.399211354;0.031270121;-0.248689375;0.033850617;-0.92553605;-0.032223902;0.333200672;0.298205674;0.046583974;-0.085751324;walk;8;
27.295;-0.865931865;-0.28753525;0.544721038;-0.380767522;0.064052989;-0.995467273;-1.116270262;-0.078594084;0.060772235;0.466194426;0.152334588;0.10498913;-0.925619225;-0.077611544;-0.458780767;0.425467993;-0.30768711;0.216937107;-0.948837992;-0.071421054;0.347389162;0.351177837;0.001017666;0.034098086;walk;8;
27.395;-0.311567311;-0.322933274;1.122564691;0.40209055;-1.178740187;-0.148660391;-1.092237363;-0.042843279;-0.028363068;0.26865788;-0.949568591;0.232362924;-1.028839949;-0.076224156;-0.369556728;0.191368507;-0.3233888;0.297268042;-1.079432152;-0.188252749;0.304459665;0.16793629;-0.020356511;0.163237064;walk;8;
27.495;-0.279313118;-0.260848527;0.949032057;-0.222336548;-0.267472446;-0.219664337;-0.959386727;-0.004910785;0.116393906;0.121235207;-0.72275567;0.297137883;-0.940141186;-0.015536129;-0.206978502;0.020203183;-0.706503158;0.320324846;-0.946259506;-0.040266957;0.226190929;0.115227975;-0.058222796;-0.082013326;walk;8;
27.595;-0.259285507;-0.205293154;0.960622977;-0.311278224;-0.105718897;-0.203850389;-0.987147565;0.018933745;0.091327984;0.075188299;-0.674810497;0.264764423;-0.962248662;0.030605179;-0.20205373;-0.012201249;-0.643113912;0.274990376;-0.960895599;0.016726545;0.118680533;0.160140453;-0.010525021;-0.026092651;walk;8;
27.695;-0.246154607;-0.198997809;0.947420677;-0.434521885;-0.086302152;-0.178437893;-0.981854386;0.056808774;0.222986678;-0.131829542;-0.511931559;0.219057138;-0.994554943;0.052265813;-0.102780983;-0.194192922;-0.63461006;0.166928877;-0.974442887;-0.051174642;0.193007105;0.313804935;-0.001773692;-0.120055724;walk;8;
27.795;-0.266539762;-0.09935394;0.961901295;-0.527383221;-0.09552228;-0.155221087;-0.982184676;0.083575346;0.198682535;-0.385435701;-0.336840401;0.136736926;-0.987734356;0.090874164;-0.090608031;-0.408844476;-0.694810563;0.019238917;-0.962438303;-0.035201213;0.23040997;-0.014642793;-0.053330551;-0.141421546;walk;8;
27.895;-0.281011518;-0.023973137;0.975827738;-0.19083605;-0.050942005;0.036244975;-0.98584804;0.082283645;0.132432259;-0.236381424;-0.417832062;0.03949914;-0.9712146;0.117832397;-0.107676818;-0.238530119;-0.618497736;-0.02395893;-0.935852134;0.011330331;0.25591552;-0.286463089;-0.027228003;-0.012083001;walk;8;
27.995;-0.262188829;-0.07348928;0.962911243;0.150528329;-0.074839036;0.12919133;-0.972263626;0.066522113;0.233152911;0.007627405;-0.57467347;-0.04980408;-0.977671775;0.074537321;-0.035272705;0.019730873;-0.664715968;-0.046286841;-0.938986187;0.090532401;0.280914403;-0.350781587;0.126723308;0.186700706;walk;8;
28.095;-0.25920731;-0.101020176;0.977197886;0.043098239;-0.223670124;0.068817126;-0.992378226;6.64E-02;0.299786857;-0.282171434;-0.638699327;-0.128606344;-1.004485331;0.072610984;0.032778359;-0.243867201;-0.772645386;-0.191537842;-0.954882507;-0.011165581;0.316456844;-0.244968944;0.133180698;0.152989709;walk;8;
28.195;-0.229799528;-0.041526862;1.047913219;0.499538029;-0.883830932;0.098021278;-1.120827596;0.047474185;0.249586365;-0.05694297;-0.824307248;-0.284084041;-1.12551938;0.111141404;0.031605935;0.011230113;-0.648457354;-0.288531895;-1.016632356;-0.046636834;0.401750063;-0.48560094;0.012895071;0.016529941;walk;9;
28.295;-0.223699306;-0.143331155;0.92595554;1.069024795;-2.335460532;-0.255276485;-1.098359966;0.006995545;0.197169289;0.315564993;-1.294446563;-0.421184389;-1.083922545;0.001207663;-0.106388522;0.426806983;-0.044196672;-0.309207394;-1.033691556;0.027116566;0.292186432;-0.517329276;-0.087362436;-0.124620075;walk;9;
28.395;-0.61513468;-0.269856485;0.719875718;0.384247568;-3.838176657;-0.700446462;-0.98335442;-0.093819038;0.306326305;-0.329482471;-1.71062927;-0.233924168;-0.982732624;-0.174387175;-0.16135751;-0.174572439;1.050499324;-0.381444081;-0.94274931;-0.006288217;0.108973113;-0.275675557;-0.008781922;-0.02116402;walk;9;
28.495;-1.025824061;-0.19465263;1.02489547;0.355058738;-2.940190241;0.490114588;-0.81098341;-0.079221148;0.582254657;-0.523725074;-1.493825212;0.076469324;-1.114132068;-0.132379403;-0.083000642;-0.416599894;2.066421665;-0.340036322;-0.979259183;-0.070624961;0.156474312;-0.116892595;0.118286618;-0.030001956;walk;9;
28.595;-0.439637682;-0.24515863;0.846949921;-0.304369495;1.780671475;1.551784434;-0.44857854;-0.11688439;0.668381813;-0.32816216;0.715234815;0.436658453;-1.09023299;-0.146646667;-0.060663375;-0.541217915;2.026575101;-0.096292783;-0.962740336;0.00698101;0.274632479;0.13006488;0.174445547;0.088334227;walk;9;
28.695;-0.313095345;-0.407841683;0.772874521;-1.066931678;3.932597762;1.762117838;-0.515362799;-0.106969995;0.510091023;-0.102409483;3.323510822;0.430815564;-0.883028004;-0.073112262;-0.073303441;-0.423672794;1.255354521;0.114213439;-0.887058014;-0.094365037;0.33095377;0.210887855;0.100730507;0.065892764;walk;9;
28.795;-0.65269256;-0.699398339;1.003937759;-1.421143343;3.845610215;1.109808722;-0.936648893;-0.129826787;0.333066651;0.168126315;4.534315788;0.109983649;-0.772126447;-0.100496867;-0.223590019;0.051043077;0.148144818;0.184518307;-0.886852579;-0.059994222;0.348590863;0.246616404;0.097327632;-0.121327198;walk;9;
28.895;-1.424519444;-0.482590419;0.429652981;-1.68476731;1.877854553;-1.610600313;-1.218042508;-0.093383363;0.215932078;0.425989617;2.088789319;0.059126617;-0.880420428;-0.056848466;-0.494397955;0.385692435;-0.185879343;0.181809807;-0.892729099;-0.033357686;0.415067999;0.444260311;0.008466848;-0.173281519;walk;9;
28.995;-0.478900253;-0.403678316;0.90052386;0.760018914;-1.2151565;-0.730575083;-1.136036687;-0.114770356;0.023490804;0.936604756;-0.946549151;0.134026532;-1.025264275;-0.16365696;-0.439547268;0.858808161;-0.423701696;0.393864759;-1.042440928;-0.064591289;0.455094475;0.483979782;-0.181038804;-0.004769382;walk;9;
29.095;-0.407833475;-0.377345252;1.022101944;0.123750481;-0.51157935;-0.250985395;-0.990290315;-0.038904953;0.115769851;0.373221342;-0.986529183;0.309918406;-0.960663583;-0.072328838;-0.253610785;0.250657515;-0.77637945;0.414725515;-1.00348685;-0.130906828;0.291347562;0.312832762;-0.160880348;0.108901211;walk;9;
29.195;-0.251150574;-0.293644633;0.929310175;-0.36846027;-0.075302879;-0.185236711;-0.973530347;0.012251304;0.116651865;0.0942073;-0.802078299;0.345171295;-0.944988152;0.014479587;-0.19586912;-0.023165412;-0.960669153;0.357400384;-0.94374184;-0.038056558;0.119361949;0.135369479;-0.081624653;0.009398894;walk;9;
29.295;-0.242255319;-0.230459784;0.935625408;-0.525255138;-0.07677155;-0.177188531;-0.973672283;0.050818913;0.217041209;-0.162713591;-0.634897437;0.269263926;-0.984559336;0.04804126;-0.089651981;-0.238460344;-0.840551544;0.206093086;-0.965786592;0.040618146;0.135877803;0.214186844;-0.04622348;-0.058091305;walk;9;
29.395;-0.254649275;-0.161340402;0.965233466;-0.543955914;-0.145968983;-0.101839095;-0.997132264;0.06417762;0.209416322;-0.412552032;-0.456422007;0.177757051;-1.001522068;0.07466095;-0.068982719;-0.446263699;-0.849222969;0.055348365;-0.975613622;-0.07939962;0.229796527;0.029914664;-0.026737747;-0.128488314;walk;9;
29.495;-0.277808708;-0.088755403;0.953213596;-0.418665676;-0.171206099;-0.06331783;-0.975692078;0.074550968;0.214058515;-0.467007834;-0.457088732;0.060839451;-0.978747979;0.08360713;-0.027326175;-0.468145537;-0.84251098;-0.053824354;-0.933434239;0.063139885;0.241732055;-0.144472475;0.022525758;-0.043904121;walk;9;
29.595;-0.28508674;-0.045583934;0.981699615;-0.184637636;-0.282054306;0.00315717;-1.006462171;0.05812947;0.21231552;-0.388808195;-0.562401043;-0.040223823;-1.00749231;0.09082149;0.016469329;-0.371955555;-0.799136981;-0.121160229;-0.931797795;0.055820529;0.291458766;-0.232160236;0.0983524;0.20123107;walk;9;
29.695;-0.303703368;-0.058732002;0.986492149;0.270365769;-0.562056622;-0.002709604;-1.0152522;0.045322742;0.270962626;-0.035965782;-0.725851102;-0.209715429;-1.022353291;0.097484971;0.080994608;0.00693114;-0.67807644;-0.212550269;-0.950537001;-0.023403245;0.359386376;-0.285681686;-0.042995678;0.156766923;walk;9;
29.795;-0.290262668;-0.04209827;1.006391895;0.851190255;-1.28991161;-0.070933616;-1.108858921;0.04808565;0.174787847;0.338759842;-1.034997068;-0.428142182;-1.089980362;0.110857575;-0.023044766;0.426045291;-0.445566913;-0.338070084;-1.053797767;-0.06797098;0.33229326;-0.475220022;-0.075735074;-0.204814548;walk;9;
29.895;-0.376823044;-0.200772434;0.807473984;1.164806235;-2.771160661;-0.215702968;-0.980543438;0.014055373;0.317256115;0.297236156;-1.576457273;-0.342438437;-1.015622647;-0.099509813;-0.065213039;0.399035098;0.429414491;-0.239749671;-0.979412894;0.019917249;0.215865043;-0.622072515;-0.008176251;-0.176802004;walk;9;
29.995;-0.775503457;-0.256286697;0.696925738;0.523644866;-3.536889773;-0.131706046;-0.893454705;-0.101634415;0.465163668;-0.48823416;-1.703253972;-0.051820718;-1.015927609;-0.116022686;-0.012249893;-0.376857329;1.204968183;-0.313893685;-0.978722461;0.043584299;0.093115941;-0.186537902;0.033075021;-0.129792035;walk;9;
30.095;-0.977406894;-0.367752536;0.96823331;1.229871888;-1.923105076;1.039968891;-0.717855708;-0.063201723;0.66510877;-0.101704395;-1.006402723;0.069224626;-1.142822682;-0.110420857;-0.049181675;-0.123110256;1.992605731;-0.042848353;-0.980729623;-0.030661072;0.164400106;-0.009378132;0.088068283;0.048800066;walk;9;
30.195;-0.368806839;-0.440363097;0.657321941;-0.677951925;2.480618563;1.753100566;-0.438426055;-0.121965817;0.700070709;-0.047951536;1.296465725;0.28533969;-1.082599963;-0.12126501;-0.036396236;-0.278021837;1.970421201;0.082076129;-0.962736438;-0.000459602;0.236298111;0.184507623;-0.019380269;0.103475482;walk;10;
30.295;-0.339954705;-0.506203677;0.74872885;-1.843454564;4.008467483;1.402958265;-0.543698713;-0.093151657;0.557700461;0.058132807;3.745924696;0.17341063;-0.887339411;-0.070583954;-0.03294892;-0.117005251;1.094259728;0.136476371;-0.936162874;-0.034840694;0.273511504;0.299765582;-0.016359872;0.049944035;walk;10;
30.395;-0.96930181;-0.607634412;0.935796725;-2.498389336;3.748327682;-1.041821848;-1.059792666;-0.100947775;0.370640655;0.39534862;4.184945825;-0.048384064;-0.821900346;-0.0559148;-0.274561776;0.350921627;0.031231464;0.171941838;-0.932429851;-0.070268286;0.33531376;0.233664024;0.03765307;-0.016650541;walk;10;
30.495;-1.332955249;-0.406270375;0.424322197;-0.55013399;1.036379357;-0.909971609;-1.105258206;-0.045064155;0.322333194;0.493286908;1.000011855;0.031328676;-0.857032357;-0.122053541;-0.450133949;0.453495261;-0.300345696;0.204660868;-0.89731638;0.006005186;0.379308153;0.314465786;0.007573682;0.009489764;walk;10;
30.595;-0.206844726;-0.297148611;1.065367033;0.456692144;-1.099540292;0.187630254;-1.119978523;-0.07304779;-0.029071165;0.085751586;-0.781336469;0.203851126;-1.035874982;-0.09605133;-0.414061714;0.015145452;-0.450088628;0.219802292;-1.05167023;-0.102207555;0.310393246;0.383666035;-0.12669089;0.178033942;walk;10;
30.695;-0.314726963;-0.227619683;0.971742942;-0.198058142;-0.396184129;-0.237788107;-0.969045607;0.003661951;0.143559451;0.06464998;-0.56022772;0.271904807;-0.960323241;-0.010807601;-0.206399068;-0.030730457;-0.761306702;0.277953795;-0.997231438;-0.102786344;0.26778545;0.177134923;-0.092276048;0.110309779;walk;10;
30.795;-0.265463682;-0.220554482;0.957887912;-0.548036017;-0.16276064;-0.254061253;-1.001892774;0.017935647;0.035738192;-0.146576177;-0.499323451;0.303613018;-0.949024009;0.016582826;-0.262410215;-0.23106319;-0.859576639;0.246106296;-0.921625894;-0.08687737;0.175669238;0.101531195;-0.07741407;0.048159467;walk;10;
30.895;-0.267886432;-0.12197562;0.964062653;-0.477049173;-0.089174158;-0.19097785;-0.986734367;0.063262071;0.143396573;-0.166138691;-0.544442066;0.220640615;-0.982345285;0.083216267;-0.116423546;-0.221741918;-0.633407262;0.16465691;-0.996399389;0.015359537;0.1126374;0.210752174;-0.053139911;-0.07034634;walk;10;
30.995;-0.268826007;-0.083366854;0.963418569;-0.371209202;-0.072253708;-0.136070062;-0.986759512;0.090998856;0.193202676;-0.219013883;-0.398443201;0.112699196;-0.996453445;0.105540572;-0.064094373;-0.24144715;-0.605251603;0.050119693;-0.959392411;-0.069561987;0.205838873;0.13474728;-0.077691776;-0.170265374;walk;10;
31.095;-0.282497755;-0.024525331;0.970533388;-0.095785674;-0.037598316;-0.000753296;-0.97927319;0.089277489;0.159653936;-0.094928449;-0.388485609;0.019455167;-0.980215423;0.113941789;-0.072608807;-0.096803785;-0.534010205;-0.005143451;-0.973961296;0.000732703;0.197095226;-0.040484029;-0.083119507;-0.216349721;walk;10;
31.195;-0.26707497;-0.070518452;0.954009258;0.040777591;-0.012297096;0.080559986;-0.965194848;0.070548585;0.236195478;-0.059704486;-0.436001215;-0.036394373;-0.978163115;0.065871299;-0.024091561;-0.049377017;-0.566562326;-0.049386868;-0.955604245;0.043875541;0.244967105;-0.212901713;0.035765341;-0.033838848;walk;10;
31.295;-0.260014158;-0.060963758;0.976602307;-0.04747042;-0.11592532;0.061949458;-0.992797617;0.066570131;0.254875895;-0.283967533;-0.471818694;-0.084176855;-1.003648975;0.078665982;0.02009757;-0.258630277;-0.682867859;-0.144647868;-0.937772206;0.050372066;0.293185483;-0.30288342;0.093287258;0.179479814;walk;10;
31.395;-0.26320907;-0.060535776;0.989674285;0.168139558;-0.403971527;0.043490129;-1.021800156;0.05749223;0.280999163;-0.23762855;-0.56423741;-0.222320968;-1.027415933;0.088554692;0.0645467;-0.188461375;-0.745868275;-0.265524941;-0.950588386;0.038191259;0.337491797;-0.278346771;0.000280469;0.134714578;walk;10;
31.495;-0.263184377;-0.030716724;1.027511717;0.699795848;-1.121683413;-0.082837551;-1.110779715;0.022947527;0.165300781;0.204613465;-0.894788198;-0.438232798;-1.090328514;0.110972937;0.000559764;0.289002227;-0.534986484;-0.384992667;-1.062259923;-0.017797994;0.302323122;-0.298708852;-0.075440113;-0.159681484;walk;10;
31.595;-0.286211315;-0.112889288;0.889824823;1.399608833;-2.436347517;-0.358490146;-1.048156222;0.028865175;0.190820007;0.775029707;-1.466984712;-0.476816033;-1.04826838;-0.036337386;-0.095832268;0.878868885;0.212173364;-0.231822616;-1.008102332;-0.007782958;0.215977357;-0.389779164;0.001795907;-0.100517982;walk;10;
31.695;-0.686917614;-0.279871159;0.744583685;0.631070881;-3.81355057;-0.340843227;-0.960707785;-0.064595418;0.410443744;-0.358677268;-1.887452711;-0.074702781;-1.018177101;-0.166390056;-0.110450955;-0.263163974;1.390892104;-0.276851385;-0.961935707;-0.035185934;0.088802838;-0.270171298;0.048104711;-0.000699259;walk;10;
31.795;-0.94231743;-0.325949678;1.023112713;0.687606528;-2.421049133;0.805425364;-0.692937999;-0.085792181;0.678323189;-0.457206815;-1.141837608;0.263208691;-1.160867226;-0.133758845;-0.005730248;-0.496770689;2.162434208;-0.201342895;-0.992593162;-0.033780549;0.135959953;-0.152702939;0.070172206;0.043442865;walk;10;
31.895;-0.341743732;-0.402676089;0.741943809;-0.674173195;2.703594965;2.061032448;-0.398001544;-0.11498778;0.657791073;-0.212092118;1.521088393;0.43575084;-1.07196676;-0.085647921;0.015410692;-0.485571;1.932347725;0.005871214;-0.954669745;-0.017078716;0.204635411;0.100006539;0.003275664;0.137870868;walk;10;
31.995;-0.39025572;-0.586491836;0.716288094;-1.50330271;4.045168172;1.889744426;-0.593911348;-0.122954401;0.542181298;0.116015429;3.973771166;0.143489261;-0.852116174;-0.084776717;-0.028515223;-0.053216999;0.923579917;0.169274276;-0.95284757;-0.10341575;0.23650442;0.114028607;0.036541424;0.125053393;walk;10;
32.095;-0.959470016;-0.720932422;0.822138791;-2.331839848;3.258689274;-0.529084363;-1.088141162;-9.93E-02;0.371528507;0.19757169;3.840597332;-0.015942402;-0.844374301;-0.083214214;-0.308509364;0.174054529;0.003058614;0.088623633;-0.930170504;-0.015268861;0.283603879;0.277853532;0.073324326;-0.131843096;walk;10;
32.195;-1.140409559;-0.434520385;0.478183323;-0.737233635;0.808131447;-1.110769185;-1.10650926;-0.06224341;0.236139612;0.451849945;0.873730843;0.040144315;-0.885093819;-0.090805209;-0.430995752;0.416313084;-0.228719469;0.182609109;-0.939459987;-0.116380291;0.357959493;0.287575057;0.036579929;-0.037037108;walk;11;
32.295;-0.254938262;-0.395615184;1.018613622;0.422195134;-0.963304665;0.142188108;-1.096100284;-0.080487748;0.027175054;0.072626354;-0.676767425;0.199695427;-1.027304142;-0.136787745;-0.379940219;0.00872901;-0.523638585;0.211390221;-1.040821969;-0.040481343;0.32218655;0.181026511;-0.10828121;0.105697526;walk;11;
32.395;-0.284360098;-0.291301157;0.970286971;-0.753972478;-0.215091818;-0.266712648;-0.996792856;-0.005976699;0.068638195;-0.411070712;-0.624583888;0.251398898;-0.946066938;-0.02126068;-0.266838864;-0.468226334;-0.759720058;0.114491781;-0.99909084;-0.084827936;0.230539728;0.139766654;-0.069730318;0.052398217;walk;11;
32.495;-0.197318784;-0.045362747;0.965235516;-0.81981176;-0.17409272;-0.366147718;-0.989089818;0.053525223;-0.006535815;-0.458422223;-0.595028891;0.200328106;-0.947609532;0.08366963;-0.224217703;-0.496495816;-0.732410781;0.060614759;-0.922989308;0.017943679;0.104474122;0.246181353;-0.063533184;-0.125944824;walk;11;
32.595;-0.258161596;0.015816385;1.00776994;0.215431973;-0.245819807;0.01593366;-0.993632049;0.08705767;0.082791913;0.325325096;-0.566247611;0.11543547;-0.992450062;0.138087198;-0.133305104;0.278195482;-0.465904679;0.204897664;-1.012620921;0.005044737;0.125157119;0.29944373;-0.029498243;-0.118492149;walk;11;
32.695;-0.265055847;-0.267943811;0.937177785;0.367451608;-0.065047856;0.109863246;-0.977124973;0.02067157;0.230823068;0.409278098;-0.476253184;0.055044754;-0.982651514;-0.006899042;-0.114886441;0.375603797;-0.541952209;0.171779284;-0.950102795;0.003633546;0.238547271;0.232190012;0.049265602;-0.13921273;walk;11;
32.795;-0.242282183;-0.168837904;0.941825741;-0.40195021;-0.076059053;-0.054668422;-0.973480739;0.063148594;0.221480977;-0.397659902;-0.410687864;0.064941464;-0.978871874;0.040152385;-0.088800567;-0.400422466;-0.645764604;-0.046312208;-0.954087939;0.008319974;0.249954685;0.00786025;0.009131619;0.037089292;walk;11;
32.895;-0.27242564;-0.066386657;0.974163958;-0.304100047;-0.068525605;-0.005568352;-0.98170516;0.073353171;0.187198184;-0.446485886;-0.448212038;-0.015444558;-0.976608395;0.10158179;-0.052572139;-0.428911583;-0.751654094;-0.126168383;-0.911060567;-0.009110959;0.30968018;-0.229027554;0.090471187;0.19479351;walk;11;
32.995;-0.269474564;-0.0628657;0.985482963;0.212628824;-0.078577714;0.124704404;-0.984204291;0.06138;0.235963995;-0.068120041;-0.581144495;-0.159114225;-0.988126619;0.104549634;0.022313771;-0.030894926;-0.776307781;-0.17089216;-0.923985194;-0.016871921;0.322216815;-0.350923047;-0.041562964;0.060000783;walk;11;
33.095;-0.20833772;-0.141441597;1.009561017;0.490135403;-0.425444728;0.100278857;-1.071223285;0.035105058;0.272356931;-0.050454508;-0.722877933;-0.334981757;-1.065644385;0.076523688;0.042857607;0.019706802;-0.807462451;-0.338096651;-1.018610093;0.056447278;0.28983686;-0.317974478;-0.123119196;-0.209970274;walk;11;
33.195;-0.194222007;-0.082756993;1.045969844;1.351900163;-1.711262018;-0.28473188;-1.16767509;-0.019293191;0.133034253;0.736056984;-1.162799476;-0.527062186;-1.16457937;0.039684058;-0.024570796;0.837492764;-0.30333414;-0.328485777;-1.131139252;0.078942755;0.216487027;-0.235743962;0.006182783;-0.210650797;walk;11;
33.295;-0.379047243;-0.342359713;0.731189993;1.429242388;-3.175840322;-0.590854089;-0.948605282;-0.002258519;0.262821433;0.289086197;-1.744676028;-0.294331828;-0.934787568;-0.147083378;-0.171345801;0.388359709;0.87936376;-0.194742535;-0.905154943;-0.039238956;0.109385723;-0.212626964;0.01581724;0.034431047;walk;11;
33.395;-0.822237481;-0.354619228;0.793716119;0.925155035;-3.828277547;-0.29313715;-0.888893403;-0.094053157;0.576389515;-0.482468234;-1.773681325;0.043112598;-1.128699524;-0.131678548;-0.04351503;-0.391145542;1.966391063;-0.293964856;-1.019852565;-0.04175038;0.088964257;-0.197043344;0.062000169;-0.007194157;walk;11;
33.495;-0.710306401;-0.530881729;0.969949787;0.182346013;0.118290707;1.261346758;-0.498021112;-0.116590733;0.714611912;-0.28379029;0.04241186;0.321387135;-1.141580608;-0.138868303;-0.021673794;-0.423206815;2.117978555;-0.091306577;-0.978836396;0.00375462;0.191566983;0.003357138;0.120335118;0.175468207;walk;11;
33.595;-0.262252954;-0.509572111;0.560679273;-1.44760901;3.489937939;1.828694262;-0.418796364;-0.165095942;0.616946584;-0.156338512;2.759829948;0.271536008;-0.938864535;-0.136239454;-0.021101489;-0.313463032;1.508341606;-0.018301706;-0.935355452;-0.095843869;0.226127624;0.044471956;0.018507666;0.156809161;walk;11;
33.695;-0.641382582;-0.752982308;0.735645925;-1.962279526;3.598643507;1.169165862;-0.816076373;-0.131471898;0.473092038;-0.070975725;4.078403162;0.059886228;-0.803736783;-0.068374734;-0.159629453;-0.089895894;0.385929896;-0.028659659;-0.938265278;-0.070234996;0.282133203;0.0560134;0.10050659;0.00381716;walk;11;
33.795;-1.180409631;-0.551718886;0.611538144;-1.627534605;2.322462298;-1.280742828;-1.140077092;-0.086803582;0.321014185;0.496942528;2.42555508;-0.115367536;-0.875628536;-0.10450814;-0.430276612;0.498116217;-0.23954287;0.12461207;-0.933916122;-0.003671911;0.344389797;0.253249286;0.049325169;-0.008652838;walk;11;
33.895;-0.629040012;-0.366202118;0.656400076;0.071080047;-0.207220989;-0.552935975;-1.031523176;-0.083121635;0.185677283;0.484284833;-0.155517058;0.125973815;-0.922744859;-0.138484941;-0.361727294;0.412518541;-0.556001527;0.284552337;-0.945728343;-0.102128149;0.381919268;0.386298179;-0.075771821;0.027640275;walk;11;
33.995;-0.266460469;-0.405186835;1.065527286;-0.140099169;-0.662770605;-0.150145686;-1.092419975;-0.069124622;-0.012874855;-0.055877418;-0.589458977;0.319069727;-1.010608745;-0.109036794;-0.402348141;-0.156364726;-0.683202052;0.284152698;-1.042456849;-0.122348772;0.261791905;0.165219005;-0.180820951;0.195052037;walk;11;
34.095;-0.265751783;-0.204210715;0.942830768;-0.556052342;-0.20273036;-0.301205531;-0.972864281;0.024059299;0.048465354;-0.118960709;-0.642181653;0.312671281;-0.924380084;0.041829359;-0.247988609;-0.211777042;-0.750040945;0.258828847;-0.948143961;-0.016080787;0.174743384;0.092671651;-0.093001103;0.028052469;walk;11;
34.195;-0.267132325;-0.173236438;0.970805946;-0.235927795;-0.076326006;-0.156976395;-0.992029982;0.041638669;0.11225311;0.097098429;-0.654389039;0.222356717;-0.974401456;0.074481672;-0.164867513;0.023311768;-0.658620688;0.241506634;-0.96436558;0.049563642;0.111167102;0.342871477;-0.053700259;-0.055335988;walk;12;
34.295;-0.257691388;-0.192953024;0.960658736;0.055100683;-0.043055622;-0.01669973;-0.982915685;0.057328898;0.228757689;0.225068217;-0.51497823;0.122066292;-1.005563211;0.071199449;-0.072793264;0.176362708;-0.607599025;0.185575118;-1.01176483;-0.095161366;0.158771298;0.274816014;-0.027588788;-0.170768147;walk;12;
34.395;-0.23984331;-0.234101346;0.924937081;-0.251079752;-0.076054492;-0.012127183;-0.965694581;0.056637082;0.238587122;-0.214342696;-0.390418038;0.089858198;-0.970444454;0.029740302;-0.095129235;-0.231678016;-0.721227459;0.026299723;-0.942824343;0.005772406;0.237684396;-0.081109032;0.008282017;-0.123461847;walk;12;
34.495;-0.259125493;-0.136618593;0.963164427;-0.343529732;-0.071154929;0.006968437;-0.979510639;0.055022275;0.187885582;-0.465041703;-0.490667687;0.017254239;-0.970072702;0.075715783;-0.068761384;-0.454144584;-0.762109969;-0.102628156;-0.924096288;0.035170079;0.261324531;-0.325810648;0.10140921;0.193369414;walk;12;
34.595;-0.256089414;-0.126049524;0.977240192;-0.017164308;-0.140800255;0.049922843;-0.991679027;0.063921536;0.315353162;-0.326974295;-0.536363269;-0.128780439;-1.008444071;0.088187868;0.069953912;-0.289232822;-0.88976095;-0.200271887;-0.929014612;0.019590465;0.329330587;-0.425268948;0.053896452;0.223214706;walk;12;
34.695;-0.212838048;-0.073324183;1.061600422;0.445008224;-0.7311133;0.040566212;-1.14268386;0.026902993;0.167779812;-0.15511622;-0.707390899;-0.331132135;-1.125981756;0.113390851;0.006815257;-0.087302114;-0.817941512;-0.355800161;-1.069783864;-0.001849853;0.284289739;-0.322464203;-0.136952703;-0.085388189;walk;12;
34.795;-0.219487985;-0.135803807;0.958482663;1.639744972;-2.031778982;-0.212303561;-1.097592998;0.019726414;0.113820249;0.858799408;-1.341838433;-0.475775647;-1.082635069;0.013757865;-0.092680106;0.948665776;0.035031217;-0.243511164;-1.052039127;-0.027015164;0.184762411;-0.284671267;-0.089280965;-0.180882273;walk;12;
34.895;-0.527846563;-0.369313881;0.763038775;1.513064199;-3.375082881;-0.405522897;-0.969042841;-0.02700825;0.336541485;0.071392956;-1.835664986;-0.183592985;-0.988856871;-0.139368624;-0.134473915;0.150710445;1.253572973;-0.158401974;-0.955994363;-0.050635129;0.059792705;-0.173921264;-0.052278121;-0.054697617;walk;12;
34.995;-0.787793806;-0.49852444;0.911613594;1.072403658;-2.658171037;0.251838092;-0.752672704;-0.107114591;0.650064704;-0.376260571;-1.464195062;0.186846087;-1.137473916;-0.157760634;-0.006552708;-0.397145707;2.054320869;-0.159096236;-1.021142779;-0.088582217;0.101048208;-0.114279289;0.054823102;-0.016006079;walk;12;
35.095;-0.278657566;-0.536619807;0.771343383;-0.83380654;1.354476634;0.867312827;-0.454549306;-0.163253841;0.643629089;-0.233240437;0.919419579;0.351109291;-1.047992805;-0.146952291;-0.032694954;-0.420027075;1.841148198;-0.036349786;-0.934301841;-0.043286214;0.206342288;0.054098368;0.139552444;0.172115091;walk;12;
35.195;-0.278741715;-0.631156553;0.767509238;-1.507623397;3.514250813;1.669106205;-0.587540517;-0.171675685;0.498338542;-0.209657356;3.331286706;0.130146613;-0.869664649;-0.101788262;-0.098413233;-0.223065565;1.116546017;-0.11490509;-0.943469028;-0.088428682;0.260010675;0.12970623;0.082657551;0.008655633;walk;12;
35.295;-0.617528761;-0.742691743;0.955108602;-1.887037832;3.500798581;0.689060196;-0.998517066;-0.133949549;0.312824313;-0.083725598;4.191970739;-0.124815822;-0.810832658;-0.120089645;-0.292873067;0.010134423;0.152687434;-0.148380839;-0.908572627;-0.07406067;0.329555671;0.163043023;0.148353998;-0.10480326;walk;12;
35.395;-1.306586788;-0.430683337;0.446059404;-1.296698859;1.641931846;-1.23713209;-1.134702936;-0.064206592;0.204161742;0.319824097;1.767585181;-0.104138266;-0.849252762;-0.053274669;-0.461813989;0.341849088;-0.126430602;-0.005561562;-0.917844323;-0.020544139;0.335720393;0.359121126;0.098351183;-0.073710678;walk;12;
35.495;-0.477776311;-0.351443028;0.908689845;0.631609546;-1.234022891;-0.271996036;-1.128649418;-0.053861966;0.018184805;0.434213724;-0.950923245;0.176652217;-1.020484364;-0.143690711;-0.455961574;0.360418086;-0.261008319;0.29395394;-1.023751346;-0.131586859;0.362271995;0.362958827;-0.030343226;0.129749329;walk;12;
35.595;-0.388936068;-0.379409772;1.006956617;-0.085577909;-0.435167647;-0.196817044;-0.980216997;-0.035128504;0.198934136;0.184848958;-0.992444179;0.33729706;-0.979894668;-0.034539515;-0.187295367;0.048204009;-0.579375117;0.3817102;-1.041537303;-0.13382455;0.267592039;0.036577928;-0.058917387;0.115024539;walk;12;
35.695;-0.240065618;-0.259832487;0.944318067;-0.234486113;-0.069573647;-0.160040494;-0.979240388;0.014409326;0.092587414;0.172871911;-0.699043752;0.297194582;-0.943724403;0.042730149;-0.232089807;0.051624088;-0.871866917;0.33954656;-0.925818407;0.054384913;0.102041939;0.119321273;-0.078109613;-0.032711807;walk;12;
35.795;-0.232455511;-0.307207381;0.92942589;-0.047935211;-0.024510143;-0.049340781;-0.978822104;0.034988332;0.241784234;0.217240914;-0.579805971;0.197365996;-0.996594791;0.039704544;-0.120977061;0.132457569;-0.726491568;0.262178691;-1.010015449;0.003715209;0.115041121;0.384685528;-0.079618818;-0.106637885;walk;12;
35.895;-0.234162799;-0.275857231;0.928670213;-0.374133359;-0.108563301;-0.081903542;-0.980733546;0.053083339;0.225235138;-0.242501293;-0.368958428;0.145466521;-0.983456539;0.046390768;-0.124376217;-0.277427324;-0.807017298;0.059677673;-0.953157155;-0.042692477;0.223292775;0.076091453;-0.022993442;-0.151870256;walk;12;
35.995;-0.262677654;-0.196564151;0.950398654;-0.147912672;-0.066028332;0.057644818;-0.974266361;0.055509629;0.168929176;-0.201597466;-0.470064033;0.040366197;-0.961617929;0.086640758;-0.109203161;-0.204697932;-0.732943769;-0.020690847;-0.936243076;0.02515901;0.225072977;-0.144042055;0.000891023;-0.065312443;walk;12;
36.095;-0.241399761;-0.238515063;0.93831375;-0.038910259;-0.059058069;0.083471056;-0.960510665;4.55E-02;0.29901732;-0.242146863;-0.541569502;-0.060115701;-0.980288218;0.047659949;0.005418534;-0.217326616;-0.799141934;-0.122626305;-0.907983138;0.048538089;0.295149749;-0.394474076;0.083094559;0.194987936;walk;12;
36.195;-0.199649829;-0.239897874;0.99309008;-0.008678989;-0.28038458;0.012709903;-1.060609368;0.032459115;0.297321876;-0.547059521;-0.552182681;-0.234028203;-1.056072949;0.064028653;0.023793365;-0.478060597;-0.970974723;-0.35514352;-0.968595185;0.068397007;0.340778883;-0.39336283;-0.051232179;0.101761446;walk;13;
36.295;-0.148876078;-0.104886087;1.087193697;0.947800991;-1.544686143;-0.230632015;-1.242341889;-0.02224437;0.047124297;0.129407829;-1.02283193;-0.485760267;-1.207374642;0.056603958;-0.117186896;0.235532701;-0.438134921;-0.437102423;-1.176841094;-0.023999055;0.236070051;-0.291620399;-0.032878544;-0.056702253;walk;13;
36.395;-0.370465396;-0.309903652;0.805584135;1.44676263;-3.186018507;-0.593827242;-0.998149092;-0.048992777;0.208696907;0.285781764;-1.691783914;-0.357981532;-0.989218458;-0.146464543;-0.157645254;0.399904473;0.918562427;-0.241983741;-0.942998127;-0.08921135;0.120412704;-0.399972305;-0.044003743;0.118183207;walk;13;
36.495;-0.785644911;-0.42093924;0.87736754;1.070386182;-2.853456117;0.073296678;-0.791518349;-0.090401949;0.551860597;-0.250150883;-1.694405924;-0.015715176;-1.038365266;-0.151116482;-0.006888601;-0.182130398;1.836777389;-0.184940768;-0.959526953;-0.137290414;0.089151771;-0.250325985;0.033051667;0.037020966;walk;13;
36.595;-0.362317737;-0.432660981;0.814679572;0.060686493;0.226627997;0.84081997;-0.528997071;-0.15085901;0.654813679;-0.169336294;0.154603275;0.243334577;-1.083462234;-0.16874198;-0.018214359;-0.299011697;1.802230009;-0.009487682;-0.95897164;-0.062341799;0.204319335;-0.060083134;0.078053208;0.120190824;walk;13;
36.695;-0.28396866;-0.582725331;0.712316984;-1.19406329;2.666485961;1.222323458;-0.523480278;-0.191409147;0.561568152;-0.172391528;2.466625095;0.252092176;-0.914993844;-0.167302864;-0.078226908;-0.306145173;1.300365665;-0.015415725;-0.935887889;-0.095610869;0.232836418;0.054353298;0.002611955;0.039955104;walk;13;
36.795;-0.474325286;-0.690348699;0.862733605;-1.541606563;3.253845423;1.265046899;-0.843167122;-0.15226048;0.391621434;-0.183938776;3.768365329;0.099950123;-0.820770352;-0.140027797;-0.211873331;-0.202375296;0.398392652;-0.05792034;-0.929543803;-0.10598185;0.297779683;0.20416949;0.073528298;-0.165058867;walk;13;
36.895;-0.92481927;-0.619413946;0.702993876;-1.91821245;2.299923133;-0.62622957;-1.127008372;-0.144582555;0.162926553;-0.115755358;2.786136976;0.06969415;-0.848565021;-0.103530277;-0.443424551;-0.130933663;-0.06034251;0.000859129;-0.913449509;-0.042957988;0.326028507;0.284151651;0.057768994;-0.156107902;walk;13;
36.995;-0.814501402;-0.331308593;0.542148188;0.159156847;-0.211379198;-0.818814243;-1.072116024;-0.09321956;0.090343624;0.68743234;-0.152506983;0.042543881;-0.90143139;-0.116095264;-0.441595523;0.645189216;-0.177479264;0.24011548;-0.945214827;-0.06215291;0.359298184;0.459634662;0.028268722;-0.013755746;walk;13;
37.095;-0.39882442;-0.44783101;1.109269855;0.390790268;-0.853901588;-0.118556051;-1.086178732;-0.071471647;0.101164519;0.367877623;-1.087431321;0.323919303;-1.047622438;-0.124962915;-0.32886599;0.231550547;-0.326738258;0.428889284;-1.095561841;-0.179438956;0.310292049;0.326617707;-0.026016424;0.216412357;walk;13;
37.195;-0.252057746;-0.345691372;0.907733637;-0.426839764;-0.116365527;-0.214922251;-0.95293294;-0.023409311;0.184920027;0.074280263;-0.718575984;0.394222622;-0.941959246;-0.029216295;-0.198312973;-0.079276141;-0.914882973;0.39376719;-0.943216601;-0.105815074;0.234747859;0.123106919;-0.08626806;0.026893316;walk;13;
37.295;-0.247015127;-0.245859738;0.946753666;-0.286780201;-0.079909489;-0.135064177;-0.987671471;0.042351659;0.113008056;0.114571509;-0.655828973;0.311010346;-0.955142412;0.077115769;-0.20382655;-0.002092395;-0.816662516;0.331111152;-0.945711386;0.056186352;0.08805199;0.200434195;-0.093449232;-0.042314726;walk;13;
37.395;-0.239934571;-0.25626662;0.947869629;-0.127913668;-0.079833659;-0.053764804;-0.98424431;0.065427824;0.243785427;0.090522932;-0.562397405;0.183532607;-1.003259762;0.081281025;-0.093742435;0.022301239;-0.692269439;0.203507228;-1.005219538;-0.082152498;0.151178443;0.234563975;-0.041075535;-0.237546196;walk;13;
37.495;-0.247959394;-0.243058255;0.935409442;-0.166219923;-0.125411802;-0.014357974;-0.969231877;0.070138884;0.253144123;-0.127180448;-0.444635872;0.097478885;-0.983754891;0.075132653;-0.081481411;-0.152113191;-0.710618151;0.051723981;-0.955640958;0.042946033;0.208331643;0.009527608;-0.04380814;-0.225788551;walk;13;
37.595;-0.25974123;-0.222075325;0.931988643;-0.187278798;-0.135637346;0.003010013;-0.958107099;0.067654304;0.272809734;-0.278158714;-0.451004826;0.028593343;-0.975124843;0.06431108;-0.039972178;-0.274545358;-0.758613572;-0.053992375;-0.947557522;0.062999598;0.218247101;-0.142338123;0.048316829;0.009280481;walk;13;
37.695;-0.259919196;-0.196546364;0.958076103;-0.214591797;-0.256089482;-0.038747829;-0.986634339;0.06133151;0.321500608;-0.496644581;-0.482460651;-0.064483163;-1.012246225;0.077368564;0.04628681;-0.46249381;-0.813535481;-0.193085647;-0.913655439;0.042135603;0.311180566;-0.274311328;0.019978776;0.223616211;walk;13;
37.795;-0.245375083;-0.182311327;0.999200979;0.062936887;-0.678361304;-0.18542045;-1.074436702;0.035395194;0.320028917;-0.459662288;-0.502595205;-0.286171191;-1.08288446;0.090889936;0.077465678;-0.383047039;-0.892208023;-0.384233458;-1.033039523;0.029798628;0.317424171;-0.163095435;-0.161403662;-0.028145968;walk;13;
37.895;-0.295068718;-0.068341977;0.996704284;0.871871027;-1.707657124;-0.38703312;-1.134099899;-0.019382695;0.075632071;0.207477917;-0.882795572;-0.555441698;-1.112002569;0.058930228;-0.057080668;0.321833149;-0.457864133;-0.492820189;-1.07261541;-0.022130752;0.220249407;-0.326565069;-0.116749611;-0.148288932;walk;13;
37.995;-0.464019259;-0.220239341;0.827463862;1.77605608;-3.116097142;-0.262828695;-1.045913862;0.027117657;0.108575993;0.610808748;-1.746554457;-0.369062518;-0.989481563;-0.095618674;-0.255415159;0.70013118;0.995358414;-0.149491616;-0.9856716;-0.065896075;0.045301923;-0.35098903;0.015203764;0.082915071;walk;13;
38.095;-0.792867282;-0.453495849;0.938585644;1.569846271;-3.263329924;0.210293489;-0.870507607;-0.08517135;0.559948819;-0.12389144;-1.840859561;0.043360097;-1.127968;-0.15250268;-0.039380734;-0.125468268;2.29580945;-0.062959688;-0.970804482;-0.075619344;0.061231418;-0.069633586;0.080607022;-0.022471716;walk;13;
38.195;-0.415165061;-0.530826701;0.933696109;-0.326919184;1.061623378;1.324551613;-0.4458514;-0.121030337;0.712483867;-0.164106396;0.5807437;0.380935833;-1.155072958;-0.153437932;0.015502922;-0.414397585;2.292320578;0.040396457;-0.992395132;-0.054901745;0.183106663;0.058980056;0.131423743;0.14602148;walk;14;
38.295;-0.275237946;-0.597704761;0.60001418;-1.953021367;3.635607905;1.927925814;-0.440976105;-0.130634991;0.586631541;-0.106478082;3.520912813;0.371770123;-0.88092519;-0.078998077;0.047135029;-0.374245126;1.317976367;0.093113335;-0.915217246;-0.114556415;0.22810295;0.12018301;0.081120545;0.109674197;walk;14;
38.395;-0.880330192;-0.798912683;0.768275618;-2.516499887;3.759150985;-0.245354534;-0.958375197;-0.13824022;0.462035091;0.307071039;4.153823416;-0.105426884;-0.808123549;-0.074170495;-0.177638511;0.304432758;0.029933138;0.090272444;-0.9516135;-0.09449931;0.280043952;0.162079361;0.134296605;-0.182215978;walk;14;
38.495;-1.249601921;-0.466485025;0.448716805;-1.124539152;1.292307267;-1.196041271;-1.164354472;-0.053893925;0.28280455;0.332239876;1.409559203;-0.044944917;-0.90870243;-0.109101609;-0.466629528;0.329723486;-0.440564165;0.077080014;-0.936426166;-0.048957265;0.335994425;0.36152291;0.099084955;-0.183040133;walk;14;
38.595;-0.312242886;-0.351628952;1.015895805;0.315008897;-1.08306426;-0.338656687;-1.111211135;-0.086003184;-0.016078245;0.253393271;-0.670208949;0.189052765;-1.030999763;-0.135245687;-0.411433218;0.185047472;-0.48188593;0.255467416;-1.013297664;-0.083293499;0.355040829;0.354641305;-0.083057869;0.037568728;walk;14;
38.695;-0.347238145;-0.292818037;0.96400746;-0.582318777;-0.318339445;-0.28092705;-0.986693408;-0.00722219;0.109920486;-0.228119998;-0.622384158;0.304467819;-0.953012188;-0.029066317;-0.230833435;-0.310580991;-0.735829321;0.220058886;-0.956733745;-0.10548666;0.259380419;0.212709594;-0.206779244;0.092781134;walk;14;
38.795;-0.254362091;-0.134348539;0.965533856;-0.674783399;-0.11403689;-0.290043714;-0.997999703;0.032976708;0.014659904;-0.274897109;-0.591747331;0.254437697;-0.947767707;0.057131616;-0.241023974;-0.336264835;-0.78393084;0.164968655;-0.986015674;-0.026924157;0.092884705;0.090240782;-0.117927834;0.016409419;walk;14;
38.895;-0.276627957;-0.04653277;0.985074836;-0.089281203;-0.051144685;-0.066690409;-0.986738381;0.080654036;0.111810507;0.115883472;-0.626180907;0.134988327;-0.9824385;0.122076852;-0.120155941;0.073002375;-0.559118574;0.162533359;-0.988089707;0.036808956;0.104230569;0.198952874;-0.004975921;-0.100636823;walk;14;
38.995;-0.260301343;-0.140031166;0.956217534;0.210846052;-0.028381218;0.060173259;-0.980633365;0.062381099;0.222490203;0.274170153;-0.455963262;0.04637711;-1.001518638;0.071289394;-0.057019082;0.249910452;-0.579654816;0.121823695;-0.981736541;-0.03020798;0.173871556;0.203837277;-0.005580119;-0.203573076;walk;14;
39.095;-0.259798544;-0.157975694;0.948050432;0.022399453;-0.054308819;0.039603423;-0.972406266;0.062205146;0.218674018;-0.003859356;-0.386344173;0.008651058;-0.985091534;0.054241047;-0.062518125;-0.006152996;-0.576320398;0.007683541;-0.973282734;-0.014606369;0.191078825;-0.02037687;-0.027482656;-0.192145917;walk;14;
39.195;-0.259472526;-0.163022352;0.945698853;-0.203208011;-0.067076037;0.023910014;-0.968716163;0.051408655;0.257964973;-0.34768261;-0.380766985;-0.024826782;-0.98379005;0.039358911;-0.015370602;-0.331372939;-0.633283165;-0.108234047;-0.949728448;0.069177352;0.228420886;-0.2672302;0.077790918;0.029831477;walk;14;
39.295;-0.282558025;-0.083686964;0.973592558;-0.042332033;-0.096116808;0.069466353;-0.981756049;0.065205005;0.239852164;-0.315768074;-0.403241269;-0.108912288;-0.992408326;0.093901674;0.034310415;-0.285287463;-0.721207048;-0.174697835;-0.910050083;0.028740096;0.288209882;-0.40968634;0.073110837;0.274091187;walk;14;
39.395;-0.225017069;-0.101190125;1.027142258;0.365694441;-0.441641399;0.210908518;-1.088406586;0.036630101;0.236962915;-0.211437618;-0.565087099;-0.254374351;-1.088956484;0.081428058;0.039211721;-0.158533595;-0.658907811;-0.290572369;-1.067699259;0.032721146;0.268244838;-0.358579839;-0.060390545;0.020669844;walk;14;
39.495;-0.25975923;-0.114676355;0.999809844;1.176009799;-1.388976767;-0.067578497;-1.098191661;-0.020403012;0.095643888;0.545177646;-1.012563983;-0.421523188;-1.082932407;0.033933016;-0.055325945;0.623473577;-0.102829117;-0.283290449;-1.030200926;-0.022827995;0.205370622;-0.394245712;-0.055422478;-0.005447857;walk;14;
39.595;-0.307411045;-0.328335726;0.798710607;1.467052231;-2.555647265;-0.370453208;-0.993885795;-0.016772957;0.249054841;0.446117293;-1.653679498;-0.273523346;-0.975853839;-0.121712604;-0.176124827;0.521490283;0.977808004;-0.106614955;-0.96689287;-0.056990425;0.095660146;-0.278859583;0.038490716;0.072424321;walk;14;
39.695;-0.727939182;-0.404180396;0.761678872;0.687950632;-3.714427815;-0.620923562;-0.94374146;-0.117702264;0.569476374;-0.505867279;-1.747787661;0.029341814;-1.123300561;-0.17194118;-0.115805155;-0.395541174;1.931790758;-0.326968477;-0.98367397;-0.04215931;0.136381668;-0.147010592;0.057571469;-0.052642378;walk;14;
39.795;-0.740785779;-0.461388405;1.020365215;0.022490737;-0.663365066;0.893161803;-0.528165731;-0.115114403;0.684373144;-0.538996521;-0.202532148;0.394299725;-1.116805715;-0.151237772;-0.074305125;-0.614603032;2.00343095;-0.274430229;-0.99318561;-0.023805758;0.22187003;-0.028497608;0.112295274;0.138747647;walk;14;
39.895;-0.214573366;-0.425672152;0.672909507;-1.116142568;3.333354144;2.016706158;-0.398154519;-0.112641478;0.529031438;-0.235240758;2.632629603;0.343864987;-0.902066382;-0.063281289;-0.028365212;-0.411206342;1.229125837;-0.057284898;-0.910575775;-0.086588717;0.26250722;0.063459095;0.034327967;0.168259777;walk;14;
39.995;-0.647674394;-0.693799625;0.771713659;-1.861161762;3.747816739;1.22095035;-0.854417053;-0.112954779;0.414110308;0.015562574;4.066657013;0.095546996;-0.794825506;-0.08393903;-0.205643903;-0.055984826;0.127499511;0.067933008;-0.938569267;-0.114289202;0.267278255;0.112265594;0.066128478;0.003733444;walk;14;
40.095;-1.145773203;-0.559533692;0.554833865;-1.756586609;2.17474196;-1.278470584;-1.145675014;-1.01E-01;0.255857011;0.37211489;2.295392792;0.010745378;-0.856262718;-0.092618426;-0.460300803;0.33472601;-0.337338858;0.160612502;-0.916386707;-0.066569842;0.343987129;0.16862702;0.107950916;0.011662764;walk;14;
40.195;-0.589192616;-0.352776313;0.778783227;0.408155119;-0.61927537;-0.324276254;-1.121019258;-0.065176952;0.05456241;0.466897011;-0.482908857;0.123995107;-0.979050764;-0.105904064;-0.46136734;0.40120442;-0.380962711;0.268416355;-0.993406484;-0.091397794;0.348372339;0.266992234;-0.032294218;0.051631622;walk;15;
40.295;-0.365051405;-0.407129027;1.02172741;0.315887826;-0.466682007;-0.067869525;-1.016204417;-0.041108638;0.135980511;0.395180197;-0.829003905;0.285144224;-0.992363743;-0.057840923;-0.262723287;0.266544206;-0.563277185;0.407646199;-1.031753248;-0.152821503;0.306925256;0.182467492;-0.041718181;0.090074968;walk;15;
40.395;-0.219596977;-0.371574437;0.89260435;-0.411739802;-0.060450369;-0.17070071;-0.969570804;-0.008255725;0.150504048;0.024191651;-0.628011223;0.322766615;-0.944441167;-0.026664968;-0.217116786;-0.091508695;-0.909852258;0.311857437;-0.923914922;-0.081314825;0.17176959;0.173622174;-0.112861066;-0.108105286;walk;15;
40.495;-0.247493381;-0.251424416;0.938140617;-0.561928883;-0.091579725;-0.190041855;-0.980980808;0.051082271;0.183151471;-0.177644408;-0.566396566;0.284876559;-0.981462582;0.060125498;-0.129606133;-0.262100946;-0.715053317;0.209982548;-0.9766215;0.011831477;0.079012043;0.14335059;-0.094690925;-0.128775778;walk;15;
40.595;-0.247267719;-0.204756522;0.955717023;-0.455413092;-0.102899236;-0.1195144;-0.988450783;0.073533773;0.254193068;-0.268841705;-0.40329145;0.176350282;-1.010500335;0.089335037;-0.05778417;-0.310842557;-0.715800162;0.083546671;-1.011221775;-0.032931114;0.173351372;0.149406193;-0.045363205;-0.185157498;walk;15;
40.695;-0.270095304;-0.143584004;0.948948007;-0.404826386;-0.150556824;-0.074181596;-0.973622762;0.086532577;0.213625406;-0.419967278;-0.33722542;0.074150644;-0.978841346;0.094377397;-0.062912229;-0.424450252;-0.72393973;-0.044309696;-0.946588329;0.027489706;0.203101025;-0.109494243;-0.019109654;-0.169289269;walk;15;
40.795;-0.274062032;-0.117362187;0.960333689;-0.216356152;-0.182166113;0.013135618;-0.984849315;0.064570329;0.236820496;-0.383464906;-0.43988482;-0.005619844;-0.990494133;0.070693355;-0.023254234;-0.370734684;-0.741112662;-0.098726928;-0.96743379;0.096078632;0.230971141;-0.243653781;0.135783552;0.128783212;walk;15;
40.895;-0.280831562;-0.109169114;0.984295448;-0.035228;-0.430467469;0.001769591;-1.01895211;0.03937976;0.222909083;-0.365116824;-0.595692505;-0.113398597;-1.015844486;0.079699039;0.009366527;-0.331625594;-0.721515376;-0.190731186;-0.917218455;-0.001662091;0.330281497;-0.31824419;0.166049653;0.35397834;walk;15;
40.995;-0.29494011;-0.085250221;1.001399807;0.606438535;-0.899107847;-0.054180089;-1.065373943;0.047269304;0.27308803;0.138476552;-0.864053926;-0.342112669;-1.06908374;0.123928008;0.060159422;0.213626275;-0.543140369;-0.299513271;-1.02748834;-0.005696864;0.341730154;-0.317086733;-0.055053516;0.017064322;walk;15;
41.095;-0.293646849;-0.139762676;0.920196192;1.178873007;-2.034149689;-0.391908077;-1.079179194;0.033548574;0.194038975;0.483721954;-1.233720822;-0.520881323;-1.066995344;0.024840088;-0.086127698;0.613228727;-0.135912919;-0.359359715;-1.005525973;-0.009506837;0.272862802;-0.280861774;-0.060715126;-0.236729083;walk;15;
41.195;-0.609539213;-0.24031383;0.815143832;1.137736402;-3.702520685;-0.116881591;-1.049434256;-0.021595291;0.264458487;-0.193895591;-1.837389301;-0.171785514;-1.032093171;-0.152310767;-0.22549927;-0.089674624;1.242375289;-0.271002504;-0.978466928;-0.07303175;0.081923844;-0.35176509;-0.067066455;-0.058462172;walk;15;
41.295;-0.878963586;-0.411098985;1.041313149;1.149987326;-2.517218899;0.932716366;-0.740806661;-0.091218274;0.63587665;-0.377455409;-1.382990069;0.27205714;-1.161188495;-0.132363662;-0.010129236;-0.464593131;2.276888504;-0.109508314;-1.012856972;-0.043353073;0.107537836;-0.112687596;0.065249322;0.008175288;walk;15;
41.395;-0.275379621;-0.489697092;0.656564644;-0.965470587;2.187846619;1.245957351;-0.358261959;-0.156638686;0.697667549;-0.082713527;1.283402123;0.36606413;-1.065189941;-0.127708793;0.053472165;-0.364127446;1.90847454;0.094477881;-0.943027388;-0.078165776;0.239621915;-0.000927658;0.042184241;0.123427395;walk;15;
41.495;-0.410334189;-0.589789136;0.672733719;-1.525563286;3.804101279;1.467799915;-0.577649893;-0.140841467;0.550938028;0.1259655;3.588802532;0.089554286;-0.856193245;-0.094949826;-0.043404272;-0.005240995;0.891922923;0.146547171;-0.922528111;-0.069362725;0.230749864;0.129890363;-0.016130426;0.047863416;walk;15;
41.595;-0.832922536;-0.674116856;0.824493666;-1.951603322;3.308621068;-0.298019647;-1.036540207;-0.11750271;0.371543172;0.330195881;3.709908329;-0.122296833;-0.832902477;-0.094648537;-0.295253708;0.339254833;0.044516594;0.087519533;-0.93575147;-0.06870948;0.298657975;0.174256238;0.039875463;-0.07057993;walk;15;
41.695;-1.169532572;-0.412792008;0.459568104;-0.626111599;0.882081279;-0.993582726;-1.113375461;-0.033377688;0.272989409;0.479268948;1.079708634;-0.022839366;-0.887628367;-0.092328162;-0.445603923;0.458406119;-0.308586795;0.151152197;-0.928030183;0.005418393;0.344001524;0.337476539;-0.00427754;0.011949273;walk;15;
41.795;-0.454621568;-0.392081153;1.031635582;0.354493853;-0.900385777;-0.222710307;-1.112879824;-0.045023623;0.052313213;0.315421238;-0.958441376;0.235470412;-1.02620634;-0.078731394;-0.39460039;0.215331258;-0.346312008;0.3277546;-1.063056899;-0.179471359;0.302936594;0.289876457;-0.060997089;0.185947541;walk;15;
41.895;-0.291595511;-0.350758135;0.921863953;-0.34120212;-0.145481312;-0.216506853;-0.950948966;-0.006344552;0.248965527;0.042199798;-0.722664816;0.280946905;-0.964903034;-0.020682076;-0.155977195;-0.067130218;-0.796376893;0.276530282;-1.001493083;-0.06206043;0.192068669;0.202474482;-0.137836868;-0.135568805;walk;15;
41.995;-0.248550318;-0.183063476;0.954966687;-0.505553454;-0.063336441;-0.202164741;-0.985247768;0.046442968;0.120980667;-0.161559966;-0.528867992;0.225522395;-0.965563352;0.069092348;-0.188244362;-0.230343019;-0.838890291;0.15394197;-0.936925461;0.034715033;0.084868443;0.136596891;-0.097394908;-0.107759772;walk;15;
42.095;-0.252966255;-0.191275135;0.961341291;-0.119056578;-0.050530984;-0.039210759;-0.991594711;0.056731352;0.200531017;0.050348825;-0.450524445;0.138827252;-0.995182407;0.073330731;-0.122323278;0.002425801;-0.765739104;0.147609277;-1.007215524;-0.012664889;0.151396176;0.245215253;-0.043906984;-0.157885388;walk;15;
42.195;-0.24128785;-0.210331429;0.933969498;-0.302513351;-0.089825572;-0.040455716;-0.971127772;0.052841068;0.231517413;-0.268169173;-0.382902131;0.085053116;-0.9784108;0.034405018;-0.085633631;-0.281817667;-0.782716637;0.005426716;-0.950085344;0.009219861;0.195333308;0.033824737;-0.015088192;-0.193152837;walk;16;
42.295;-0.265910435;-0.130451115;0.964568666;-0.332995194;-0.120108369;-0.023773146;-0.984237398;0.053060672;0.204219041;-0.449745035;-0.456521304;0.013971876;-0.979527339;0.071759686;-0.051329782;-0.439008322;-0.809281662;-0.100075634;-0.945664592;0.078399806;0.230036546;-0.215183125;0.114300478;0.112841312;walk;16;
42.395;-0.2651675;-0.117811285;0.97600458;-0.061099127;-0.254941383;0.010428061;-1.000011892;0.050893455;0.27253093;-0.371528796;-0.543326541;-0.122878059;-1.005860007;0.079808245;0.045330076;-0.336093917;-0.878771537;-0.201340082;-0.9394301;0.076559276;0.278732136;-0.25446908;0.164275442;0.295477592;walk;16;
42.495;-0.253284872;-0.064222417;1.034399622;0.460624437;-0.681478762;0.02397935;-1.094044646;0.044751661;0.21066454;-0.079546758;-0.767375966;-0.344779656;-1.082991057;0.122543849;0.037217907;-0.009772997;-0.753381011;-0.353578798;-1.016967324;-0.0143588;0.334196954;-0.286373613;0.015123329;0.0054206;walk;16;
42.595;-0.230878173;-0.120999899;0.980600623;1.424294828;-1.984187214;-0.196435884;-1.131445702;-0.005757709;0.1463958;0.667148045;-1.237226407;-0.511338276;-1.123036121;0.014076478;-0.052154204;0.769919079;-0.174908563;-0.329426685;-1.084317634;0.007095512;0.241457355;-0.268577919;-0.003831136;-0.199911849;walk;16;
42.695;-0.492741185;-0.328828105;0.723298438;1.504463626;-3.404510528;-0.388592602;-0.952725435;-0.028904654;0.283931513;0.188279809;-1.775564855;-0.270348902;-0.95720767;-0.144066667;-0.138691949;0.288266777;1.059317149;-0.194878094;-0.930745493;-0.046720255;0.088335478;-0.21285422;-0.003373824;-0.035413094;walk;16;
42.795;-0.874886323;-0.427234084;0.822248783;1.392942714;-3.582635846;0.030103756;-0.838441965;-0.092918353;0.599451957;-0.324481396;-1.602202103;0.037979384;-1.131790802;-0.14246831;-0.037474325;-0.262269267;2.076229928;-0.206830177;-0.99051862;-0.064841977;0.112957709;-0.089120928;0.039721152;-0.028525925;walk;16;
42.895;-0.60934552;-0.594742129;0.880872078;-0.335569398;1.28023429;1.620089274;-0.447702909;-0.128457941;0.704218653;-0.216349638;0.554562213;0.36633747;-1.121874771;-0.146148633;-0.001105982;-0.428523777;2.043991582;-0.012891231;-0.98746075;-0.017952568;0.22971538;0.071391843;0.076282588;0.153794756;walk;16;
42.995;-0.265366441;-0.520879999;0.554191919;-1.87480123;3.820121501;1.713942616;-0.485624784;-0.140465967;0.573374995;0.018060859;3.172588479;0.219292681;-0.897801344;-0.09780023;-0.016007855;-0.180061221;1.230669083;0.121224346;-0.91366381;-0.093856372;0.247364401;0.207294616;0.001330658;0.129991534;walk;16;
43.095;-0.687582574;-0.75518383;0.793004802;-2.193090027;3.524180226;0.464019206;-0.924387162;-0.122085178;0.434752099;0.154107866;4.05928922;-0.007811472;-0.817750595;-0.094506048;-0.201073499;0.119917677;0.174489516;0.087935599;-0.947849921;-0.090626716;0.274866979;0.197270631;0.073884439;-0.047141162;walk;16;
43.195;-1.180943544;-0.546371569;0.508144744;-1.690271791;1.622991789;-1.435547296;-1.116237734;-0.072648719;0.308876094;0.197859492;1.984221158;0.011143533;-0.869402732;-0.112671611;-0.415566101;0.179900732;-0.276741278;0.090453388;-0.89607587;-0.086544333;0.352669932;0.225113334;0.016425554;-0.042476115;walk;16;
43.295;-0.575212323;-0.307178998;0.853143755;0.244250607;-0.885719993;-0.16375244;-1.128642394;-0.068073338;0.03353841;0.137870488;-0.539511267;0.174354181;-1.012797467;-0.087435939;-0.408768599;0.080010104;-0.433111237;0.207462161;-1.012931368;-0.081828785;0.318143785;0.167321225;-0.118513466;0.080436939;walk;16;
43.395;-0.372164782;-0.307317654;1.033854435;-0.005161559;-0.344737464;-0.199724184;-1.011411916;-0.005917566;0.097354186;0.266054455;-0.834706072;0.27874509;-0.981824581;-0.013299868;-0.251639578;0.160292525;-0.560718612;0.350326444;-1.044540694;-0.12567779;0.238412229;0.059659654;-0.115274774;0.127500866;walk;16;
43.495;-0.235218966;-0.261096248;0.926995051;-0.298358989;-0.067727183;-0.131886971;-0.972588721;0.013967945;0.102000483;0.05198776;-0.647301481;0.268500017;-0.944018211;0.018085946;-0.213108137;-0.039019129;-0.783019858;0.270903775;-0.95715736;0.009706841;0.099906467;0.183671041;-0.052108823;-0.098640641;walk;16;
43.595;-0.257374064;-0.19327804;0.950624259;-0.21415203;-0.037693676;-0.101293137;-0.978927187;0.05853794;0.170595429;0.078838601;-0.546986613;0.210273214;-0.985332537;0.073214232;-0.122005227;0.00785663;-0.635559098;0.224403418;-0.985700301;0.015801393;0.085512295;0.341977983;-0.007532971;-0.11283051;walk;16;
43.695;-0.246839048;-0.208046734;0.951603435;-0.141724637;-0.052525555;-0.069853738;-0.985020428;0.069355392;0.237575615;0.053131984;-0.369903608;0.147715823;-1.009112191;0.071209639;-0.069090593;0.00563193;-0.625845707;0.157221698;-0.99054173;-0.062663041;0.178320329;0.275048051;0.034165064;-0.174981328;walk;16;
43.795;-0.253020185;-0.205400023;0.941914636;-0.478978964;-0.094183939;-0.094678637;-0.981139819;0.064148027;0.21148265;-0.423130964;-0.279503404;0.100889385;-0.986341533;0.057240442;-0.07856616;-0.435051914;-0.591181806;-0.017466901;-0.950222121;0.004148363;0.199421816;0.025297514;-0.056275195;-0.146162505;walk;16;
43.895;-0.274247548;-0.085955797;0.957203425;-0.271928559;-0.068894711;0.004069785;-0.967990314;0.089506982;0.214232284;-0.374362781;-0.331180451;0.006961676;-0.978779122;0.103694706;-0.03099739;-0.364380212;-0.549789254;-0.086634331;-0.972814996;0.034953004;0.218025324;-0.24346247;0.06159076;0.082694652;walk;16;
43.995;-0.276295602;-0.082620622;0.970387531;-0.175051328;-0.08705087;0.016175088;-0.984597878;0.064987634;0.223784709;-0.3885187;-0.39139453;-0.069469748;-0.990091061;0.087450929;-0.001840757;-0.363164539;-0.639672641;-0.155265307;-0.920105233;0.033860761;0.294222012;-0.348266881;0.120483479;0.243074612;walk;16;
44.095;-0.263484678;-0.085537784;0.99137219;0.231790592;-0.253071534;0.07623859;-1.016401929;5.23E-02;0.269046179;-0.130196412;-0.543997746;-0.208774837;-1.025567288;0.092709978;0.05699174;-0.083778625;-0.622990558;-0.231500605;-0.955326129;0.037949068;0.323305435;-0.294115092;-0.014085769;0.182634106;walk;16;
44.195;-0.245256444;-0.103516561;1.017498254;0.646480528;-0.92274002;-0.079360074;-1.096786131;0.019292033;0.247090117;0.120733001;-0.70989066;-0.402215775;-1.098901019;0.078664707;0.047183633;0.202169065;-0.565647934;-0.3675364;-1.065786137;-0.016956025;0.304649281;-0.188049384;-0.100650353;-0.119005349;walk;17;
44.295;-0.300560066;-0.112126538;0.931911578;1.445461395;-1.950002473;-0.17213617;-1.062035056;0.025007003;0.113821771;0.677179093;-1.220142465;-0.465372427;-1.043267731;0.007278015;-0.114912338;0.774401058;0.082066526;-0.264536124;-1.013179649;-0.059294823;0.186862286;-0.336285355;-0.063153334;-0.099775329;walk;17;
44.395;-0.51629484;-0.345528173;0.771577993;1.334537098;-3.442069947;-0.371653145;-1.020313554;-0.037391688;0.305439712;0.012483028;-1.886093703;-0.175156834;-1.007761821;-0.14564561;-0.208053878;0.100559753;1.455340704;-0.179923851;-0.952546262;-0.05958187;0.086330943;-0.259496173;0.03124034;-0.046886996;walk;17;
44.495;-0.864514198;-0.456935997;0.960196171;0.925734537;-2.815415575;0.328870468;-0.738767609;-0.101461467;0.683645123;-0.465893063;-1.3546117;0.212206718;-1.170437092;-0.155953326;-0.027110768;-0.466598949;2.189301252;-0.230485351;-0.997394553;-0.003022421;0.164314306;-0.097951282;0.08802161;-0.04506244;walk;17;
44.595;-0.326066348;-0.505161655;0.765535359;-0.816490944;1.990043483;1.336871287;-0.410922781;-0.144354204;0.637605612;-0.220248638;1.229292242;0.335281522;-1.039630414;-0.104381622;-0.018066554;-0.399797867;1.79448416;-0.042424108;-0.964910619;-0.039166296;0.234561151;0.13022971;0.114500563;0.176963014;walk;17;
44.695;-0.398655049;-0.586862561;0.658394632;-1.200761273;3.62773801;1.996591175;-0.603407024;-0.135562011;0.525839219;-0.01660362;3.478026252;0.05500464;-0.848219979;-0.095762488;-0.096573776;-0.055758805;0.863316617;0.01106792;-0.924240301;-0.117742787;0.272783358;0.182234177;0.097517497;0.006923498;walk;17;
44.795;-0.691582074;-0.696288427;0.893842413;-2.175655564;3.191622216;0.044898545;-1.015379176;-0.090488749;0.328181558;0.066670735;3.773823048;-0.033896927;-0.844162497;-0.109079264;-0.310420977;0.074877737;0.04200143;0.015599519;-0.919726534;-0.060205967;0.302858141;0.244078722;0.106925385;-0.121164509;walk;17;
44.895;-1.004470231;-0.476829286;0.591323508;-1.647334095;1.72177161;-0.852990836;-1.101208968;-0.071694133;0.138367793;-0.102026582;1.887950244;0.121368163;-0.855802846;-0.083027008;-0.463979111;-0.134374291;-0.154456541;0.081268147;-0.919603523;-0.089669313;0.338246746;0.253932886;0.048712844;-0.058664976;walk;17;
44.995;-0.435359194;-0.298911119;0.755574517;0.528704446;-0.883444803;-0.230733842;-1.103669839;-0.097241017;-0.024606957;0.428239137;-0.573641359;0.13512397;-0.975879925;-0.099714765;-0.432855764;0.378253065;-0.301029785;0.241533278;-0.986464885;-0.064126937;0.364731584;0.249831835;-0.066267328;-0.003339532;walk;17;
45.095;-0.391936441;-0.402982162;1.07466361;0.113184662;-0.825726597;-0.208504619;-1.039412359;-0.031703074;0.054781419;0.110856011;-0.927825933;0.266127762;-0.990307156;-0.06116724;-0.307255993;0.023834286;-0.486775167;0.28615534;-1.064363321;-0.132429948;0.291105821;0.082111804;-0.038483618;0.142919642;walk;17;
45.195;-0.245780478;-0.240227135;0.944142893;-0.523930374;-0.134421515;-0.294936917;-0.972998772;0.023583023;0.06306286;-0.071695197;-0.758812965;0.285565559;-0.935135137;0.028732974;-0.234263209;-0.160112626;-0.756394268;0.247119422;-0.916060268;0.000318208;0.146214038;0.124719387;-0.084539337;-0.062324113;walk;17;
45.295;-0.253820594;-0.195532259;0.957034328;-0.325893536;-0.068706491;-0.129681219;-0.981877261;0.052505082;0.162932732;-0.027359497;-0.661016147;0.215772656;-0.978542214;0.062640815;-0.153976852;-0.09670498;-0.602822811;0.194783467;-0.989788735;0.027519791;0.135605418;0.230216852;-0.063201677;-0.054493935;walk;17;
45.395;-0.275432686;-0.155500125;0.959359231;-0.233832356;-0.106402172;-0.036842666;-0.987871694;0.071727419;0.192662515;-0.116436643;-0.487400927;0.134273716;-0.986651403;0.089643408;-0.126518588;-0.153341115;-0.727575749;0.089800505;-0.980281975;-0.021663536;0.215944623;0.163108445;-0.063153735;-0.208191876;walk;17;
45.495;-0.283840899;-0.184887278;0.940881123;-0.131676636;-0.101935399;0.036287189;-0.974208543;0.05298478;0.202228582;-0.159297666;-0.542146164;0.051061704;-0.964375034;0.060783675;-0.110599704;-0.167511356;-0.76414018;0.002058126;-0.933586151;0.068942126;0.218166206;0.050829401;-0.00059502;-0.064274014;walk;17;
45.595;-0.279181359;-0.151003801;0.945885802;-0.194429919;-0.145470903;-0.003767524;-0.966812661;0.073247682;0.298303189;-0.350469374;-0.588945465;-0.026571917;-0.983461557;0.067407883;-0.005368564;-0.330268457;-0.881648631;-0.120545722;-0.926203708;0.049124434;0.277007677;-0.134379548;0.107770728;0.214496609;walk;17;
45.695;-0.285827257;-0.118206016;0.981653641;-0.159350438;-0.37677155;-0.103180437;-1.019308721;0.047084027;0.26854402;-0.547428151;-0.66570081;-0.187739252;-1.012366828;0.093890482;0.023826567;-0.486765796;-0.961516134;-0.314378033;-0.928485028;0.005356706;0.321796533;-0.179540628;-0.005333232;0.164187863;walk;17;
45.795;-0.270879734;0.003143322;1.058468439;0.759065162;-1.105808744;-0.124428827;-1.147169725;0.052550206;0.136960779;0.205672251;-1.057700201;-0.493142057;-1.110959057;0.16549947;-0.039908247;0.315694048;-0.721705262;-0.427293087;-1.049741449;-0.057821921;0.331496847;-0.394392491;-0.105894789;-0.075520198;walk;17;
45.895;-0.152898129;-0.162722081;0.952765367;1.958880451;-3.431724451;-0.397354192;-1.256644897;0.027093889;0.005110871;0.831729157;-2.036043403;-0.517261717;-1.139258853;-0.062569164;-0.389259919;0.961498205;0.675774704;-0.198595728;-1.077963884;-0.087766624;0.171949479;-0.637262998;-0.019804677;-0.167867363;walk;17;
45.995;-0.863600863;-0.381990693;0.997773045;1.553057917;-4.620457321;-0.178956389;-0.889926386;-0.061952662;0.503658758;-0.26286738;-2.144397803;0.01399691;-1.099365905;-0.196593371;-0.130985092;-0.200782515;2.251355232;-0.206754047;-0.932660628;0.034269898;0.077375839;-0.333144073;-0.002236512;-0.007017039;walk;17;
46.095;-0.419344426;-0.484231087;1.054330742;-0.452750068;0.981718636;1.359596983;-0.41403764;-0.116199937;0.670583445;-0.293385789;0.412295237;0.521643602;-1.1594585;-0.122454176;0.003620457;-0.603754747;2.355576941;-0.02727538;-0.988976385;-0.077450975;0.197549542;-0.11190241;0.096324964;0.186956382;walk;17;
46.195;-0.182280176;-0.488497564;0.720977365;-1.914671193;4.354541468;1.363307315;-0.356273728;-0.128609778;0.549494351;0.078504978;3.838824189;0.236459669;-0.871934694;-0.058759262;0.103212675;-0.170992549;1.310427285;0.16917628;-0.896655188;-0.050863015;0.233548532;0.044001639;0.048216036;0.171348219;walk;18;
46.295;-1.055532423;-0.806398569;0.90393282;-2.053638114;4.248409023;0.441226702;-1.00618534;-0.115473554;0.438279456;0.251560866;4.84038424;-0.081923577;-0.773443192;-0.100960356;-0.206250494;0.244735785;-0.107786948;0.086698475;-0.931818354;-0.080959242;0.289216089;0.284957773;0.077352608;-0.167847325;walk;18;
46.395;-1.523918002;-0.392896771;0.311213729;-0.902124685;0.719275793;-1.484376745;-1.288016139;-0.033919795;0.21579555;0.535118825;0.995773978;0.012102141;-0.959405027;-0.054510605;-0.57815132;0.510723043;-0.406908702;0.166465234;-0.937412269;0.008459995;0.416805874;0.509593291;-0.020869018;-0.106339246;walk;18;
46.495;-0.705289089;-0.385502224;1.121425699;0.873523882;-1.18885725;-0.323449566;-1.056051224;0.02640967;0.20191172;0.852535858;-1.736628483;0.223883006;-1.026713402;0.01547433;-0.221798254;0.722612231;-0.52801157;0.502663205;-1.087539078;-0.083860877;0.297348312;0.425977592;-0.103209827;0.190184291;walk;18;
46.595;-0.274034107;-0.431945666;0.879053874;-0.005635918;-0.050140402;-0.084315363;-0.916873243;0.006277928;0.387879878;0.393276001;-1.151247364;0.298686486;-0.983118345;-0.027294767;-0.028234964;0.244074064;-1.255369391;0.430175339;-0.925760396;-0.022015036;0.060272599;0.674300123;-0.221575139;-0.135250059;walk;18;
46.695;-0.237076708;-0.316063817;0.928918414;-0.512747617;-0.271982181;-0.304567796;-1.007143999;0.033818178;0.297822324;-0.194832334;-0.80263513;0.232059091;-1.014858582;0.051372747;-0.080814909;-0.266342375;-1.317490453;0.147126896;-1.035866425;-0.061917044;0.08191922;0.208692756;-0.161273113;-0.138001346;walk;18;
46.795;-0.29623049;-0.161996154;0.948859723;-0.615916776;-0.700861662;-0.457964576;-1.004287717;0.102674055;0.270556359;-0.581655758;-0.833832248;0.098430821;-0.994502983;0.078259732;-0.07705209;-0.584085054;-1.329618503;-0.084909912;-0.949546566;0.044731502;0.200557851;-0.080502113;0.094312433;0.02181153;walk;18;
46.895;-0.399929256;-0.10620358;0.941750817;-0.241148196;-1.151540759;-0.078873123;-0.997814666;0.052672093;0.232723321;-0.631500064;-1.091277572;0.013332771;-0.962633801;0.095212882;-0.022961606;-0.61200275;-1.345942016;-0.158048593;-0.863185815;-0.049874932;0.300205208;-0.586487924;0.337618228;0.453756212;walk;18;
46.995;-0.26072908;-0.07805777;0.949193468;0.655930157;-2.147328338;-0.466893144;-1.178759686;0.047553075;0.059040644;0.212370948;-1.727420886;-0.367341614;-1.060244353;0.185806423;-0.19536518;0.311301646;-0.867719545;-0.282977877;-0.925377074;-0.008303084;0.442808977;-0.830490631;0.000215223;0.046188387;walk;18;
47.095;-0.529675684;-0.172883482;1.023543924;1.079997122;-5.865974418;-1.161410352;-1.438588684;-0.004829247;0.025533122;0.283769759;-2.536952166;-0.519348784;-1.309259292;-0.125920958;-0.482191601;0.500957444;1.053129602;-0.353954635;-1.216600219;-0.08914017;0.178110848;-0.368280676;0.028572681;-0.594860315;walk;18;
47.195;-1.260284841;-0.340471985;1.631695479;0.795205015;-1.864148925;2.134625295;-0.695889527;-0.08466956;0.646126977;-0.642452321;-1.097008732;0.430162161;-1.273300899;-0.241743407;-0.019010173;-0.738626243;2.983679258;-0.295898708;-0.956172204;0.075417191;0.084378689;-0.267774694;-0.010783251;-0.01815077;walk;18;
47.295;-0.067611987;-0.361012128;0.640524161;-2.461689391;4.913055107;1.394834326;-0.240085689;-0.143811026;0.654252458;-0.224965094;2.807476987;0.719583002;-1.095277863;-0.074545594;0.19217586;-0.749295806;2.678353595;0.08267173;-0.918949446;-0.062917548;0.154380259;0.255673085;0.032058998;0.194114851;walk;18;
47.395;-0.577700382;-0.766890196;1.099027448;-1.750771601;5.45314856;2.329596561;-0.590206191;-0.112904293;0.513562541;-0.058832607;6.006245694;0.31556228;-0.710003929;-0.092524157;0.153601923;-0.295976989;0.841180872;0.162760657;-0.86387725;-0.094403479;0.309873269;0.376282922;0.014854943;-0.156810811;walk;18;
47.495;-2.064494947;-0.749464792;0.326422201;-2.391463867;2.874033825;-1.244244116;-1.357544186;-0.118778831;0.281278115;0.126110214;3.436337895;0.077890216;-0.812828686;0.010105587;-0.566462027;0.100059426;-0.358929685;0.058899313;-0.893343721;0.027240965;0.438254973;0.633675726;0.089586692;-0.387591514;walk;18;
47.595;-1.080553756;-0.531002357;0.890410727;1.291464235;-2.221909196;-0.736186431;-1.24001257;0.009490736;0.220169285;1.04451121;-2.176166336;0.112375395;-1.090447438;-0.077669412;-0.407527868;0.967943657;-0.310695241;0.384151861;-1.133669107;0.02246802;0.308004285;0.540680026;-0.055753441;0.228247748;walk;18;
47.695;-0.482753269;-0.42017018;1.038697342;0.019615459;-0.443387938;-0.12413107;-0.884922319;0.05503231;0.605595861;0.256816667;-1.735924501;0.285431754;-1.064428275;0.045914881;0.188748453;0.112949603;-1.365308072;0.366046302;-1.027869993;-0.166296836;0.102900638;0.323636108;-0.042609472;0.302844148;walk;18;
47.795;-0.206378983;-0.248532743;0.937456043;-0.587792118;-0.303568535;-0.085084797;-0.976758207;0.071871764;0.278914;-0.490069006;-0.918391797;0.214969735;-0.971513192;0.047698466;-0.113221279;-0.537121381;-1.804341102;0.016048116;-0.891566649;-0.019660861;0.144948358;-0.365865208;-0.191791533;-0.005688974;walk;18;
47.895;-0.258510605;-0.173814289;0.962439689;-0.647861948;-0.592659301;-0.096315049;-1.031300792;0.06011266;0.203497865;-0.915412421;-0.955952815;0.070068738;-0.966867726;0.064978899;-0.117960012;-0.896986497;-1.782584194;-0.202824327;-0.889810241;0.091901295;0.220522282;-0.53650652;0.105459605;0.329050883;walk;18;
47.995;-0.298418809;-0.049932771;1.040047169;0.115206469;-1.297781567;-0.261893583;-1.120845569;0.019733557;0.071470865;-0.365862828;-1.458089942;-0.304509154;-1.024496306;0.164145544;-0.093999057;-0.280323776;-1.508050112;-0.385376848;-0.838736027;-0.031206229;0.398422139;-0.707087654;0.195348283;0.489496613;walk;18;
48.095;0.06268479;0.00584177;1.063196854;1.670964061;-4.054785829;-1.069827371;-1.518758567;1.09E-01;-0.278734595;1.063520046;-2.460987073;-0.776004141;-1.271517238;0.184492796;-0.562783802;1.258890896;-0.223663195;-0.365123218;-1.183162687;-0.004678668;0.367342435;-0.267460296;-0.172594747;-0.52115961;walk;18;
48.195;-1.195546256;-0.341346286;1.626466383;2.171162744;-6.191594587;-0.185305894;-1.264948181;0.040698784;0.344270068;0.230437842;-2.557095261;-0.360481869;-1.423634861;-0.205081115;-0.353959406;0.412865062;2.806485892;-0.19543449;-1.119610572;-0.040990708;0.086120662;-0.059280628;-0.075865564;-0.558395086;walk;19;
48.295;-0.41716608;-0.441785802;1.103578326;-1.077223889;2.734718585;1.752185393;-0.196697413;-0.129537963;0.726006776;-0.269295402;1.215000591;0.579416343;-1.179542458;-0.172345554;0.155787694;-0.642937897;3.294580913;-0.025068284;-0.874622643;0.036436347;0.141886036;0.469680816;0.009840995;-0.091892541;walk;19;
48.395;-0.288591234;-0.630352997;0.794427306;-2.477140148;6.017667214;1.560612141;-0.212763011;-0.192599312;0.525363361;-0.188581621;5.254519086;0.466481396;-0.758042268;-0.131825353;0.283909293;-0.507730674;1.711674471;0.039499475;-0.821721236;-0.135318958;0.240114347;0.420232046;0.148429563;-0.086504733;walk;19;
48.495;-1.679838898;-1.132288521;0.80507526;-2.188497705;4.862427916;1.305051591;-1.215070718;-0.187880584;0.400678172;-0.335905575;5.675814737;0.060436585;-0.727883204;-0.078045102;-0.30525992;-0.326334742;-0.215986312;-0.148344502;-0.85094235;-0.026445638;0.426284421;0.421492413;0.141960836;-0.316212962;walk;19;
48.595;-1.605870559;-0.414401664;0.301166222;0.378748268;-0.961168259;-1.245316336;-1.40561221;-0.001144133;0.142387276;0.816613837;-0.749588339;-0.049856267;-1.058564336;-0.059643546;-0.708265631;0.801292412;-0.311283861;0.151005159;-1.107145606;-0.021490204;0.478062995;0.526310355;-0.06554185;0.118182533;walk;19;
48.695;-0.726162935;-0.454412574;1.242973391;0.372514607;-1.277900292;-0.20370232;-0.972821567;0.07307957;0.497859948;0.247279222;-2.150993066;0.308308282;-1.092035325;0.058506984;0.089447682;0.104997034;-0.98687364;0.380462114;-1.117239217;-0.028265995;0.146853447;0.132969331;-0.035194065;0.483625436;walk;19;
48.795;-0.187387038;-0.32575746;0.920889291;-0.560368648;-0.150153745;-0.116866201;-0.957831955;0.046402897;0.3349246;-0.294287999;-1.060661719;0.230760263;-0.986237805;0.019818071;-0.07075126;-0.364748327;-1.835430379;0.100732206;-0.888630023;-0.119910647;0.155601406;-0.031910622;-0.238413444;-0.05669776;walk;19;
48.895;-0.246327224;-0.146996517;0.959528039;-0.670835035;-0.353245131;-0.007728262;-0.992254822;0.088478633;0.141124173;-0.81473151;-0.925802524;0.116755808;-0.925597789;0.087342472;-0.170690425;-0.810953272;-1.702823462;-0.146572111;-0.866150117;0.091507384;0.169650579;-0.525332862;-0.112763669;0.089604086;walk;19;
48.995;-0.263632954;-0.141982887;1.00520956;-0.27899031;-0.701723028;-0.100329029;-1.060548251;-0.004365326;0.177371151;-0.758196364;-1.207103273;-0.164528348;-0.989210136;0.066226778;-0.061830032;-0.691752902;-1.672821288;-0.355368314;-0.859408488;0.079232228;0.304660502;-0.597269745;0.188153931;0.448752436;walk;19;
49.095;-0.178094117;0.005268099;1.074641376;0.863640983;-1.903585296;-0.504140251;-1.231987931;0.042904084;0.069789949;0.407936825;-1.74118536;-0.60376401;-1.143471953;0.215372011;-0.082391279;0.546133924;-1.246842758;-0.475502586;-0.987054109;0.020195249;0.435586542;-0.580140038;-0.07114713;0.120343931;walk;19;
49.195;-0.183464003;-0.094322667;1.088116375;2.775735143;-5.906920133;-1.279185611;-1.605909548;0.148681252;-0.322834831;1.435985515;-2.716997726;-0.827280086;-1.32885209;0.036925418;-0.728912654;1.645708858;0.660427449;-0.203980238;-1.192419883;-0.065715922;0.301470128;-0.064823641;-0.110560972;-0.68783673;walk;19;
49.295;-1.238651947;-0.619214359;1.754492637;1.005201832;-3.351046698;0.244129352;-0.819932937;-0.093900992;0.603741069;-0.338268203;-1.758180024;0.196951668;-1.330901352;-0.312291965;-0.09993613;-0.361087888;3.393691535;-0.219228005;-0.978667726;0.074546218;0.035311984;-0.097838046;-0.119949047;-0.228796277;walk;19;
49.395;-0.137056879;-0.37188028;0.812427526;-2.415396799;5.081384802;1.087099579;-0.121378565;-0.131803177;0.667420144;-0.252842696;2.781305001;0.706572293;-1.122464186;-0.090489362;0.233535469;-0.751582674;3.01343758;0.017088347;-0.908478405;-0.078765548;0.163067798;0.243915837;0.105512615;0.109798147;walk;19;
49.495;-0.646279516;-0.802940807;1.109840992;-1.728075058;6.182340185;2.598481955;-0.519104099;-0.155133314;0.516827667;-0.012528596;6.45035523;0.317188676;-0.694913226;-0.102747579;0.243657611;-0.271096428;0.883570182;0.16799423;-0.845755833;-0.039727838;0.330157798;0.32252823;0.133643956;-0.115969346;walk;19;
49.595;-2.255561726;-0.816624924;0.241489452;-2.162449943;3.004991678;-0.988359966;-1.436086728;-0.115066838;0.306190303;0.221363256;3.591542601;0.023659312;-0.827168379;-0.025686784;-0.642010126;0.207179651;-0.462477085;0.051088401;-0.864539414;0.062148109;0.498962767;0.748480793;0.011406863;-0.26618103;walk;19;
49.695;-1.144375181;-0.508648292;0.970752728;1.20914653;-2.439297591;-0.84333504;-1.249946867;0.055337027;0.211491574;0.927275527;-2.420358599;0.169328354;-1.107811669;-0.026613728;-0.399421218;0.833309487;-0.274464244;0.414940966;-1.212481351;-0.035735665;0.236554212;0.485656455;-0.06930606;0.418599235;walk;19;
49.795;-0.440932098;-0.430067018;1.015220047;0.003541396;-0.347138218;-0.106922465;-0.867756826;0.060430588;0.650630251;0.299614999;-1.71276663;0.312268636;-1.074822217;0.054058571;0.21640383;0.133596208;-1.524917532;0.411507741;-1.022194085;-0.151838318;0.132020872;0.272613899;0.00043707;0.270698231;walk;19;
49.895;-0.199827506;-0.264305278;0.924901811;-0.760870195;-0.341427721;-0.180790222;-0.989076001;0.071417154;0.25310806;-0.604381125;-0.873989699;0.238769305;-0.96171552;0.039387824;-0.139303964;-0.652885661;-1.948732679;0.001985418;-0.856420765;-0.018462201;0.138009919;-0.344692332;-0.201988796;-0.016922537;walk;19;
49.995;-0.280402336;-0.10762619;0.983435308;-0.708082092;-0.713083817;-0.20788658;-1.047668527;0.075660255;0.151555626;-0.929436614;-1.036947311;0.053296371;-0.970662515;0.099097957;-0.131743959;-0.907608909;-1.797787119;-0.21326698;-0.892811092;0.061402031;0.220964809;-0.561318378;0.136099384;0.365433653;walk;19;
50.095;-0.300111508;-0.018645567;1.03202313;0.25158974;-1.47775314;-0.200840199;-1.121236963;0.044681263;0.03904576;-0.216539585;-1.626451722;-0.290651231;-1.014789442;0.177229986;-0.132247602;-0.138235906;-1.428043395;-0.33281857;-0.82406582;-0.063038995;0.420391835;-0.801479221;0.181483102;0.420326245;walk;19;
50.195;0.035505729;-0.034858359;1.016358133;1.546997137;-4.607994958;-1.091579593;-1.505267016;0.086030012;-0.230396074;0.894038732;-2.618411844;-0.688040235;-1.258784788;0.118657521;-0.574806625;1.084521574;0.045925376;-0.306010024;-1.199597499;-0.017116469;0.316066966;-0.401055349;-0.149902515;-0.511952925;walk;20;
50.295;-1.362760587;-0.341276489;1.638394426;1.601921955;-5.653546747;0.251607951;-1.124893917;-0.020962126;0.466610405;-0.127442012;-2.293758882;-0.141077339;-1.393743169;-0.24559045;-0.250042664;0.011469223;2.824674286;-0.263480368;-1.059814295;-0.044934124;0.113281963;-0.256724275;-0.053989055;-0.36358382;walk;20;
50.395;-0.339554959;-0.40920698;0.994181981;-1.556823517;3.390829961;1.67827809;-0.212939029;-0.151752892;0.717430984;-0.423818105;1.483745948;0.703990258;-1.184526319;-0.158667778;0.139290226;-0.816739875;3.150533058;-0.125085665;-0.90522257;0.056901247;0.164706386;0.334315014;-0.040382954;-0.038000798;walk;20;
50.495;-0.343614429;-0.575580903;0.859675437;-1.869881719;6.218162884;1.765882914;-0.236649715;-0.163407734;0.512413746;-0.058117697;5.501178816;0.312745085;-0.739281432;-0.079521383;0.317059289;-0.303008358;1.444702663;0.081256441;-0.824646377;-0.144785804;0.268213618;0.365663099;0.039493882;0.024061883;walk;20;
50.595;-1.801403497;-1.018183384;0.707290619;-2.222508971;4.356595021;0.857340561;-1.288124028;-0.120984497;0.369888169;-0.341932156;5.338240551;0.088580123;-0.754181342;-0.087188841;-0.42595875;-0.349031327;-0.402916341;-0.074819196;-0.85631103;-0.066584859;0.457325494;0.350787656;0.045803648;-0.313381568;walk;20;
50.695;-1.575729143;-0.456478049;0.457171907;0.461475983;-1.598538443;-1.163195336;-1.402348023;-0.033366324;0.088066666;0.72395253;-1.2946148;0.095767295;-1.082264443;-0.04924243;-0.679293261;0.67565043;-0.162071584;0.267829915;-1.165194915;0.027736876;0.352045802;0.325967845;-0.064875308;0.294563736;walk;20;
50.795;-0.621719657;-0.398997634;1.154808424;0.306453995;-0.754667442;-0.088944646;-0.878771069;0.082005165;0.591380624;0.371678405;-2.13145237;0.25499435;-1.059095509;0.084814555;0.196934152;0.231401434;-1.064612964;0.386244092;-1.056098726;-0.051659917;0.135514366;0.404771958;0.03794486;0.39951806;walk;20;
50.895;-0.197525651;-0.279017773;0.931123702;-0.338222261;-0.163757272;-0.013596591;-0.963922297;0.059793283;0.324015596;-0.206391382;-0.99204063;0.179742364;-0.99295374;0.043123063;-0.083517828;-0.264051011;-1.816235702;0.083793423;-0.902487709;-0.152644189;0.142273692;-0.006494359;-0.254711033;-0.126938561;walk;20;
50.995;-0.2464075;-0.190657;0.961898857;-0.35767153;-0.373363943;-0.03295676;-1.007553326;0.060456108;0.160054473;-0.494601531;-0.936134997;0.069365547;-0.945419288;0.080200379;-0.165712437;-0.490966815;-1.691624261;-0.097011387;-0.88497186;0.119845867;0.164831146;-0.292666602;-0.076860067;0.017167505;walk;20;
51.095;-0.244073289;-0.2038746;0.999927386;-0.018059377;-0.919298887;-0.301582471;-1.081945636;0.008824287;0.199011962;-0.36849575;-1.241582923;-0.161664229;-1.013688431;0.072313518;-0.084094199;-0.312010386;-1.681533583;-0.256211571;-0.874178074;0.054235517;0.346987334;-0.250978534;0.247632766;0.352496479;walk;20;
51.195;-0.131835986;0.047344931;1.070385827;1.350165929;-2.428876794;-0.681146054;-1.285713108;0.133287869;-0.105226309;0.720308521;-1.988422251;-0.577015369;-1.144200581;0.276106611;-0.278142989;0.851908699;-0.962079854;-0.336241875;-1.010646975;-0.101741691;0.412339133;-0.335492357;-0.135989463;-0.21743112;walk;20;
51.295;-0.50851533;-0.343515154;1.156915968;2.972262258;-6.271209391;-1.229798995;-1.50481512;0.075180082;-0.023669812;0.68958527;-2.885273834;-0.467485577;-1.326572461;-0.136696432;-0.621313942;0.843039598;1.630192942;-0.119999747;-1.166625109;-0.05695499;0.134386478;-0.285691906;-0.051087935;-0.615745955;walk;20;
51.395;-0.909214909;-0.79908695;1.601295358;-0.315496338;-0.948043053;0.802806487;-0.562060204;-0.187831919;0.724398772;-0.715362804;-0.61080278;0.701891213;-1.340437598;-0.30172001;0.003218727;-0.969927136;3.449778515;-0.300528989;-0.963852631;0.067636251;0.106053303;-0.188346782;-0.041427615;-0.014278212;walk;20;
51.495;-0.019071725;-0.501960007;0.725585195;-3.171017327;5.618404116;0.650810336;-0.187583858;-0.169731138;0.542661739;-0.240347041;3.926733192;0.605639335;-0.95047839;-0.026483588;0.216089949;-0.647405295;2.524697496;-0.015729101;-0.865105166;-0.071120445;0.222451572;0.150610451;0.150372616;0.154706842;walk;20;
51.595;-1.079615284;-0.936016283;1.13490405;-1.122784656;5.578015678;2.465211993;-0.786400232;-0.151839896;0.489403545;0.073248842;6.483574231;-0.072076873;-0.631249442;-0.139019025;0.035154254;0.084357911;0.30480365;0.017270039;-0.836892638;-0.06121885;0.369580693;0.321541421;0.1907131;-0.160743041;walk;20;
51.695;-2.206411536;-0.573969217;-0.001621396;-1.445842252;1.382373849;-1.629995214;-1.479437182;-0.038839732;0.254132819;0.548433284;1.581987624;-0.029156503;-0.971119841;-0.001595937;-0.725945751;0.544679443;-0.456937525;0.094506153;-0.96208887;0.010682108;0.518720094;0.614753325;-0.025847087;-0.097259538;walk;20;
51.795;-0.882093173;-0.51043586;1.236703903;0.723481334;-2.018441834;-0.539414594;-1.115108996;0.053974639;0.32624221;0.525857493;-2.471981399;0.269590269;-1.102957335;-0.01672371;-0.176812938;0.396181307;-0.534643912;0.423621123;-1.203687667;-0.048898754;0.173961116;0.208777487;0.01369877;0.559383542;walk;20;
51.895;-0.288144466;-0.346494261;0.941483092;-0.192812592;-0.124237588;-0.066047119;-0.902611902;0.0515698;0.489193205;0.137843448;-1.343852935;0.274381233;-1.022130723;0.051179761;0.065167909;0.004945389;-1.708886339;0.30955076;-0.943236444;-0.154069857;0.167763782;0.179410529;-0.111524535;0.07181281;walk;20;
51.995;-0.223519785;-0.216452079;0.939236944;-0.586162609;-0.258613114;-0.028499823;-0.977383044;0.069168236;0.163919831;-0.530989369;-0.913107754;0.20399995;-0.916665224;0.053114886;-0.192486182;-0.570419267;-1.832871876;0.005459554;-0.835357767;0.011170246;0.156940321;-0.354255587;-0.140423924;-0.022296406;walk;20;
52.095;-0.237458042;-0.169011777;0.999849618;-0.391831595;-0.609345998;-0.016979623;-1.061505185;4.19E-02;0.211023319;-0.719553663;-1.155511252;0.038535518;-0.996011641;0.062314086;-0.101615304;-0.701977713;-1.75652865;-0.16713627;-0.899722683;0.089368307;0.280536083;-0.476555894;0.202550738;0.361971438;walk;20;
52.195;-0.196686502;-0.056543478;1.066392878;0.406622506;-1.743619572;-0.436216066;-1.208207419;0.043071357;0.048948626;-0.102935468;-1.680208913;-0.369713041;-1.097882309;0.197293814;-0.135436614;-0.004816172;-1.39870299;-0.380394727;-0.882282501;-0.080588317;0.483751094;-0.617981415;0.029059931;0.224712859;walk;21;
52.295;-0.004914255;-0.031329652;1.012287657;1.897358226;-5.499679289;-1.355040887;-1.567997683;0.099869602;-0.321047944;0.952426823;-2.661999627;-0.722386644;-1.287057717;0.095313734;-0.675386702;1.156948051;0.319995698;-0.291651751;-1.196173705;-0.003780787;0.288632806;-0.166505157;-0.208999337;-0.663389745;walk;21;
52.395;-1.414062679;-0.533780911;1.80020915;1.578851162;-4.690085022;0.155965463;-0.977351808;-0.045065189;0.536394736;-0.092339975;-1.940959327;-0.092921904;-1.382147824;-0.26107467;-0.178660839;0.014744797;3.21472732;-0.205866664;-1.022252677;0.001001664;0.077037403;-0.13666808;-0.113879433;-0.29135216;walk;21;
52.495;-0.266832713;-0.380827534;0.882174293;-2.229390816;5.154994784;1.723196658;-0.174086887;-0.136088819;0.650339949;-0.429177975;2.475673055;0.698589789;-1.12086684;-0.129597724;0.179224265;-0.81107826;3.05447842;-0.131565669;-0.888772141;-0.005711754;0.159457573;0.440048494;-0.02780238;-0.026801125;walk;21;
52.595;-0.503830236;-0.712775621;0.980740373;-1.65900416;6.06679024;2.420044754;-0.432740948;-0.162983538;0.500087099;-0.040216905;6.141664813;0.224173046;-0.663330213;-0.087425196;0.268051271;-0.212975574;1.145464917;0.07876662;-0.829911208;-0.152478965;0.300067738;0.298620939;0.142503699;-0.047799979;walk;21;
52.695;-2.211459781;-0.819939805;0.352410026;-2.396269703;3.323869272;-0.525261608;-1.40180295;-0.067824013;0.378538546;-0.142600074;4.023946989;0.099788713;-0.835539999;-0.035043621;-0.573535288;-0.160127168;-0.457221674;0.018650405;-0.87504672;0.027477716;0.509508494;0.529142312;0.074982014;-0.325716344;walk;21;
52.795;-1.225254929;-0.526065596;0.868798076;1.154154683;-2.406466941;-0.618688789;-1.307973596;-0.007116001;0.111686231;0.758823466;-2.259448641;0.198685914;-1.089186653;-0.033929983;-0.517073153;0.668324298;-0.207512388;0.3984821;-1.206055547;0.000235562;0.22285361;0.34787878;0.034718074;0.40882141;walk;21;
52.895;-0.502107365;-0.410472774;1.041489439;0.174973544;-0.379713035;-0.04090671;-0.83582331;0.084129726;0.670971727;0.383156347;-1.960463289;0.266184493;-1.072346873;0.091753771;0.232457968;0.218296305;-1.226391672;0.411257726;-1.047000777;-0.104679819;0.143893023;0.292609788;0.145307541;0.347794383;walk;21;
52.995;-0.199625675;-0.288148418;0.925294798;-0.414496792;-0.216026446;-0.012369443;-0.966939241;0.074999285;0.336031032;-0.320271132;-0.86852233;0.201949889;-0.98810541;0.047435996;-0.10596452;-0.378687979;-1.964815288;0.052953119;-0.847087906;-0.101971862;0.218442363;-0.302867139;-0.138254382;-0.027062765;walk;21;
53.095;-0.238683165;-0.207503883;0.960076056;-0.637012221;-0.467601018;-0.105485125;-1.025057079;0.06371646;0.203774858;-0.827153935;-0.894148854;0.099296192;-0.962401233;0.061135346;-0.143869522;-0.816283194;-1.830159974;-0.173126472;-0.887504399;0.123901934;0.189675633;-0.472443053;-0.044961134;0.202981277;walk;21;
53.195;-0.2603697;-0.090028012;1.053751704;0.043313251;-1.191082961;-0.370415342;-1.147699246;0.037917361;0.047138884;-0.400438823;-1.398860299;-0.257441099;-1.035282307;0.175315586;-0.153313693;-0.319627693;-1.563274926;-0.355071355;-0.821639877;-0.055686714;0.444165992;-0.563079697;0.160031791;0.423497236;walk;21;
53.295;0.081372946;-0.014454543;1.038558017;1.691359111;-3.863286859;-0.954988843;-1.450966053;0.111253816;-0.218123215;0.844002701;-2.500427456;-0.646575435;-1.214064858;0.161069407;-0.543599927;1.015979861;-0.16030729;-0.30041341;-1.139029971;-0.02034321;0.346984273;-0.372091343;-0.232224803;-0.431255719;walk;21;
53.395;-1.156796541;-0.396501881;1.462908357;2.013049503;-6.440559953;-0.684378892;-1.280201517;0.013552473;0.326104235;0.052794663;-2.626473378;-0.329697947;-1.367453489;-0.183742776;-0.3993868;0.268504166;2.590798816;-0.272644889;-1.087870741;-0.056858599;0.103473899;-0.092695883;-0.096116012;-0.560696677;walk;21;
53.495;-0.47400554;-0.491922325;1.233283928;-1.158735382;2.46114273;1.520094103;-0.275043564;-0.158633671;0.753545836;-0.40196461;0.951415089;0.5643856;-1.271773077;-0.191488902;0.076851081;-0.678881433;3.325882389;-0.169256062;-0.95672156;0.059512996;0.179673006;0.185750252;-0.010871031;-0.061875992;walk;21;
53.595;-0.257419743;-0.533014744;0.761170545;-1.855919638;5.93303388;1.81438743;-0.127658854;-0.164787046;0.515253716;-0.092657419;5.248535315;0.282921105;-0.7419302;-0.08736268;0.321446721;-0.296393915;1.652679896;0.020920945;-0.81113512;-0.079856669;0.261275099;0.321116039;0.120508198;0.048150486;walk;21;
53.695;-1.747182069;-1.072729015;0.69319295;-2.17686858;4.745083726;1.341487437;-1.163887744;-0.117770244;0.458915371;-0.205436479;5.553929206;0.017026319;-0.709411347;-0.086277312;-0.291993164;-0.18459786;-0.368959244;-0.099382884;-0.832516015;-0.086838737;0.425879417;0.394506358;0.167894615;-0.2613847;walk;21;
53.795;-1.632953561;-0.472978183;0.383003973;-0.222196256;-0.914830932;-1.58089599;-1.470360197;-0.049673644;0.139923604;0.647725007;-0.677335424;0.105170379;-1.113183628;-0.071529441;-0.712694934;0.593956542;-0.377207004;0.275393416;-1.14094951;-0.014622709;0.455153781;0.250335779;-0.095400404;0.272941771;walk;21;
53.895;-0.625182217;-0.379929344;1.175248981;0.323040988;-0.961832206;-0.259403095;-0.90251189;0.067457911;0.47865309;0.441653463;-2.075585448;0.28035881;-1.02777099;0.057302079;0.090057508;0.290018757;-1.019583159;0.43405962;-1.037398509;0.009839404;0.144998532;0.347924326;-0.019441607;0.40663801;walk;21;
53.995;-0.215511949;-0.300730559;0.933681893;-0.397561342;-0.138406571;-0.057083292;-0.962171566;0.041592783;0.328368091;-0.135776534;-1.059484012;0.256930085;-0.985492307;0.022034878;-0.094818881;-0.230452449;-1.734873314;0.183213553;-0.927295575;-0.179284563;0.179572417;0.03687278;-0.229089111;-0.016694568;walk;21;
54.095;-0.236556839;-0.185355885;0.953332498;-0.609692743;-0.371611839;-0.048397842;-0.997216936;0.075904786;0.187418311;-0.678645731;-0.955192958;0.159953625;-0.933607355;0.06922662;-0.162739977;-0.695300417;-1.784088719;-0.070208145;-0.856573883;0.096925134;0.210953461;-0.365036951;-0.011974545;0.093171162;walk;21;
54.195;-0.257085241;-0.119290089;1.026422755;-0.214512209;-0.847135245;-0.143077012;-1.094031395;0.024311303;0.154729387;-0.622642851;-1.237832036;-0.109938759;-1.013726989;0.111754706;-0.085448505;-0.572852248;-1.726669248;-0.272518583;-0.856446704;0.051082946;0.342971416;-0.444916752;0.220384397;0.447950307;walk;22;
54.295;-0.043546444;0.026051656;1.075363363;1.172848017;-2.616528116;-0.581835897;-1.332852315;0.096004458;-0.122924235;0.609328957;-2.111691675;-0.564258291;-1.169306691;0.225728625;-0.335010929;0.743556959;-0.858521554;-0.354502872;-1.030065816;-0.091866121;0.449727822;-0.402916521;-0.125389234;-0.18702063;walk;22;
54.395;-0.554033871;-0.233946057;1.164057438;2.005211494;-6.893845726;-1.456805631;-1.530582544;0.062239255;-0.081146804;0.609251802;-2.930124802;-0.609774084;-1.302800302;-0.076551943;-0.65034437;0.85154842;1.697798904;-0.235773049;-1.123640416;-0.058502109;0.171682358;-0.236942003;-0.09962183;-0.619255153;walk;22;
54.495;-1.050404185;-0.499288381;1.716729293;0.277134971;-0.605294983;1.244057771;-0.530933231;-0.121336038;0.786305476;-0.371350243;-0.543487983;0.285394849;-1.39187586;-0.251821462;0.009197982;-0.432534883;3.464213562;-0.221392873;-1.016312109;0.101796561;0.132229794;0.04834621;-0.050204722;-0.187820164;walk;22;
54.595;-0.103645261;-0.425484903;0.678192957;-2.266186964;5.80733068;1.504052138;-0.09299541;-0.171492108;0.57710167;-0.296148781;4.130210293;0.582637111;-0.930492803;-0.123066724;0.259885925;-0.648642343;2.409306351;-0.070390863;-0.829009387;-0.100292124;0.226031626;0.391781461;0.084533611;0.10573339;walk;22;
54.695;-1.121152858;-1.036576827;1.008846889;-1.639630753;5.46691571;2.575017407;-0.787940849;-0.152832552;0.456930784;-0.34176938;6.395458589;0.174393008;-0.591352944;-0.095242276;0.012460593;-0.3844328;0.258332843;-0.108390017;-0.814245058;-0.10841791;0.368072353;0.335023555;0.127768184;-0.194511246;walk;22;
54.795;-2.139166221;-0.48242492;0.038492649;-1.331936506;1.262142493;-1.492529808;-1.492453024;-0.050147725;0.203766781;0.498126485;1.460644489;0.038078926;-0.997819317;0.014037158;-0.733448992;0.478753528;-0.486638485;0.141298992;-0.974010791;0.017473247;0.543878455;0.504293454;-0.053244977;-0.075586865;walk;22;
54.895;-0.899242794;-0.565147174;1.230132636;0.828476052;-1.94307499;-0.711822005;-1.101969272;0.038678789;0.316230056;0.790586119;-2.555155523;0.25238583;-1.07950717;-0.022477963;-0.193142826;0.648693212;-0.543855169;0.501598443;-1.198007591;-0.028897463;0.171684447;0.231474508;0.007433042;0.60909616;walk;22;
54.995;-0.282869209;-0.320959165;0.949156131;-0.010271686;-0.104661761;-0.008057153;-0.887224399;0.06257037;0.472761565;0.319392859;-1.498275376;0.283026034;-1.008517674;0.077230805;0.056311551;0.1585334;-1.640426851;0.396605626;-0.938701238;-0.176974689;0.17031211;0.224820583;-0.107250038;0.012594968;walk;22;
55.095;-0.216294306;-0.290858759;0.924853988;-0.361853835;-0.256186648;-0.038916645;-0.9684465;0.058787741;0.262953472;-0.239860499;-0.954224616;0.228196656;-0.942263749;0.031829797;-0.14742142;-0.311555934;-1.896721266;0.123900678;-0.844479652;0.033806512;0.16259815;-0.288322031;-0.12425194;-0.044940061;walk;22;
55.195;-0.226919329;-0.194088991;1.006866816;-0.267947406;-0.684439585;-0.046793417;-1.070578372;0.051715067;0.171726368;-0.545625062;-1.226648464;0.099003861;-0.99157879;0.088630114;-0.15497365;-0.549572703;-1.68360475;-0.07850843;-0.921175382;0.06571171;0.236154388;-0.480265433;0.169517359;0.284956334;walk;22;
55.295;-0.155948041;-0.153374285;1.031005826;0.532552327;-1.979983222;-0.638687223;-1.193597759;0.054255531;0.141024864;-0.017350781;-1.832303971;-0.284354174;-1.089910801;0.174225067;-0.1547268;0.073497241;-1.286497239;-0.271502309;-0.879070501;-0.023382212;0.519309163;-0.494798516;0.088216376;0.139181124;walk;22;
55.395;-0.107905336;-0.104888215;0.943401599;1.515985763;-5.69071061;-1.834857396;-1.523552668;0.0572466;-0.210101069;0.530413176;-2.48758218;-0.627272143;-1.249848978;0.058889744;-0.639284272;0.754888795;0.163135903;-0.32719545;-1.143109602;-0.04383226;0.330575063;-0.249463839;-0.193694484;-0.656476896;walk;22;
55.495;-1.518078772;-0.435031664;1.861902227;0.877004689;-4.104368241;0.243495708;-1.032779763;-0.068429951;0.529037117;-0.391184174;-1.795608718;0.059594473;-1.40708264;-0.29034083;-0.241081687;-0.299287119;3.123369334;-0.331039862;-1.072316804;0.001913956;0.036874494;-0.241992396;-0.114062418;-0.321483408;walk;22;
55.595;-0.229402757;-0.378194001;0.892547711;-2.11304105;4.938492322;1.74553673;-0.184581444;-0.149173014;0.674650452;-0.477482891;2.507573622;0.859012651;-1.159412148;-0.127644592;0.17229119;-0.976362038;3.212818049;-0.133702048;-0.886137816;0.030092602;0.192425846;0.264545507;0.04813285;0.090712998;walk;22;
55.695;-0.542161295;-0.790654181;0.924934396;-1.751149708;6.151854414;2.560445697;-0.397532913;-0.181832732;0.518934445;-0.173362206;6.22771024;0.374797241;-0.652900981;-0.091245658;0.292998566;-0.420168058;1.18806623;0.051433742;-0.80418038;-0.119060418;0.303768328;0.227825531;0.143882159;-0.004904917;walk;22;
55.795;-2.266275262;-0.854130725;0.301842273;-1.966627357;3.279389224;-0.369140376;-1.400400884;-0.095169759;0.401020542;0.100774357;3.954812914;-0.015899021;-0.825894124;0.002978577;-0.535192633;0.110264398;-0.444579578;-0.028487082;-0.870550844;0.057860452;0.50417405;0.509399463;0.05607401;-0.249976227;walk;22;
55.895;-1.176544675;-0.536351167;0.859949727;0.87162622;-2.125744182;-1.112991668;-1.304172239;0.021881482;0.179204974;0.868366991;-2.155693904;0.132740515;-1.110363415;-0.077677969;-0.51549554;0.783641485;-0.314768975;0.372308609;-1.213615395;-0.033675734;0.268154959;0.398765185;-0.066496948;0.40105657;walk;22;
55.995;-0.498037075;-0.353004578;1.058678262;0.145414578;-0.411217067;-0.009923097;-0.86291452;0.084237003;0.56003856;0.335073996;-1.845340288;0.285256728;-1.042455865;0.112729663;0.149097763;0.167868613;-1.265592109;0.407300894;-1.022458001;-0.128052229;0.136623725;0.180249508;0.003503661;0.320462469;walk;22;
56.095;-0.190366032;-0.318109243;0.919504793;-0.211264141;-0.167306487;0.02408695;-0.960904664;3.71E-02;0.31014772;-0.085461248;-0.971755825;0.200042926;-0.968913304;0.011859416;-0.139870285;-0.164910912;-1.85662403;0.148924506;-0.876475282;-0.027458622;0.189232223;-0.238285212;-0.131331219;-0.05531146;walk;22;
56.195;-0.226021737;-0.23290171;0.95069383;-0.649097611;-0.427995778;-0.144490512;-1.00670767;0.062137456;0.234435968;-0.746957612;-0.938798881;0.13549153;-0.95324577;0.051495075;-0.135886207;-0.750384599;-1.849442007;-0.124498895;-0.862464935;0.10784226;0.221083953;-0.32074156;0.02567985;0.235954883;walk;23;
56.295;-0.258007605;-0.118057435;1.048647462;-0.048364729;-1.072148282;-0.349289464;-1.135850043;0.039823133;0.118417792;-0.466161618;-1.341390122;-0.196352193;-1.038795979;0.171893352;-0.103451853;-0.395820679;-1.67824698;-0.319130386;-0.828556051;-0.015524154;0.422930778;-0.436353601;0.13265425;0.397756095;walk;23;
56.395;0.102771838;0.039758081;1.073129573;1.870172796;-3.635978872;-0.924130552;-1.479867992;0.1382156;-0.25336201;0.986715747;-2.367674424;-0.65445767;-1.250711486;0.214463864;-0.535345549;1.144794172;-0.41732014;-0.276975482;-1.171314223;-0.060291817;0.366785116;-0.203446065;-0.254530286;-0.522692652;walk;23;
56.495;-1.05926086;-0.529080898;1.406115993;2.223687887;-6.642473138;-1.19295847;-1.342277484;-0.027122386;0.248697593;0.132897643;-2.70896569;-0.307580133;-1.358128422;-0.24078337;-0.463465702;0.317328067;2.600238948;-0.233993788;-1.057232829;-0.043841036;0.115665388;-0.218184613;-0.135610057;-0.497816091;walk;23;
56.595;-0.507851834;-0.525856077;1.355102912;-1.557570407;2.309535225;1.019927279;-0.272976195;-0.181003466;0.732459139;-0.598802251;0.844925145;0.656642356;-1.271070556;-0.222808687;0.09084784;-0.844686671;3.368265866;-0.303011196;-0.960333082;0.069641957;0.157380819;0.128950296;-0.039967857;-0.006663813;walk;23;
56.695;-0.24694648;-0.563500834;0.803635824;-1.903476998;6.21570627;1.954329234;-0.164800643;-0.165937832;0.49912991;-0.273080152;5.301587557;0.409288413;-0.756573432;-0.076096342;0.310892897;-0.489424735;1.762679602;-0.082217147;-0.811847248;-0.120228997;0.24759965;0.24617713;0.152781035;0.149178752;walk;23;
56.795;-1.751101677;-1.057890628;0.813203065;-2.170854766;4.931344326;1.525378706;-1.178716033;-0.111718252;0.405699933;-0.43424549;5.792508581;0.107160422;-0.692367158;-0.071757814;-0.323658996;-0.427188541;-0.288304854;-0.138349069;-0.850858545;-0.109658234;0.453141489;0.236886998;0.207088917;-0.284003352;walk;23;
56.895;-1.654903613;-0.41563894;0.289027025;0.167899736;-1.008733721;-1.438839015;-1.422185982;-0.047668089;0.046681239;0.868408688;-0.847986978;0.08647166;-1.030648735;-0.026971414;-0.765287407;0.814599935;-0.230883655;0.308330143;-1.068698625;0.083017718;0.426600352;0.397384205;-0.004934155;0.209170302;walk;23;
56.995;-0.752348523;-0.508754431;1.230170919;0.477565887;-1.184803455;-0.317670407;-0.911076045;0.077245778;0.634399715;0.523624251;-2.439634201;0.289594165;-1.10430533;0.051416028;0.165553475;0.344320099;-0.820429538;0.483034272;-1.11329467;-0.09210235;0.145636836;0.437709931;0.119689831;0.547465834;walk;23;
57.095;-0.205791991;-0.281882786;0.935906658;-0.192935462;-0.107005285;0.014796375;-0.942152369;0.072594741;0.41486466;-0.005417794;-1.066001122;0.204184479;-1.018942399;0.078604766;-0.041434893;-0.100832353;-1.927281405;0.181993796;-0.927380068;-0.168629463;0.210243831;-0.098367564;-0.235467727;-0.073594156;walk;23;
57.195;-0.23174957;-0.250131426;0.934893804;-0.324714439;-0.276264473;0.035217152;-0.980121559;0.056844138;0.185030779;-0.405768118;-0.891557409;0.131682798;-0.913246781;0.043062545;-0.192641544;-0.427655973;-1.926503647;-0.019889338;-0.819419956;0.09831923;0.170277414;-0.41443961;-0.129121262;-0.013346954;walk;23;
57.295;-0.201668437;-0.225413227;1.031391611;-0.148965752;-0.875766678;-0.144244313;-1.125050848;0.012337862;0.161824636;-0.594341813;-1.288628462;-0.041811455;-1.030563689;0.075256032;-0.137585189;-0.559439277;-1.811073302;-0.209497905;-0.870575025;0.038614887;0.356427179;-0.470064686;0.268316903;0.43240013;walk;23;
57.395;0.056752241;-0.056118231;1.075787294;1.200850292;-2.934718034;-0.867808285;-1.398013978;0.090202485;-0.171828093;0.37854604;-2.293586646;-0.53862998;-1.181350023;0.212662782;-0.438440869;0.528649384;-0.745742556;-0.380667941;-1.041437142;-0.028513648;0.426000629;-0.444149291;-0.142086625;-0.177223854;walk;23;
57.495;-0.708180472;-0.207924938;1.162916217;2.090127435;-7.205498444;-1.437354877;-1.433997724;0.059331897;0.109080929;0.237695686;-2.805259539;-0.511210051;-1.371853538;-0.089031721;-0.482711474;0.493562703;1.951262482;-0.309566526;-1.173839056;-0.0677559;0.150306073;-0.160132804;-0.092267552;-0.520806737;walk;23;
57.595;-1.060381326;-0.648992061;1.465208411;0.106877811;0.252341175;1.599322733;-0.418826488;-0.131354839;0.797494178;-0.310573431;-0.031954531;0.412154349;-1.306295718;-0.246911223;0.057377466;-0.513295747;3.235792231;-0.111625873;-0.998548781;0.031029011;0.127824825;0.175250713;-0.090985611;-0.151751286;walk;23;
57.695;-0.04193467;-0.449351017;0.579006177;-2.932877565;5.713594446;0.789500316;-0.14670524;-0.187147619;0.527051603;-0.238585892;4.065240536;0.524661367;-0.846333883;-0.104723572;0.223138442;-0.575440769;2.252294856;-0.028611718;-0.784189516;-0.123482853;0.217289463;0.389454989;0.061399042;0.003947052;walk;23;
57.795;-1.087115532;-0.940020401;1.116924087;-1.571627322;5.603325507;2.22180045;-0.789023405;-0.149574653;0.442469939;-0.258689938;6.301841899;0.107427107;-0.625054356;-0.129868592;0.005992489;-0.278799207;0.143125405;-0.080108704;-0.801611314;-0.108129874;0.374549295;0.230697889;0.092026828;-0.212431466;walk;23;
57.895;-2.041558991;-0.474122274;0.110175482;-1.200569451;1.188098256;-1.102757081;-1.522276274;-0.078058599;0.104710432;0.260498394;1.514888537;0.061310792;-1.009927489;-0.005021595;-0.811656512;0.244310311;-0.345598703;0.09660082;-1.051500851;-0.002833394;0.496820967;0.301986566;-0.036233707;-0.040420253;walk;23;
57.995;-0.884338558;-0.520529394;1.211065685;1.245293912;-2.155712758;-0.380474021;-1.083733314;0.05704468;0.285350908;0.789346892;-2.567729624;0.223969966;-1.060842997;0.006740667;-0.190018275;0.658607685;-0.406181802;0.474540375;-1.1359092;0.015882907;0.219794289;0.143135092;0.098951576;0.585531129;walk;23;
58.095;-0.306071668;-0.417137764;0.930346312;0.156093392;-0.10193638;0.056226603;-0.885991245;0.047744826;0.496070083;0.421853171;-1.512941398;0.275461437;-1.015272373;0.052921876;0.046980494;0.249786372;-1.493827032;0.437772452;-0.969953655;-0.161330811;0.16080277;0.260510428;-0.154717344;0.111895571;walk;23;
58.195;-0.202966996;-0.339534702;0.900263719;-0.578079767;-0.23731129;-0.069783095;-0.954521289;0.048850295;0.304327392;-0.42864702;-0.916586847;0.243302001;-0.945443224;0.007433142;-0.132958134;-0.492890638;-1.870280609;0.056463706;-0.852550054;-0.020650125;0.195854392;-0.354506377;-0.14138678;-0.045288679;walk;24;
58.295;-0.226308135;-0.217373223;0.978391486;-0.775393653;-0.531235397;-0.181539083;-1.053064243;0.058948976;0.210161817;-0.987528288;-0.979171053;0.110698172;-0.977649796;0.071682532;-0.128771128;-0.975573428;-1.923715034;-0.199478618;-0.875544092;0.132676584;0.246956061;-0.487161235;0.11916315;0.398811213;walk;24;
58.395;-0.18023423;-0.024243327;1.106872533;0.421484477;-1.638456429;-0.487001153;-1.256158546;0.066254896;-0.045722127;-0.095439197;-1.687199275;-0.372260604;-1.113445202;0.249834869;-0.215209709;0.004943873;-1.424043151;-0.380177015;-0.902206553;-0.09215637;0.475780625;-0.442649097;0.014351612;0.145650054;walk;24;
58.495;0.042797939;-0.068805526;1.014238164;2.191648033;-5.579746031;-1.483673197;-1.554940327;0.114350017;-0.265049448;0.979815954;-2.821499621;-0.675134524;-1.281595254;0.059588133;-0.684198206;1.173898706;0.569388983;-0.221776733;-1.189714499;-0.039694401;0.272477241;-0.202323017;-0.196064084;-0.657278776;walk;24;
58.595;-1.416663381;-0.577985388;1.728430214;1.292027362;-4.309111424;0.32646248;-0.90332259;-0.073534595;0.601075712;-0.415660367;-1.846399235;0.132367133;-1.362485793;-0.280105764;-0.145824876;-0.361968416;3.087730813;-0.308140127;-1.024158187;0.017492173;0.063532492;-0.098980834;-0.118709499;-0.361423858;walk;24;
58.695;-0.102640215;-0.41458334;0.811387481;-2.044772643;4.246023177;2.095645438;-0.210325137;-0.161272242;0.63550768;-0.403159052;2.357117168;0.769553737;-1.112959116;-0.125231965;0.124802698;-0.865126681;3.019350415;-0.10326378;-0.89784539;-0.027053741;0.161572814;0.231003065;0.063448327;0.020786596;walk;24;
58.795;-0.467390937;-0.811878389;0.936090685;-2.235219189;5.705223587;2.165432289;-0.381359907;-0.186846981;0.517354194;0.032679234;5.994717905;0.160555898;-0.685260951;-0.081013924;0.288323653;-0.120836646;1.149614454;0.083883766;-0.837307895;-0.104506156;0.286334927;0.270535086;0.155847928;-0.011962128;walk;24;
58.895;-2.159216898;-0.835120558;0.366967558;-2.601516034;3.628894308;-0.806826638;-1.382858655;-0.06960361;0.402712501;0.118383227;4.204232936;-0.002307225;-0.826964434;-0.074775274;-0.56014512;0.119602743;-0.623526998;0.034338457;-0.867497366;0.01872714;0.534601328;0.526369113;0.103601277;-0.261148377;walk;24;
58.995;-1.270621166;-0.490713613;0.853051661;0.959219015;-2.119684948;-0.840286142;-1.329486032;0.00746172;0.094811992;0.842771877;-2.054967034;0.190111199;-1.106059831;-0.018931407;-0.545386855;0.750369926;-0.305194969;0.418358451;-1.199891437;-0.025667137;0.26693529;0.429881751;-0.100570792;0.361438208;walk;24;
59.095;-0.42835824;-0.422538728;1.014096885;0.1309919;-0.414671943;-0.086395051;-0.834590114;0.061243158;0.575383792;0.392979401;-1.906088711;0.320919788;-1.01150197;0.039581848;0.147430243;0.211749532;-1.226859856;0.457990262;-0.990781755;-0.098326232;0.136874766;0.414710901;-0.011741595;0.21182591;walk;24;
59.195;-0.201208597;-0.295502703;0.940561112;-0.575050074;-0.274152825;-0.048224639;-0.982333121;0.065897227;0.336876363;-0.409989117;-0.983700434;0.282300111;-0.989883836;0.038386529;-0.117763289;-0.493050896;-1.901208491;0.090965318;-0.915575183;-0.062073385;0.213680272;-0.15733851;-0.14921284;-0.0649505;walk;24;
59.295;-0.253160131;-0.175261974;0.957693972;-0.787575207;-0.585105732;-0.115743814;-1.01882838;0.088053252;0.215487212;-1.042958824;-0.923372955;0.115330428;-0.949666528;0.103227701;-0.11227423;-1.028155504;-1.9602354;-0.222246728;-0.837695833;0.114543417;0.229142898;-0.36262184;0.010665442;0.095398181;walk;24;
59.395;-0.291957516;-0.025005185;1.057176167;0.273845022;-1.197244066;-0.280446881;-1.128550658;0.043293614;0.066810602;-0.161932556;-1.405552917;-0.308537823;-1.039161587;0.187377031;-0.087971233;-0.080969128;-1.671509842;-0.343127802;-0.83378621;-0.037912732;0.389311863;-0.685348565;0.11534677;0.38312549;walk;24;
59.495;0.074684682;-0.036719968;1.005921254;1.69084433;-3.764970918;-1.021915504;-1.438680185;0.067105657;-0.187762149;0.952809734;-2.304966425;-0.660632776;-1.247776059;0.134617886;-0.457047037;1.107744868;-0.633196795;-0.331407915;-1.13959529;0.016112033;0.413757009;-0.338516846;-0.229332384;-0.519260028;walk;24;
59.595;-1.14166499;-0.444072455;1.516183461;1.675353714;-6.564505438;-1.122322648;-1.392405976;-0.021296697;0.113196467;0.136720221;-2.743006971;-0.296102214;-1.332102257;-0.270570346;-0.528317347;0.302579292;2.440329107;-0.256724656;-1.093949863;-0.01984018;0.062205662;-0.244744475;-0.095574627;-0.465303861;walk;24;
59.695;-0.54771981;-0.384944818;1.599632353;-1.615442223;2.62083349;1.129395503;-0.399774347;-0.136282701;0.714017993;-0.715681862;0.778721232;0.844118763;-1.373724001;-0.178245973;0.083229687;-1.082731196;3.70447259;-0.290926561;-0.953239757;0.061191776;0.124639947;0.16508452;-0.007491296;-0.076754456;walk;24;
59.795;-0.36665868;-0.57425899;0.809350302;-1.355588322;6.513535273;3.002003968;-0.196504179;-0.139921777;0.574694773;-0.02962402;5.676040098;0.51132635;-0.815021804;-0.042198181;0.382543472;-0.466578687;2.11434655;0.181947418;-0.87170869;-0.047887905;0.235141668;0.218959857;0.151776822;0.153404198;walk;24;
59.895;-1.931664561;-1.018070577;0.579178368;-2.387463811;4.741657977;0.175995099;-1.172003401;-0.142494977;0.517678745;0.357871454;5.484163688;-0.056255141;-0.659833048;-0.055378974;-0.252037119;0.334544783;-0.221409087;0.092154031;-0.787698666;0.037556653;0.455943538;0.629791074;0.228150783;-0.391589926;walk;24;
59.995;-1.705540482;-0.580875983;0.435327843;0.707610975;-1.488309956;-1.241003408;-1.443482987;0.003062568;0.201602538;0.913956212;-1.223981763;0.072572814;-1.101360835;-0.09592363;-0.706739727;0.847718266;-0.141954318;0.332795484;-1.132782045;0.021858457;0.327229761;0.651778924;-0.114669964;0.220991141;walk;24;
60.095;-0.646062474;-0.499980303;1.139649512;0.288624566;-0.705467125;-0.235912878;-0.871163706;6.03E-02;0.693273341;0.482209052;-2.184029292;0.312442295;-1.126412097;0.069336153;0.221007841;0.275461772;-1.007380595;0.5036479;-1.131711521;-0.118721427;0.142555919;0.302364252;-0.021641458;0.47692988;walk;24;
60.195;-0.175196513;-0.341508935;0.909659512;-0.257762204;-0.1186609;-0.021881959;-0.950482503;0.040769019;0.334854818;0.006554771;-0.916527096;0.268865762;-0.974822296;0.013540793;-0.147468912;-0.120508687;-1.986634382;0.248054582;-0.890036491;-0.08239112;0.179812315;-0.162345361;-0.237529868;-0.020181546;walk;25;
60.295;-0.225452421;-0.272606271;0.936610082;-0.676662507;-0.348499248;-0.029387899;-0.999108834;0.071467317;0.200281307;-0.697875145;-0.908085523;0.232684298;-0.925760734;0.058333225;-0.184288156;-0.737344694;-1.903553354;-0.02849073;-0.82994787;0.09462521;0.191134277;-0.431156545;-0.05381852;0.199420217;walk;25;
60.395;-0.198051075;-0.179092497;1.039129545;-0.288815819;-1.037861234;-0.256188338;-1.156585822;0.056147165;0.148239778;-0.77492426;-1.293143992;-0.065821318;-1.049289896;0.139823473;-0.148328554;-0.726049965;-1.769646297;-0.284322908;-0.902710602;0.072394801;0.364522043;-0.611815776;0.175520698;0.527697924;walk;25;
60.495;0.018098587;0.017772704;1.048100447;1.183181634;-3.313082091;-0.921458255;-1.387242674;0.098321138;-0.204339892;0.381027566;-2.239053757;-0.60517221;-1.177055974;0.22818851;-0.436115241;0.550221217;-0.775139854;-0.437936512;-1.037339774;-0.050523638;0.420309032;-0.437471795;-0.083209928;-0.219134474;walk;25;
60.595;-0.897111588;-0.271811379;1.315559141;2.16170264;-6.907033005;-1.01636135;-1.447905907;0.065349052;0.060026733;0.275077617;-2.843473219;-0.485242861;-1.331619539;-0.123969998;-0.564582993;0.511503644;1.989015352;-0.290946344;-1.140531748;-0.078933891;0.124045198;-0.29297284;-0.086935281;-0.579772834;walk;25;
60.695;-0.818310528;-0.493164038;1.520646976;-0.470663298;0.699966878;0.968356462;-0.459560961;-0.13396473;0.770148907;-0.311893614;-0.049347195;0.504106828;-1.354938576;-0.228498298;0.031274021;-0.601594532;3.406851896;-0.071904139;-0.986989807;0.085516917;0.112531059;0.207894004;-0.043412257;-0.121994152;walk;25;
60.795;-0.143858024;-0.517313822;0.684270503;-2.111737686;5.847587527;1.274922989;-0.081714311;-0.2037377;0.572267008;-0.093793125;4.424616488;0.544978793;-0.872319992;-0.132869204;0.297315793;-0.542040019;2.29285384;0.106870848;-0.845561318;-0.165595915;0.210777762;0.352886962;0.112244015;0.063868895;walk;25;
60.895;-1.306770118;-1.08793494;0.975011397;-1.858158421;5.578450972;2.365026396;-0.872489843;-0.153549235;0.48207612;-0.274421223;6.407293595;0.129591495;-0.619564971;-0.115703697;-0.032044299;-0.310617992;-0.056539498;-0.068343894;-0.827462953;-0.085814392;0.390935669;0.299620991;0.179431436;-0.346250737;walk;25;
60.995;-1.998170139;-0.447081827;0.041130408;-0.855833856;0.45231441;-1.421898163;-1.492288364;-0.048257093;0.046204409;0.501551284;0.742056399;0.039248906;-0.98960939;0.00168777;-0.859169942;0.480256062;-0.356159946;0.146564327;-0.972393291;0.067324294;0.439834011;0.443427672;0.028728834;-0.042627459;walk;25;
61.095;-0.919681199;-0.608899578;1.261322763;1.031151393;-1.770450484;-0.169690085;-1.024107232;0.055299904;0.589125209;0.601950776;-2.625010076;0.247580209;-1.162730179;0.002829381;0.073709672;0.452354147;-0.406327876;0.454563342;-1.201827395;0.048823436;0.159119193;0.398649947;0.105622814;0.640368181;walk;25;
61.195;-0.229627868;-0.349199401;0.915186717;-0.530337187;-0.014616429;-0.139508746;-0.927110798;0.065431244;0.515910163;-0.168670427;-1.024140112;0.221206677;-1.058086539;0.057249765;0.050865589;-0.254229635;-1.970689598;0.127658607;-0.959135666;-0.271657902;0.215454957;0.033024823;-0.214423034;0.076030728;walk;25;
61.295;-0.214257802;-0.15142293;0.938084875;-0.872101401;-0.210280954;-0.11889562;-0.978004012;0.102054105;0.087843427;-0.863596133;-0.686504837;0.142532282;-0.892419827;0.079728726;-0.23462695;-0.864226397;-1.936243982;-0.14668547;-0.767512946;0.093225781;0.172049311;-0.466659502;-0.286517663;0.010290401;walk;25;
61.395;-0.270947035;-0.092590912;1.029240163;-0.155140432;-0.329418653;0.118266681;-1.055557939;0.037915098;0.106635252;-0.580756786;-1.122247356;-0.101832029;-0.972650023;0.104532846;-0.113880382;-0.539797561;-1.749008426;-0.241982347;-0.910238315;0.055728968;0.234178359;-0.433555088;0.125346961;0.271249922;walk;25;
61.495;-0.046183973;-0.102155877;1.13043407;1.112453691;-1.687613578;-0.151533767;-1.324777211;0.029584889;-0.054695034;0.363924787;-1.916570122;-0.488128903;-1.177071208;0.190068558;-0.244211935;0.468101816;-1.181488125;-0.382958053;-0.962811153;0.030803112;0.506340573;-0.4605533;0.01476237;0.120675977;walk;25;
61.595;0.055841287;-0.069153901;1.033358224;2.530152734;-6.286650528;-1.834477424;-1.619906923;0.129600958;-0.294141198;0.96674358;-2.998316241;-0.785472042;-1.330002501;0.051468009;-0.717796887;1.214572415;1.024947548;-0.301652297;-1.243540962;-0.051282298;0.21449815;-0.147433508;-0.081265699;-0.533824808;walk;25;
61.695;-1.494620175;-0.691145088;1.612152069;1.681246737;-4.001624801;0.26792499;-0.765368716;-0.065633665;0.731051346;-0.189545734;-1.584980433;0.028548824;-1.391300415;-0.248822624;-0.058087992;-0.133942408;3.420839645;-0.194197643;-0.996390471;-0.01148928;0.088921345;-0.072432327;-0.005500689;-0.228735864;walk;25;
61.795;-0.078455249;-0.432465818;0.64675328;-2.782921667;4.858296154;0.905204239;-0.030815793;-0.191900818;0.63413688;-0.366193714;2.688545002;0.566966767;-1.00539498;-0.162885137;0.200049357;-0.653749541;2.819984292;-0.168892597;-0.845404689;-0.04230008;0.203646471;0.258485565;0.13352276;0.052443845;walk;25;
61.895;-0.691181276;-0.751352869;0.996410969;-1.490785124;6.173599433;2.214896897;-0.39559359;-0.185866189;0.455479916;-0.192238839;6.107093991;0.110499034;-0.621059104;-0.111347553;0.240483748;-0.205331102;0.692554961;-0.115506331;-0.773530213;-0.122064228;0.318164731;0.258043281;0.192679455;-0.107142963;walk;25;
61.995;-2.091381237;-0.75949792;0.295506602;-2.102470517;3.350818735;0.140382923;-1.464518245;-0.084994747;0.251619762;-0.345548015;3.885341986;0.063428336;-0.885075425;-0.053735394;-0.679218641;-0.330772151;-0.506983897;-0.091701423;-0.882816267;-0.021252576;0.512831433;0.399878782;-0.004529336;-0.191917004;walk;25;
62.095;-1.248242122;-0.483384158;0.897184126;1.059878953;-2.11987241;-1.118889839;-1.310349796;-0.001901191;0.092395212;1.126476782;-2.248039865;0.1444389;-1.098124211;-0.003190015;-0.531516405;1.025092519;-0.197790898;0.47857943;-1.235400824;-0.040147734;0.358109174;0.171261641;-0.039847491;0.554861711;walk;25;
62.195;-0.448731355;-0.449188986;0.998207133;0.55440915;-0.287636302;0.020469965;-0.828704546;0.068345882;0.629986969;0.754116125;-1.831848388;0.271722785;-1.049112575;0.056891609;0.186471258;0.546399677;-1.386816345;0.58526217;-0.978907415;-0.06613189;0.140100623;0.334021232;-0.164548307;0.286122181;walk;26;
62.295;-0.17927629;-0.395932162;0.893362144;-0.368558348;-0.171878962;-0.018628762;-0.966466216;0.024083975;0.287327503;-0.152395514;-0.958852136;0.268148717;-0.945139721;-0.011612916;-0.170493018;-0.252656643;-1.998344023;0.188849782;-0.88384096;-0.100678385;0.17978563;-0.132405462;-0.233935903;-0.115182794;walk;26;
62.395;-0.213830505;-0.256915185;0.965959137;-0.637509865;-0.549593477;-0.080181957;-1.040069945;0.04819221;0.185059442;-0.795540717;-1.105919527;0.185185863;-0.96014504;0.041560052;-0.165593369;-0.814118984;-1.889200229;-0.079523386;-0.887343421;0.097649057;0.183351667;-0.331263224;0.022904859;0.12057574;walk;26;
62.495;-0.210962648;-0.154921583;1.071203548;0.412232452;-1.471018495;-0.222112894;-1.187207621;0.02906173;0.010362128;-0.235439615;-1.699045116;-0.159460021;-1.043744125;0.195853924;-0.195735339;-0.181947749;-1.6070834;-0.217447865;-0.821413932;-0.044000824;0.447620421;-0.538645627;0.292282527;0.375568963;walk;26;
62.595;0.201109635;-0.051839029;1.038598343;2.281087303;-4.898679011;-1.613707563;-1.57135304;0.133058365;-0.277814249;0.850082898;-2.90978346;-0.602120089;-1.273625415;0.115509205;-0.692661962;1.025050209;0.304959553;-0.205494033;-1.202253919;-0.039085573;0.270852954;-0.203279498;-0.22932449;-0.598620153;walk;26;
62.695;-1.493440608;-0.742119145;1.36538308;2.147962779;-6.176650936;-0.96467189;-1.041055295;-0.109302144;0.671163795;-0.347985326;-1.996465233;0.10182454;-1.500424857;-0.292698503;-0.171307505;-0.29480821;3.124487014;-0.26887834;-1.139330347;-0.052249541;0.088466182;-0.23577256;-0.024397699;-0.332833124;walk;26;
62.795;-0.439647267;-0.598249685;0.809057922;-3.159423406;4.376289475;0.127366053;-0.100153001;-0.217113669;0.704788959;-0.563268411;1.787498494;0.739608206;-1.092514551;-0.201516792;0.147200245;-0.883433744;3.009358223;-0.294893298;-0.877158558;0.023450785;0.181147148;0.191384482;0.051779445;0.029812643;walk;26;
62.895;-0.411284857;-0.581144348;0.822786898;-1.318696346;6.343604518;1.838158215;-0.202618306;-0.173903215;0.43747986;-0.298435026;5.50371024;0.309981242;-0.656509507;-0.056273145;0.295073507;-0.412448224;1.199102784;-0.148433189;-0.767605944;-0.164220608;0.278291056;0.297384684;0.167049294;-0.091745923;walk;26;
62.995;-1.805015545;-0.904569616;0.710574911;-1.737323836;4.639335395;1.538720662;-1.307044443;-0.096074241;0.316648159;-0.478177815;5.33533886;0.048873664;-0.779361982;-0.098463868;-0.474907399;-0.445270013;-0.502159225;-0.159210926;-0.829548135;-0.046059507;0.457070994;0.35635551;0.038957829;-0.378445634;walk;26;
63.095;-1.559380536;-0.409762259;0.457943299;0.759682672;-1.511289821;-1.065941871;-1.442337005;-0.048607107;-0.046866407;0.916351399;-1.277854793;0.09497386;-1.085433068;-0.007079199;-0.77280529;0.859405285;-0.100181793;0.328304829;-1.214747165;-0.02928509;0.383460691;0.264746416;-0.071758699;0.27964037;walk;26;
63.195;-0.628245574;-0.50882852;1.125805379;0.776484569;-0.778350304;-0.104863836;-0.848368451;0.089995452;0.633138341;0.763408537;-2.248329124;0.259626833;-1.06726329;0.062476822;0.195161599;0.571099841;-0.908684055;0.564266324;-1.039713694;0.009473242;0.171146094;0.191272632;0.007663959;0.440006594;walk;26;
63.295;-0.169009183;-0.461617313;0.87239914;-0.473771926;-0.142674233;-0.028537896;-0.953146045;0.004518301;0.398611903;-0.208855876;-0.994253613;0.28449667;-0.992000259;-0.039889177;-0.099351814;-0.317214705;-1.925902184;0.172726641;-0.929307437;-0.115420934;0.179973204;-0.008277972;-0.209239857;-0.060035864;walk;26;
63.395;-0.244778003;-0.19231822;0.947742494;-0.822137017;-0.303133856;-0.141377707;-0.98976639;0.090641885;0.135038577;-0.812603419;-0.888510613;0.162514468;-0.909651271;0.108791789;-0.18237892;-0.820684746;-1.891710303;-0.12504984;-0.81325507;0.087087055;0.181180081;-0.339659681;-0.1263127;0.027497387;walk;26;
63.495;-0.209543519;-0.198236003;1.034853237;-0.11506797;-0.788114119;-0.16844361;-1.120576844;0.00945034;0.162594161;-0.548550021;-1.274045311;-0.120803301;-1.033962899;0.086165341;-0.107326789;-0.497418581;-1.785087971;-0.264920067;-0.884426726;0.088306515;0.343866582;-0.457364704;0.274996453;0.448789117;walk;26;
63.595;-0.032290636;-0.018316907;1.081601039;1.389016399;-2.595399048;-0.793449569;-1.346897706;0.087138168;-0.085268921;0.67078242;-2.031501403;-0.613692349;-1.200327656;0.247303357;-0.269307105;0.812967404;-1.088962783;-0.393661996;-1.034303441;-0.006925415;0.4701979;-0.306706834;-0.143067504;-0.17336547;walk;26;
63.695;-0.515094195;-0.323889422;1.101468876;2.873416105;-6.800391571;-1.799221762;-1.549606172;0.069861446;-0.167535421;0.784644024;-2.840756748;-0.635658909;-1.315093743;-0.098465116;-0.682506703;1.003996554;1.518859442;-0.215371771;-1.171884761;-0.079180641;0.156068364;-0.108606807;-0.03682159;-0.617548409;walk;26;
63.795;-1.148103802;-0.652389722;1.656652858;-0.25480091;-0.963592832;0.092319252;-0.589194126;-0.119223078;0.76122104;-0.43621366;-0.804621893;0.327536444;-1.36787509;-0.251422256;0.015437755;-0.509777659;3.607394446;-0.242093257;-0.952713456;0.037378007;0.094511218;-0.011637722;-0.018832074;-0.09909933;walk;26;
63.895;-0.136651507;-0.416103923;0.69649108;-2.380046635;5.911950884;0.709297206;-0.013255232;-0.176371128;0.643173333;-0.247775069;3.88253315;0.562447249;-1.000486149;-0.113613781;0.326588083;-0.611849321;2.668948549;-0.042219157;-0.878150411;-0.075421335;0.214545964;0.199440109;0.082706795;0.108529031;walk;26;
63.995;-1.236500771;-0.94294969;1.104793925;-1.359870043;6.363212125;2.742923746;-0.709010227;-0.133383123;0.50161657;-0.296528606;6.730379363;0.175809346;-0.610951834;-0.121552941;0.106662492;-0.355370191;0.105950883;-0.063709417;-0.818966797;-0.046194806;0.37203936;0.45870861;0.097835549;-0.277145016;walk;26;
64.095;-2.133741865;-0.427811744;-9.62445E-05;-1.508659564;1.524858702;-0.96182141;-1.477465871;-6.92E-02;0.07873823;0.042971544;1.819530708;0.118357052;-0.944431568;0.046710762;-0.79560145;0.023623343;-0.481192344;0.080574395;-0.926267676;-0.02452518;0.485001508;0.612638538;-0.03589171;-0.173965639;walk;26;
64.195;-0.915647791;-0.645049531;1.227550807;1.080463522;-2.383530645;-0.492155738;-1.148038666;-0.000141809;0.331966813;0.693320133;-2.673083731;0.224290173;-1.11838223;-0.093333165;-0.204681068;0.584382377;-0.281716568;0.406034252;-1.19973385;0.035375454;0.201712969;0.145039931;0.012614042;0.663302292;walk;27;
64.295;-0.337595805;-0.252208982;0.984218888;-0.34786384;-0.166126793;-0.095102725;-0.888014379;0.083119533;0.51901226;-0.018057097;-1.487489647;0.265438726;-1.036298373;0.111123651;0.123499358;-0.133773617;-1.64557219;0.230332552;-0.98724991;-0.21665624;0.173206003;0.101780213;-0.05921514;0.312924756;walk;27;
64.395;-0.225245169;-0.204627789;0.943877142;-0.320690762;-0.238990122;0.099281686;-0.973386395;0.081897954;0.23420145;-0.370215837;-0.858014283;0.157672626;-0.94375878;0.054288281;-0.149576153;-0.404231563;-1.937982961;0.01514651;-0.826272251;0.003122275;0.195151009;-0.422362014;-0.192647874;-0.005096228;walk;27;
64.495;-0.230800767;-0.188292894;0.992967456;-0.528405476;-0.603027039;-0.068660708;-1.081266711;0.03728218;0.165704805;-0.916829697;-1.022744064;-0.017648782;-0.993909992;0.072826483;-0.127870749;-0.880270934;-1.886547931;-0.265578295;-0.889502239;0.094796199;0.250816792;-0.422816307;0.06790978;0.272940655;walk;27;
64.595;-0.209526061;-0.023379697;1.066565635;0.614505939;-1.73740258;-0.421815212;-1.199927424;0.044515745;0.01712665;0.107612796;-1.70837773;-0.474326816;-1.09185973;0.196564826;-0.14285532;0.218144181;-1.320872428;-0.430338688;-0.897614406;-0.049142198;0.455207187;-0.67765935;-0.024101993;0.271447036;walk;27;
64.695;-0.0270152;-0.067480474;1.002715635;1.760067225;-5.32527733;-1.438648184;-1.518582073;0.081295632;-0.30073892;0.954242314;-2.670891647;-0.786725127;-1.252978437;0.058713766;-0.644755645;1.180225478;0.307527621;-0.368504182;-1.194059179;-0.054644799;0.245372169;-0.147769818;-0.234605386;-0.594054652;walk;27;
64.795;-1.464994047;-0.364231228;1.699951825;1.499842263;-4.731862465;0.539675371;-1.019388783;-0.015263336;0.578864948;-0.19748783;-2.137870333;-0.028810815;-1.408714633;-0.243462754;-0.172389893;-0.11591923;3.081090552;-0.237649943;-1.078670362;0.023156601;0.05440737;-0.002414519;-0.044862993;-0.352455925;walk;27;
64.895;-0.174598759;-0.336499872;0.831160892;-1.739094344;3.693119896;1.227484841;-0.145550298;-0.143554928;0.689948228;-0.22168564;1.761578924;0.675890334;-1.124272707;-0.13813749;0.166602393;-0.715044027;3.100499725;0.033492906;-0.875670942;-0.082646815;0.157704321;0.499772718;0.027903856;0.001453901;walk;27;
64.995;-0.402512357;-0.617435487;0.935671768;-1.704382389;6.101007395;1.623546911;-0.228899676;-0.164794272;0.485904521;0.064090426;5.651815369;0.234862257;-0.682781657;-0.076050705;0.32543267;-0.179449917;1.235019499;0.148229996;-0.795242836;-0.166218444;0.295328811;0.279525626;0.128468788;-0.137360008;walk;27;
65.095;-1.878680917;-0.900089334;0.751938592;-2.701594706;4.742696853;0.322029765;-1.3398145;-0.071420826;0.32963488;-0.481566964;5.325641426;0.143162537;-0.797881104;-0.102012298;-0.495417272;-0.500028661;-0.568544054;-0.040109387;-0.866624529;0.020206957;0.440135655;0.454488347;-0.015061533;-0.4421288;walk;27;
65.195;-1.528956114;-0.383493025;0.53929763;0.996755543;-1.953656451;-0.466318677;-1.445931681;-0.068573001;-0.044837673;0.731821541;-1.437800068;0.170387616;-1.123075593;-0.004273833;-0.711997755;0.674910531;-0.090257067;0.334289559;-1.227652166;-0.027198584;0.303061866;0.339105588;-0.052163472;0.289461545;walk;27;
65.295;-0.598495504;-0.460984805;1.130422032;0.427058469;-0.806957261;-0.180536903;-0.84107739;0.092580626;0.639766302;0.523491504;-2.220712549;0.274804283;-1.043525545;0.049881618;0.225983011;0.365265958;-0.958298347;0.457766749;-1.025770565;-0.035414112;0.144746688;0.300541068;0.073556414;0.400713843;walk;27;
65.395;-0.201341641;-0.287370828;0.937641842;-0.498431963;-0.24221041;-0.0481608;-0.976399957;0.072789495;0.323470757;-0.321573794;-1.016849565;0.250044254;-0.992728393;0.05768108;-0.102335954;-0.398367742;-1.829976931;0.099794948;-0.922102735;-0.100105785;0.165842027;-0.083449581;-0.215571747;-0.034995855;walk;27;
65.495;-0.252197827;-0.178482122;0.946822363;-0.740968295;-0.470708459;-0.09591899;-0.998631161;0.100804403;0.192274136;-0.91337025;-0.915711212;0.106587886;-0.937289457;0.093302384;-0.144130202;-0.900617242;-1.77245114;-0.193810562;-0.856570446;0.081518202;0.175405389;-0.398354053;-0.066856635;0.069371784;walk;27;
65.595;-0.313263531;-0.052101989;0.994033195;-0.367415553;-0.797195961;-0.241381597;-1.032728425;0.052592495;0.178747141;-0.839956316;-1.202617293;-0.224945763;-0.966991672;0.134034373;-0.038530862;-0.752238851;-1.638565457;-0.44033354;-0.811690812;0.030530983;0.332508082;-0.687433268;0.079528802;0.416497836;walk;27;
65.695;-0.140558156;0.019272031;1.0740191;1.030717165;-2.156475375;-0.417909505;-1.294030367;0.030541689;0.0308492;0.516921766;-1.742159268;-0.638991301;-1.191555868;0.198762799;-0.141697746;0.663735038;-1.252018777;-0.478103795;-1.064618166;0.004711302;0.412233575;-0.630950628;-0.173642884;-0.024784278;walk;27;
65.795;-0.348567085;-0.175203819;1.094877734;2.154870262;-6.459510742;-1.674260268;-1.601646772;0.091289346;-0.344250203;1.241617301;-2.803879492;-0.864025073;-1.296989315;-0.035336837;-0.771192897;1.495427433;0.99535032;-0.289117345;-1.167582111;-0.049348241;0.197461181;-0.122335981;-0.04413971;-0.650964153;walk;27;
65.895;-1.23072366;-0.276113285;1.95539399;-0.264160602;-1.925530074;-0.014291721;-0.747109869;-0.081542213;0.686410437;-0.486730496;-1.36321342;0.203381656;-1.405956399;-0.293566194;-0.047463662;-0.448014471;3.613170098;-0.346153881;-0.99769283;0.043838059;0.041455653;-0.012705583;-0.068942387;-0.182303671;walk;27;
65.995;-0.18037693;-0.296821371;0.790248862;-1.164234104;6.062995865;1.866723085;-0.062875097;-0.127169514;0.679931173;-0.350509516;3.640636801;0.771721095;-1.108847628;-0.090736591;0.322336648;-0.844738544;2.981302578;-0.048401498;-0.913777052;-0.071871616;0.172748792;0.219219447;0.056626235;0.037724795;walk;27;
66.095;-1.024346076;-0.941407336;1.065565979;-1.386553561;6.09941889;3.009776485;-0.636535321;-0.149270956;0.516553302;-0.201442471;6.774769983;0.324747218;-0.592276404;-0.083911829;0.195761387;-0.388747167;0.403398672;0.063157003;-0.835777483;0.026316511;0.3146495;0.455861048;0.16280645;-0.177474937;walk;27;
66.195;-2.14676775;-0.494528726;0.1106;-1.74028505;1.827503418;-1.40531634;-1.470881659;-0.060465641;0.138938932;0.349066176;2.281563468;0.136520149;-0.933587446;0.025315963;-0.749937038;0.313427754;-0.445867723;0.178851575;-0.913407412;-0.00865608;0.462665295;0.761355898;0.037588136;-0.180579276;walk;28;
66.295;-1.059072702;-0.672726586;1.152342349;1.694676689;-2.423378761;-0.643329079;-1.163272739;0.032420688;0.253290138;1.281695602;-2.770963076;0.20521775;-1.091370019;-0.009690114;-0.270349893;1.146004692;-0.108864751;0.588770068;-1.202488261;-0.041259637;0.169894957;0.221607122;0.17385069;0.601515211;walk;28;
66.395;-0.325107417;-0.460513374;0.925549532;0.130369863;-0.131396691;0.036987326;-0.840374905;0.06107852;0.698288384;0.421855995;-1.592403917;0.306541555;-1.093282418;0.040104519;0.206834286;0.226015696;-1.503082915;0.469818996;-0.99536312;-0.122318405;0.184539688;0.170384347;-0.121789057;0.233531771;walk;28;
66.495;-0.203532039;-0.329559166;0.911567015;-0.735095662;-0.343988953;-0.135188769;-0.990522365;0.073182563;0.275750925;-0.576900292;-0.715461358;0.28350293;-0.964583442;0.035261437;-0.159168482;-0.645903011;-2.048512937;0.040006303;-0.877923968;-0.014108357;0.140941476;-0.377418346;-0.193117495;0.012428513;walk;28;
66.595;-0.251027146;-0.206513996;0.964427366;-0.745638063;-0.696631926;-0.151056668;-1.05430046;0.075156432;0.141875589;-1.018912536;-0.97958292;0.109111318;-0.959438723;0.086540442;-0.167993213;-1.009544202;-1.863742343;-0.18639593;-0.872356498;0.101856304;0.218531367;-0.488558677;0.149879436;0.393246505;walk;28;
66.695;-0.258211934;-0.027046866;1.070977146;0.384734425;-1.571180941;-0.329600938;-1.190162843;0.059102887;-0.060621252;-0.174648172;-1.707434121;-0.316638205;-1.054269721;0.222151349;-0.210713079;-0.089743203;-1.297187112;-0.344462306;-0.840850205;-0.0974859;0.441579901;-0.616809043;0.025669461;0.291108775;walk;28;
66.795;0.057386352;-0.153113607;1.029031581;1.799168289;-5.269896841;-1.415542761;-1.555310998;0.05367075;-0.245125009;0.698690925;-2.9606983;-0.65661565;-1.252318678;0.034801462;-0.688071124;0.920394817;0.762976561;-0.306828377;-1.219973297;-0.058297899;0.186241298;-0.268810105;-0.192129559;-0.566438269;walk;28;
66.895;-1.440906894;-0.411237472;1.621327781;1.185595655;-4.896913621;-0.051514915;-0.89260987;-0.043091036;0.705688532;-0.344694741;-1.82058008;-0.064677855;-1.44969402;-0.227292837;-0.108733891;-0.159098383;3.0445193;-0.3659798;-1.103126459;0.020553112;0.111186843;-0.095666422;0.025880982;-0.357690635;walk;28;
66.995;-0.340709045;-0.347810331;0.761004799;-1.718856903;4.624737272;1.829098776;-0.122852765;-0.130138628;0.672131566;-0.385008558;2.232760325;0.629064039;-1.080899345;-0.133516855;0.152656674;-0.723975173;2.778280477;-0.149061832;-0.860225018;-0.045163777;0.197520991;0.318858476;0.06572933;0.015068961;walk;28;
67.095;-0.463121539;-0.636865352;0.754526447;-1.561486111;5.62733974;2.687434948;-0.322450875;-0.135972862;0.492254831;-0.143478093;5.572966292;0.30858321;-0.657078701;-0.058469359;0.249149764;-0.339916769;0.962282293;0.02167724;-0.812784174;-0.125079899;0.26826833;0.257795051;0.052245113;-0.105348678;walk;28;
67.195;-1.747733147;-0.829497292;0.645768697;-2.882492415;3.978803998;-0.483047864;-1.31188541;-0.057014763;0.347719266;-0.122728756;4.545783105;0.119859486;-0.830245112;-0.068959192;-0.481806788;-0.156323502;-0.629715518;0.05772969;-0.897947533;-0.004720366;0.434390226;0.441400063;0.061128417;-0.350108583;walk;28;
67.295;-1.258706215;-0.459048948;0.606964348;0.748188837;-1.759283161;-0.813356143;-1.378783776;-0.102941145;-0.058195794;0.78612429;-1.334595328;0.174276189;-1.076059666;-0.048433398;-0.685656065;0.721325593;-0.294144789;0.361756974;-1.160402497;-0.011002722;0.32579011;0.339657363;-0.043285088;0.233358565;walk;28;
67.395;-0.582752999;-0.458388669;1.107014001;0.49450831;-0.748231853;-0.18545394;-0.862665643;0.072552387;0.546553895;0.571992853;-2.081966218;0.220271773;-1.021483628;0.034124052;0.144343185;0.435282504;-0.856810736;0.425563099;-0.994399817;-0.016517435;0.134378551;0.39761932;0.064608682;0.321692401;walk;28;
67.495;-0.219238357;-0.28658062;0.942534454;-0.255863213;-0.122574726;0.003530394;-0.959354239;0.06150337;0.348195514;-0.075421338;-0.992843227;0.204591719;-1.007880446;0.066909218;-0.06311677;-0.155153238;-1.619609232;0.15567298;-0.94025883;-0.140618258;0.193390632;-0.076877498;-0.252662576;-0.072076082;walk;28;
67.595;-0.229363513;-0.25833721;0.927019427;-0.362566293;-0.211989134;0.011860711;-0.972055685;0.053554261;0.195943163;-0.407672896;-0.828695959;0.113955491;-0.921793151;0.04029477;-0.168364502;-0.423587663;-1.707820503;-0.028473854;-0.850293293;0.108828716;0.196372329;-0.354621295;-0.136451647;-0.018082533;walk;28;
67.695;-0.210390549;-0.239548862;1.000765815;-0.453250708;-0.652725438;-0.18337248;-1.089954766;0.011324909;0.211371698;-0.828182923;-1.088539591;-0.032367995;-1.01689897;0.044270001;-0.089525051;-0.792252184;-1.758920325;-0.248909099;-0.882489824;0.121089786;0.313643837;-0.307367592;0.195786656;0.421252837;walk;28;
67.795;-0.037212198;0.074933352;1.154833799;1.205963087;-2.266580335;-0.590171601;-1.385683325;0.117062416;-0.272010177;0.565349762;-2.061069154;-0.561659803;-1.186939223;0.302448713;-0.406988437;0.690054991;-0.911385561;-0.373319984;-1.056572392;-0.121217697;0.406151315;-0.174032624;-0.106403391;-0.203168719;walk;28;
67.895;-0.328220276;-0.334815417;1.05947893;2.733033717;-6.821306548;-1.635729704;-1.477739886;0.030028889;0.033822644;0.700586947;-3.058654993;-0.517294529;-1.333175425;-0.16068873;-0.571191797;0.890848675;1.986940403;-0.142588247;-1.153686467;-0.089544449;0.120364463;-0.596330197;0.063258804;-0.405613028;walk;28;
67.995;-1.04084925;-0.684598316;1.609141971;-0.444911679;-0.875849415;0.588867376;-0.453462013;-0.163047758;0.777366889;-0.758058692;-0.413008354;0.518649833;-1.336298772;-0.267904978;0.047934923;-0.818820422;3.301081147;-0.449959307;-1.001492539;0.102057889;0.131349341;-0.231787541;0.01620212;-0.02172788;walk;28;
68.095;-0.148710155;-0.399753306;0.640361924;-2.467569586;5.835623421;1.218849932;-0.114370692;-1.45E-01;0.559132245;-0.380365301;4.043120095;0.607010369;-0.903252749;-0.090195786;0.242106255;-0.702489751;2.161702509;-0.127815342;-0.830949035;-0.062558054;0.24313181;0.151258138;0.208983587;0.139101741;walk;28;
68.195;-1.100767071;-0.935798979;0.927689141;-1.392051263;5.153664661;2.679359254;-0.829540481;-0.132095859;0.459561496;-0.266991393;5.993352216;0.241469903;-0.647910585;-0.062040831;-0.013183225;-0.366404695;0.15159222;-0.022895057;-0.804200797;-0.09809504;0.334531276;0.294782798;0.116342587;-0.151633508;walk;29;
68.295;-1.913611239;-0.55666412;0.176729603;-1.284742363;1.246608413;-1.551649072;-1.443260394;-0.078160985;0.223782766;0.582085198;1.446225365;0.039022694;-0.987426723;-0.031248496;-0.692093771;0.5517124;-0.457715113;0.186389321;-1.020234504;0.013132894;0.517921047;0.465191253;-0.054805377;-0.063301936;walk;29;
68.395;-0.750105672;-0.588168445;1.11313095;0.97920751;-1.82514116;-0.47625407;-1.080448408;-0.013846714;0.248044429;0.684503182;-2.243007666;0.199530486;-1.034039108;-0.075933744;-0.242894369;0.574109814;-0.556561544;0.409484598;-1.10139433;0.024049886;0.189077904;0.321934104;0.069709691;0.477830087;walk;29;
68.495;-0.339938254;-0.341619704;0.964920132;-0.033466531;-0.130243588;-0.000148499;-0.912926565;0.073008424;0.465286829;0.221752082;-1.381067077;0.24225469;-1.025205091;0.091660789;0.04998157;0.095765112;-1.459826026;0.314357286;-0.983973893;-0.227390594;0.214210052;0.229021384;-0.084683188;0.163039937;walk;29;
68.595;-0.193653372;-0.30503358;0.916467446;-0.467964178;-0.169967568;-0.051648278;-0.961746014;0.029178788;0.203819725;-0.365290154;-0.914835216;0.168508703;-0.917405827;0.005376249;-0.184722274;-0.403527329;-1.787826567;0.024548337;-0.803844349;-0.011669964;0.238691703;-0.318178128;-0.168020477;-0.130401748;walk;29;
68.695;-0.216193093;-0.235771067;0.980432385;-0.355884657;-0.374852205;-0.014630693;-1.031936438;0.035989121;0.214262267;-0.590462258;-1.118760836;0.05536398;-0.963899379;0.045834404;-0.124972367;-0.581292143;-1.793131073;-0.122524;-0.880390318;0.144872881;0.263848231;-0.486280637;0.142820966;0.327075277;walk;29;
68.795;-0.075476192;-0.109148118;1.131454777;0.601080883;-1.714219996;-0.422211882;-1.316329387;0.040583041;-0.055934539;-0.069150061;-1.85615611;-0.33617061;-1.153157792;0.196404837;-0.279274934;0.025660451;-1.293273111;-0.335007949;-0.927150089;-0.048177669;0.487786026;-0.39080544;0.035323979;0.207547697;walk;29;
68.895;0.045678663;-0.101283731;0.934203435;1.956987972;-6.046122231;-1.750099237;-1.503629095;0.069271817;-0.130962266;0.55496459;-2.830976946;-0.612229395;-1.282223535;0.013064692;-0.594450398;0.780838473;0.773872349;-0.306905427;-1.203298725;-0.026771509;0.269940344;-0.159153559;-0.131490788;-0.510955382;walk;29;
68.995;-1.541337042;-0.57843478;1.623576096;1.643456068;-4.147309863;0.604684435;-0.847624027;-0.032781101;0.633374657;-0.314842141;-1.546988367;0.062641701;-1.340173878;-0.198349302;-0.115706986;-0.249377527;2.923344477;-0.251779654;-1.03508721;-0.063965405;0.097979228;-0.11947131;-0.114738899;-0.226972574;walk;29;
69.095;-0.110335327;-0.366911827;0.798530927;-2.713879618;4.601242503;1.233700127;-0.234639636;-0.138718422;0.587366115;-0.307823842;2.372464954;0.676474586;-1.048324866;-0.144397216;0.061144898;-0.7429767;2.808889609;-0.043905141;-0.868449079;0.020415633;0.21201184;0.284212407;0.015444528;-0.018241155;walk;29;
69.195;-0.426725069;-0.644653462;1.054247061;-2.162503806;5.889043837;1.455674581;-0.422118331;-0.141431559;0.396609153;-0.142589631;5.831466194;0.432519001;-0.620646887;-0.089784466;0.176599966;-0.446199223;1.093983559;0.113486896;-0.776285175;-0.145356529;0.292756861;0.446314681;0.173353442;-0.150594541;walk;29;
69.295;-1.955318364;-0.879332915;0.595350711;-1.957337996;3.886385663;0.402168602;-1.392579515;-0.132357742;0.277825187;-0.206874262;4.559992894;0.137213674;-0.821490811;-0.040727709;-0.541359862;-0.242043367;-0.265499735;0.010601385;-0.832406147;0.02073442;0.513249346;0.543389044;0.005349464;-0.375686717;walk;29;
69.395;-1.329087647;-0.516000424;0.628488947;1.309918498;-1.952320156;-1.26104733;-1.383683382;-0.037887436;0.068053917;1.377059859;-1.791775759;0.070581277;-1.103117029;-0.034965328;-0.631136868;1.306078943;-0.233676297;0.433073858;-1.27118742;-0.090145236;0.372256686;0.415451929;-0.149512781;0.316435482;walk;29;
69.495;-0.593120011;-0.554478535;1.080074347;0.365514999;-0.740270164;-0.216047796;-0.842385117;0.063261839;0.6117292;0.473161377;-2.155059064;0.276525934;-1.025937527;0.008529623;0.156396729;0.306677984;-1.138591437;0.446741008;-1.011337633;-0.041068274;0.102917372;0.189720332;0.043386955;0.440547867;walk;29;
69.595;-0.202812324;-0.291442493;0.942792593;-0.295429901;-0.145314627;0.019233865;-0.963662283;0.06207222;0.287491531;-0.114488011;-1.153243334;0.22358415;-0.964121072;0.074250336;-0.131076386;-0.201239167;-1.891029909;0.152852999;-0.89204433;-0.151408878;0.205795317;-0.313134002;-0.134199188;-0.04381692;walk;29;
69.695;-0.221553251;-0.292327553;0.931268408;-0.425158819;-0.353208354;-0.000826682;-0.980117261;0.035019939;0.234312263;-0.528184558;-1.105319781;0.151036731;-0.921037833;0.010667824;-0.154792016;-0.548978898;-1.935964986;-0.042839964;-0.826795159;0.132676614;0.193354375;-0.467748813;0.014255337;0.144033682;walk;29;
69.795;-0.176378362;-0.188518528;1.085272595;0.224467303;-1.140231624;-0.207646578;-1.198246515;0.020543183;0.045714767;-0.271312342;-1.592160025;-0.08571296;-1.058564236;0.14660095;-0.220679266;-0.233987963;-1.752497138;-0.164160719;-0.85601787;-0.030809609;0.407328133;-0.578637211;0.385728654;0.517504501;walk;29;
69.895;0.300717725;-0.112128753;0.996338783;1.580802943;-4.557872193;-1.670999973;-1.549740803;0.060934995;-0.226018887;0.464129048;-2.818039782;-0.542039707;-1.253696128;0.10018195;-0.646710381;0.649188014;-0.090698085;-0.31314708;-1.126679664;-0.026453815;0.424019586;-0.302361375;-0.17237623;-0.386936813;walk;29;
69.995;-1.40165957;-0.41562419;1.422854585;1.824768426;-6.839354894;-0.918446414;-1.118362946;0.021008097;0.462849242;-0.251543218;-2.121908182;-0.26920398;-1.413733632;-0.131375733;-0.233737202;0.019376556;2.517312244;-0.406247908;-1.160859922;-0.043903954;0.113240863;-0.099934116;-0.037898812;-0.530901758;walk;29;
70.095;-0.683148676;-0.520329077;0.970234383;-1.626442527;3.781400872;1.999209218;-0.212690103;-0.165987821;0.751070384;-0.475611568;1.51114789;0.538320056;-1.171519988;-0.234329559;0.147474428;-0.686924945;2.898483973;-0.223105256;-0.889961866;0.019947076;0.181197922;0.129907787;-0.013120078;0.02986124;walk;29;
70.195;-0.274319466;-0.560034177;0.590503537;-2.313249394;5.604307336;2.405146853;-0.277305342;-0.1502918;0.511184988;-0.503017488;4.992681103;0.615175502;-0.736943724;-0.079357813;0.243290138;-0.783229252;1.556137621;-0.140590859;-0.805653638;-0.160868066;0.218383826;0.271302755;-0.046509408;-0.01148401;walk;30;
70.295;-1.345710885;-0.949594039;0.924147755;-2.78481047;4.384441439;0.638021181;-1.097748312;-0.075630129;0.351934589;-0.438607696;5.377434576;0.268220805;-0.719368008;-0.06911411;-0.280976598;-0.514261096;-0.204925097;0.011246196;-0.836820976;-0.033594684;0.415743658;0.401548911;0.077300573;-0.362188519;walk;30;
70.395;-1.584748116;-0.205244618;0.230288718;-0.338332403;-0.141118469;-1.589490385;-1.381530675;-0.11581168;-0.088532613;0.99282121;0.093277442;0.252037965;-1.014318397;0.046775769;-0.708406305;0.924860711;-0.399181418;0.432859387;-1.009648957;0.023302614;0.498648558;0.682636427;-0.161964909;0.158883178;walk;30;
70.495;-0.801356816;-0.719748353;1.215207687;1.590016446;-1.734006105;-0.662833321;-1.01837048;0.088674731;0.445048314;1.472538388;-2.531727609;0.233702981;-1.082053839;-0.01694248;-0.039408112;1.310893593;-0.605843484;0.68524587;-1.17488067;-0.120718841;0.182119392;0.294755183;0.011096105;0.60433987;walk;30;
70.595;-0.264343893;-0.403911854;0.904058423;-0.422847575;-0.135018297;-0.081383598;-0.917374753;0.057713049;0.435238676;-0.012767595;-1.291444082;0.362108598;-0.997967877;0.053019822;0.04101789;-0.158997559;-1.642940847;0.328264173;-0.900708955;-0.178403148;0.112209819;-0.06255124;-0.216522208;0.113694132;walk;30;
70.695;-0.226248111;-0.266876731;0.94385346;-0.481374634;-0.317272548;-0.133069655;-1.001969594;0.058748568;0.198339812;-0.361588574;-0.994065974;0.195790224;-0.955602808;0.065326908;-0.154494017;-0.408137248;-1.700165669;0.060460044;-0.900914428;0.036734899;0.149759079;-0.290403822;-0.234337366;-0.148027695;walk;30;
70.795;-0.235376157;-0.206710225;0.995204396;-0.298521001;-0.920073296;-0.15286986;-1.074759119;0.050095885;0.208854946;-0.624287732;-1.209423565;0.070747136;-1.014344751;0.055619447;-0.122766062;-0.618548575;-1.628847018;-0.11300751;-0.943465451;0.022199839;0.280739444;-0.357150673;0.092352548;0.185076368;walk;30;
70.895;-0.212410591;-0.074410077;1.014690782;0.70905309;-2.057163939;-0.382113203;-1.181366031;0.074285371;-0.087708987;0.059811818;-1.884714996;-0.222832942;-1.016883365;0.20512508;-0.30100439;0.120753521;-1.196296427;-0.189522995;-0.828593587;-0.090149614;0.421356158;-0.659938747;0.13101321;0.1797878;walk;30;
70.995;-0.216483689;-0.268313475;1.035791733;1.651505056;-5.861293738;-1.610646812;-1.50493432;0.009282146;-0.056116674;0.288372592;-3.02034661;-0.49536031;-1.278095375;-0.046878531;-0.595430595;0.508390254;1.005511239;-0.318723528;-1.24996166;-0.017221287;0.158679315;-0.175322135;-0.05539512;-0.716241511;walk;30;
71.095;-1.28001415;-0.483814601;1.741120544;0.518992142;-2.792210296;0.511442421;-0.757125748;-0.086928955;0.717175956;-0.581250048;-1.148696439;0.207707117;-1.422497312;-0.236317579;-0.044981501;-0.504038981;2.965909727;-0.398928014;-1.040991364;-0.014500237;0.159889172;-0.160947745;0.052773147;-0.229853676;walk;30;
71.195;-0.223477929;-0.36225395;0.69844504;-2.207095757;5.134826387;1.673094418;-0.184110824;-0.141488939;0.63821939;-0.450749255;3.010702174;0.746264914;-1.050785827;-0.123055442;0.171772969;-0.860114253;2.68011203;-0.139405919;-0.881329513;-0.029925631;0.174159419;0.192047693;0.077392885;0.091304426;walk;30;
71.295;-0.633010813;-0.784355234;0.939189681;-1.676300581;5.537006087;2.507999157;-0.522117406;-0.142183889;0.468052593;-0.21047713;5.975779827;0.340812176;-0.626819702;-0.048418914;0.193220119;-0.404392409;0.80928359;0.025745726;-0.775808353;-0.121391332;0.29908545;0.17630451;0.128373356;-0.034942093;walk;30;
71.395;-2.008873119;-0.677687004;0.362408018;-2.08910932;2.956902248;-1.084416683;-1.406559966;-0.080340579;0.321992978;0.275074653;3.381666818;-0.000253384;-0.895281156;-0.033238066;-0.574543777;0.267187679;-0.321302415;0.064856594;-0.905183999;0.016276983;0.470758295;0.362122593;0.027305341;-0.239257685;walk;30;
71.495;-1.124093827;-0.503921994;0.915782454;0.962837917;-2.105001211;-0.899475681;-1.267632004;-0.021444372;0.145436031;0.946303854;-2.011666866;0.186929758;-1.085949589;-0.072580927;-0.490811912;0.841078488;-0.249703186;0.459423575;-1.209620067;-0.050000866;0.344019691;0.249312806;-0.02710495;0.447306663;walk;30;
71.595;-0.406315548;-0.39815696;0.999580264;-0.05069114;-0.355065956;-0.198124206;-0.858045412;0.051174077;0.53455916;0.333551849;-1.685668288;0.335387358;-1.011210077;0.029509916;0.098786962;0.153231776;-1.263582388;0.445555885;-0.949639417;-0.080748006;0.162096462;0.484392059;-0.115609567;0.174816302;walk;30;
71.695;-0.203941604;-0.256469393;0.942485358;-0.771944545;-0.229301114;-0.170640307;-0.988494012;0.066763765;0.298379384;-0.536937934;-0.866617435;0.264175917;-0.982630092;0.040560704;-0.140817145;-0.600816547;-1.782366842;0.030325189;-0.951894597;-0.084652824;0.171923526;-0.163602174;-0.223412817;-0.081543844;walk;30;
71.795;-0.262469982;-0.06515036;0.967513765;-0.791549848;-0.470360675;-0.086892693;-0.99551312;0.109576115;0.176613562;-1.001190532;-0.865342746;0.100061322;-0.940479713;0.1142877;-0.126474239;-0.982760633;-1.697529339;-0.221390574;-0.848256453;0.094184247;0.210091171;-0.478821692;0.009625515;0.152915617;walk;30;
71.895;-0.305972236;-0.031436568;1.031384913;-0.055593408;-0.807876863;0.014728509;-1.087952867;0.019559736;0.121624159;-0.567019846;-1.160441009;-0.211222665;-1.00703052;0.131876817;-0.07962689;-0.497772435;-1.638071502;-0.349602743;-0.836912159;0.013333488;0.371228786;-0.628564146;0.164360795;0.48800271;walk;30;
71.995;0.065105698;0.033928893;1.084203589;1.395509874;-2.923510827;-0.48986936;-1.434397515;0.062039983;-0.230103027;0.888302868;-2.173297146;-0.641387316;-1.233181046;0.189866322;-0.45189031;1.03091709;-0.680094114;-0.351360168;-1.114200986;-0.017304768;0.434467977;-0.394057393;-0.09011268;-0.19543344;walk;30;
72.095;-0.751492194;-0.216619505;1.26000928;1.752723531;-7.355602668;-1.442953479;-1.475704882;7.53E-02;-0.002072988;0.627120351;-2.90444754;-0.641582401;-1.335980399;-0.103190422;-0.593588087;0.892986238;2.154710063;-0.236746989;-1.097231116;-0.098469316;0.16801801;-0.074711887;-0.064052824;-0.630296475;walk;30;
72.195;-0.908095182;-0.37789671;1.742229461;0.234511188;1.140291437;2.481320306;-0.368443686;-0.084303498;0.744390239;-0.39291737;0.25956681;0.395438706;-1.33561867;-0.217929683;0.091088124;-0.538058999;3.405711724;-0.192684058;-0.972480212;0.094889537;0.150253837;0.285541702;-0.029217584;-0.192031134;walk;31;
72.295;-0.099557519;-0.543631657;0.677148296;-2.28168223;6.154074931;3.00190432;-0.182507247;-0.165155942;0.486748999;-0.200616829;5.140697474;0.499793105;-0.784401881;-0.079690589;0.317636869;-0.536087495;1.999163708;0.033013888;-0.781904036;-0.114169168;0.250066766;0.38753595;0.067745189;0.044656771;walk;31;
72.395;-1.423050268;-1.221832909;0.861837205;-3.099965241;4.889795417;1.096658602;-1.115114315;-0.132628719;0.394484716;-0.355246816;5.983972158;0.097788373;-0.656970085;-0.098521224;-0.252067395;-0.36566839;0.027126476;-0.093788198;-0.819415518;-0.07027823;0.398408272;0.446777175;0.183192844;-0.358409487;walk;31;
72.495;-1.80474757;-0.393067541;0.211752251;-0.209376382;-0.453226432;-1.485727602;-1.470426967;-0.056671672;0.091512917;0.750777378;-0.138961959;0.075180418;-1.075703899;-0.00028558;-0.720962077;0.711885743;-0.099881267;0.2480993;-1.095625028;-0.02006131;0.473196074;0.441648839;-0.066063729;0.072160142;walk;31;
72.595;-0.821594861;-0.642963761;1.223212692;0.843763929;-1.616736092;-0.542070796;-0.964110592;0.050954637;0.529618951;0.712395989;-2.52945221;0.263199038;-1.078924445;-0.016215825;0.03508168;0.546277697;-0.584003892;0.511934619;-1.132311084;-0.000785645;0.152576753;0.257839263;0.058719973;0.518955824;walk;31;
72.695;-0.221760305;-0.349269905;0.926143123;-0.410035851;-0.135893476;-0.038482106;-0.93354969;0.045920254;0.458904999;-0.108865837;-1.202900497;0.290386062;-1.037052091;0.042008876;-0.005946332;-0.232339767;-1.71031478;0.20980405;-0.975251198;-0.226459363;0.168477337;0.01260716;-0.240939433;-0.018225022;walk;31;
72.795;-0.239096765;-0.222078312;0.929151524;-0.688854966;-0.32884847;-0.042536214;-0.974032569;0.084352349;0.193535866;-0.689024442;-0.803312441;0.208589947;-0.916048424;0.062223191;-0.196101433;-0.718968683;-1.860922374;-0.062865863;-0.811266251;0.122114735;0.180680186;-0.536743244;-0.151293854;0.073236041;walk;31;
72.895;-0.248544643;-0.169065925;1.007988256;-0.411431232;-0.647759411;-0.09643767;-1.082505044;0.017236917;0.146538114;-0.740220745;-1.087320338;-0.002971548;-0.994154684;0.076657029;-0.148160243;-0.708151145;-1.803413961;-0.221842808;-0.920112324;0.097085463;0.245998874;-0.404254965;0.210415701;0.508333026;walk;31;
72.995;-0.152730248;-0.007050315;1.088749242;0.942216313;-1.911175119;-0.493541633;-1.250394331;0.10541174;-0.11795328;0.438469622;-1.988111428;-0.469086716;-1.079931115;0.26183144;-0.314819095;0.553384;-1.035483711;-0.312944976;-0.877793063;-0.101313386;0.467996741;-0.448668332;0.02894713;0.132481064;walk;31;
73.095;-0.152894455;-0.121651369;0.967215884;2.087046547;-6.03850428;-1.628999097;-1.450928247;0.096493388;-0.008896583;0.764739825;-2.873953169;-0.639772578;-1.285140116;0.004200171;-0.535111833;0.987335554;0.99794482;-0.193876013;-1.202074912;-0.035670795;0.227720601;-0.069564012;-0.152654889;-0.725177349;walk;31;
73.195;-1.319490978;-0.666536373;1.697688479;1.85972817;-3.01194793;1.673254983;-0.738414407;-0.068985605;0.663561848;-0.310836711;-1.135028817;0.181812305;-1.329986225;-0.239183712;-0.085511505;-0.327656062;2.798609006;-0.194856882;-1.024260843;-0.00344011;0.124343822;0.067768098;-0.118309134;-0.29483284;walk;31;
73.295;0.008194843;-0.533215467;0.681748756;-3.055635919;4.702136305;2.09185163;-0.27407474;-0.184530807;0.553203971;-0.351325798;3.052748892;0.543954265;-1.009031976;-0.112964472;0.114944025;-0.637994675;2.61741927;-0.109339624;-0.861518482;-0.058208039;0.177167635;0.210523721;-0.048702019;0.059699325;walk;31;
73.395;-0.592501127;-0.917923571;1.07830091;-2.342080265;5.444998658;2.074443523;-0.618343161;-0.175585372;0.43976513;-0.088064353;6.104772746;0.012040404;-0.643467773;-0.12444685;0.113187616;-0.078031015;0.820097862;-0.064871891;-0.810103692;-0.073886136;0.31309319;0.267482437;0.092311639;-0.057265933;walk;31;
73.495;-1.983210143;-0.794112438;0.272498069;-2.608540374;2.911211089;-0.649993069;-1.383811444;-0.063155352;0.25685086;-0.265764625;3.362742374;0.001123637;-0.852634326;-0.025061946;-0.641220919;-0.240479814;-0.193037271;-0.110707882;-0.937419532;-0.068407384;0.480037111;0.45553701;0.070814994;-0.273158883;walk;31;
73.595;-1.10036621;-0.545197811;0.870322988;0.911511126;-2.429222238;-0.9098245;-1.280505644;-0.025716037;0.169065446;0.611890988;-2.18812555;0.142757045;-1.092910731;-0.079419088;-0.464600294;0.542962444;-0.212724289;0.300477902;-1.197519938;0.017664744;0.291784584;0.224500998;0.019947322;0.373028212;walk;31;
73.695;-0.51303422;-0.363014944;1.077230626;-0.192076128;-0.450616081;-0.272238847;-0.868191727;0.064364893;0.613246352;0.138253456;-1.817499444;0.257371031;-1.068100108;0.068854943;0.194295142;0.010333263;-1.332069683;0.291283155;-1.016589061;-0.105149501;0.152221867;0.327350318;-0.053272964;0.291750702;walk;31;
73.795;-0.198786473;-0.190464984;0.948413606;-0.414737943;-0.193762941;-0.002638735;-0.972581516;0.070917378;0.21354833;-0.345402913;-0.852474896;0.167222525;-0.946247069;0.061292857;-0.169483732;-0.384975759;-1.981784041;0.020759015;-0.855747816;-0.072703651;0.176721901;-0.275364346;-0.228710212;-0.090992153;walk;31;
73.895;-0.252534816;-0.192794301;0.964037682;-0.215682353;-0.29107456;0.094660036;-0.995781446;0.028444153;0.144505254;-0.407605042;-1.041874598;0.052725348;-0.916409226;0.041471352;-0.16831382;-0.4056074;-1.85130797;-0.071388979;-0.849484238;0.127715749;0.196128594;-0.369156673;0.073255575;0.155346836;walk;31;
73.995;-0.1907763;-0.156279174;1.077077696;0.183687222;-1.030038779;-0.18756036;-1.180923218;0.003266244;0.067306343;-0.298271155;-1.569431238;-0.21241151;-1.067843534;0.121276095;-0.141833411;-0.237712905;-1.6383969;-0.278924974;-0.829040443;-0.045182958;0.434328885;-0.503590368;0.230492456;0.482309977;walk;31;
74.095;0.221207598;-0.002431592;1.069122255;1.840341142;-4.291479985;-1.228542098;-1.541011004;0.126302736;-0.244320258;0.913024879;-2.710969366;-0.655044318;-1.290112282;0.17974906;-0.580313275;1.085758861;-0.060345837;-0.281563668;-1.246942109;-0.01604534;0.338846361;-0.305989245;-0.212157287;-0.44581665;walk;31;
74.195;-1.255796329;-0.47321835;1.48370841;2.073745113;-6.327326706;-0.779814044;-1.185916627;0.004979632;0.386766284;0.079024224;-2.453299908;-0.299557171;-1.358108155;-0.183977149;-0.300538213;0.267761368;2.583727953;-0.222233794;-1.069032527;-0.06537945;0.096082727;-0.179155278;-0.015099437;-0.437282461;walk;32;
74.295;-0.399971144;-0.431522698;1.094213475;-1.306217475;2.788340359;1.466082109;-0.255095856;-0.141470813;0.720258746;-0.362356987;1.043449248;0.498058765;-1.197173577;-0.185979009;0.082945491;-0.602714477;3.180865342;-0.150002219;-0.913651583;0.042300008;0.160322209;0.070697587;0.018705582;0.015475538;walk;32;
74.395;-0.176784628;-0.521920702;0.823548047;-2.009144358;5.800887097;1.778519608;-0.173710745;-0.157085989;0.505215361;-0.144412256;5.202846669;0.361286744;-0.770354591;-0.080637445;0.309561552;-0.387806802;1.681431686;0.014065166;-0.801998153;-0.118676986;0.239719259;0.213529318;0.087464676;0.085662049;walk;32;
74.495;-1.726045324;-1.106050297;0.823704976;-2.200035165;4.74475486;1.189486283;-1.179009129;-0.146564294;0.398869909;-0.280521605;5.776970522;0.036161015;-0.689968951;-0.08765319;-0.308901608;-0.265766167;-0.316918391;-0.118941404;-0.841235789;-0.056022663;0.414223692;0.37627623;0.106671461;-0.374928694;walk;32;
74.595;-1.653024687;-0.440350681;0.295706295;0.262620938;-0.895654076;-1.463776385;-1.432603686;-0.025169521;0.104572834;0.962949183;-0.793123893;0.049357966;-1.076038842;-0.063316408;-0.726576585;0.917287505;-0.183487344;0.286694474;-1.112253545;0.006156711;0.385072024;0.524023956;-0.125427485;0.041020232;walk;32;
74.695;-0.72126125;-0.468888688;1.220332229;0.202505188;-1.11860183;-0.272125267;-0.927536751;0.065964686;0.516041879;0.269940032;-2.355225728;0.328425333;-1.056222376;0.05193147;0.073568743;0.102382741;-0.674353498;0.409388104;-1.114697401;-0.035159965;0.115972122;0.307995552;0.065437774;0.393457729;walk;32;
74.795;-0.193647679;-0.294434847;0.933491221;-0.149794588;-0.109746046;0.027430953;-0.937535728;0.045094935;0.41111038;0.043088326;-1.158226073;0.210008655;-1.015094355;0.046589399;-0.067125149;-0.062662556;-1.706572893;0.207746454;-0.9560879;-0.101667955;0.210700113;-0.02377039;-0.149762488;-0.079193302;walk;32;
74.895;-0.240405302;-0.236522446;0.934090078;-0.399282577;-0.307659062;0.058565664;-0.963872384;0.064352824;0.227584366;-0.484264887;-0.870217973;0.172698653;-0.918452119;0.046415697;-0.177573521;-0.514680596;-1.824850326;-0.028622758;-0.827146098;0.085165891;0.184954239;-0.531771616;-0.029657391;0.121970687;walk;32;
74.995;-0.223894638;-0.227730891;1.003329145;-0.321662978;-0.684821041;-0.097023187;-1.087609022;0.014164056;0.202666017;-0.720652889;-1.150748497;-0.006846218;-1.000603459;0.068185643;-0.137555143;-0.683869653;-1.820538966;-0.233510954;-0.874827644;0.119170555;0.308802183;-0.48215939;0.311860238;0.530979911;walk;32;
75.095;-0.035852014;-0.007728336;1.10375811;1.007798152;-2.415235025;-0.702075485;-1.350224109;0.092821859;-0.097729328;0.371707657;-2.030781867;-0.516687966;-1.173951354;0.236258303;-0.346747987;0.513884742;-1.019028756;-0.362324676;-0.962889654;-0.067249867;0.504595424;-0.346721049;-0.060209955;-0.109073422;walk;32;
75.195;-0.427662883;-0.190009078;1.156102501;2.429866099;-6.860403664;-1.512796255;-1.572147785;0.094855619;-0.121514911;0.638927902;-2.902889;-0.572436087;-1.313808234;-0.036025091;-0.699464784;0.852144047;1.560823597;-0.16940138;-1.160093915;-0.076764831;0.170247084;-0.113789654;-0.167789656;-0.642292468;walk;32;
75.295;-1.030631153;-0.677407794;1.800903926;0.244804712;-0.88667201;1.219736906;-0.560344607;-0.138605552;0.754180378;-0.456275858;-0.47853555;0.468905385;-1.402117304;-0.294804357;-0.038364524;-0.630077995;3.526694214;-0.2229509;-0.994962039;0.098677209;0.156907379;-0.019471334;-0.100766797;-0.22233229;walk;32;
75.395;-0.080977084;-0.498652489;0.723416073;-3.13504017;6.143178852;0.82963947;-0.133694917;-0.175763281;0.514776302;-0.243339626;4.373749071;0.628848927;-0.884666122;-0.067661256;0.252477424;-0.669258829;2.377662464;-0.008498419;-0.839929241;-0.041312854;0.259397448;0.35034762;0.072327315;0.078756378;walk;32;
75.495;-1.146550605;-1.002164691;1.074668945;-1.319015657;5.524117476;2.496797915;-0.870419102;-0.157580065;0.430314284;-0.18894762;6.448162072;0.076500126;-0.595059584;-0.150285855;-0.063747498;-0.21617357;0.205168862;-0.037075627;-0.802099853;-0.132893576;0.361137697;0.321286124;0.164300672;-0.203028989;walk;32;
75.595;-2.109443342;-0.515247825;0.026453634;-1.023771777;0.916495165;-1.222451748;-1.46741746;-0.066800331;0.190418848;0.421526337;1.228109312;0.043025903;-0.982758788;0.025305467;-0.716396717;0.402811613;-0.313820523;0.12282469;-0.993536784;0.061378437;0.504341369;0.510781719;-0.026004712;-0.10899843;walk;32;
75.695;-0.89584176;-0.651119587;1.227557538;1.343630742;-2.095397963;-0.40684345;-1.114972205;0.050338872;0.301945498;0.784281368;-2.653884026;0.222804242;-1.09325124;-0.018362006;-0.213958369;0.644488826;-0.365609021;0.480453633;-1.168861905;-0.022225929;0.149488081;0.34280869;0.016486416;0.520125313;walk;32;
75.795;-0.282575258;-0.438027816;0.911360336;-0.097482884;-0.089192445;0.007323468;-0.873173264;0.045565269;0.579663259;0.221925644;-1.519521979;0.286616671;-1.052377172;0.038968707;0.07990318;0.053950575;-1.519518098;0.358903935;-1.011832875;-0.17374905;0.19174836;0.171021952;-0.188433216;0.084530273;walk;32;
75.895;-0.200140539;-0.309627554;0.912002853;-0.771012622;-0.300116682;-0.099138559;-0.972289744;0.070164359;0.258641058;-0.667630954;-0.824312343;0.244198194;-0.934042651;0.035074491;-0.187788663;-0.711898823;-1.977196973;-0.051287678;-0.840070281;0.038408771;0.181509578;-0.448212813;-0.162188503;0.002620101;walk;32;
75.995;-0.247851369;-0.187522781;0.974876384;-0.664068934;-0.527007829;-0.110712138;-1.033122284;0.057786583;0.190698293;-0.953891978;-0.998753682;0.066181596;-0.954819172;0.082025926;-0.137694177;-0.926345056;-1.905984597;-0.243929062;-0.849450458;0.129643467;0.244580388;-0.547105372;0.130010701;0.464391892;walk;32;
76.095;-0.197368081;-0.042540985;1.106087297;0.477305377;-1.474255436;-0.463721699;-1.239530989;5.03E-02;-0.038824911;-0.006580442;-1.666226794;-0.39597145;-1.098353971;0.222295766;-0.219082706;0.100404492;-1.472044909;-0.380538251;-0.884999979;-0.093588651;0.44662561;-0.523174968;0.050039508;0.278506108;walk;32;
76.195;0.129437948;-0.075309167;1.005940725;2.192198601;-5.549542267;-1.537361135;-1.590798608;0.100647823;-0.253128035;0.977968685;-2.833401069;-0.688118591;-1.30904485;0.072078526;-0.691076691;1.180861444;0.544968101;-0.218547248;-1.228570941;-0.023929308;0.298586775;-0.177222603;-0.157164121;-0.58277036;walk;33;
76.295;-1.476486114;-0.555500839;1.747204619;1.359078935;-4.538633687;-0.267999746;-0.939533465;-0.020694163;0.566662027;-0.165236447;-1.791410508;-0.110344688;-1.364469761;-0.20815943;-0.178120676;-0.018603564;2.999049342;-0.253175913;-1.016060765;0.03154987;0.099671374;0.049354856;-0.122049877;-0.445021202;walk;33;
76.395;-0.179663035;-0.335164541;0.895724308;-2.019149957;4.914214937;1.489303337;-0.193364966;-0.137105879;0.625231522;-0.33389783;2.460079463;0.576486951;-1.093273581;-0.149426387;0.125216325;-0.660169191;2.973325081;-0.098981936;-0.896047732;-0.038251709;0.157805901;0.341207605;0.048452559;0.021239776;walk;33;
76.495;-0.501775008;-0.75986911;1.020936851;-1.714723091;6.04692522;2.30746224;-0.422709809;-0.190240615;0.466058459;-0.198777652;6.129776585;0.291800389;-0.6524961;-0.09486807;0.259602847;-0.361130792;1.095572715;-0.017046871;-0.79052655;-0.113870038;0.294687668;0.23493408;0.185418522;-0.002830823;walk;33;
76.595;-2.133963508;-0.815575076;0.413466219;-2.009001975;3.65822235;-0.174437103;-1.404656328;-0.100726869;0.296720863;-0.037379249;4.19354215;-0.046558221;-0.812312459;-0.054121615;-0.609210293;-0.009059942;-0.30370176;-0.082415598;-0.872031059;-0.010461425;0.483877461;0.440633817;0.124126802;-0.324476144;walk;33;
76.695;-1.280379476;-0.506994567;0.768723806;1.206023388;-2.399119984;-0.669165403;-1.333799996;0.005076825;0.12931466;0.732145079;-2.135263835;0.138214084;-1.09700361;-0.058395155;-0.568796494;0.656410842;-0.054900143;0.333095002;-1.192444333;-0.023427018;0.317693665;0.390558009;-0.030273933;0.365201216;walk;33;
76.795;-0.552677455;-0.448536792;1.082375409;-0.035269826;-0.50634308;-0.166589683;-0.852586457;0.067852606;0.660112577;0.219220959;-2.066374733;0.293101956;-1.083551331;0.072989897;0.190759448;0.053260612;-1.073292485;0.359365345;-1.072938689;-0.106299832;0.149959406;0.127380878;-0.023848389;0.245665722;walk;33;
76.895;-0.205180214;-0.272949916;0.920477504;-0.469933675;-0.134293741;-0.033019203;-0.947394301;0.047938752;0.352949712;-0.340125751;-0.894647729;0.17654747;-0.983024023;0.033523022;-0.11463866;-0.385646923;-1.914662385;0.003360042;-0.885613703;-0.018230691;0.17587666;-0.263262332;-0.264706003;-0.090672827;walk;33;
76.995;-0.243355024;-0.158902062;0.965326668;-0.42239936;-0.24229643;0.065590963;-0.98659052;0.065099466;0.152460059;-0.604579243;-0.843913054;0.081016452;-0.912050873;0.077181268;-0.198419806;-0.59390661;-1.903932696;-0.143269908;-0.839817978;0.134146832;0.189725179;-0.370131561;-0.073303492;0.130193453;walk;33;
77.095;-0.21303758;-0.203088193;1.038249524;0.055091845;-0.692547563;-0.098289019;-1.125999613;-0.008178586;0.121218722;-0.399163443;-1.289510874;-0.168244485;-1.01545925;0.088317962;-0.155589295;-0.338395754;-1.824128727;-0.274443092;-0.83002561;0.055752006;0.37084876;-0.341103861;0.301020037;0.482143868;walk;33;
77.195;0.174530467;0.002682499;1.119155928;1.673691932;-3.170083105;-0.962067808;-1.49502852;0.104624107;-0.200790565;0.891191615;-2.383612896;-0.661356918;-1.280867542;0.215732528;-0.469498414;1.053100442;-0.670072182;-0.330496945;-1.139895323;-0.045411883;0.455729743;-0.165919796;-0.126386537;-0.289612342;walk;33;
77.295;-0.833234281;-0.368504496;1.294523458;2.470977756;-7.343953126;-1.737405043;-1.468292155;0.056357084;0.086638251;0.424358291;-2.796351866;-0.51778164;-1.37383322;-0.134747432;-0.570477316;0.666236724;2.344086836;-0.217598197;-1.119922425;-0.068911729;0.122615283;-0.161520997;-0.085815197;-0.492076008;walk;33;
77.395;-0.780024934;-0.561776578;1.475006319;-0.67085332;1.27560905;1.356427185;-0.294168385;-0.132895815;0.780557702;-0.442463881;0.471222317;0.492765915;-1.302164022;-0.225523249;0.099590716;-0.637617045;3.4693825;-0.216360152;-0.970255916;0.07517621;0.145713436;0.181199309;-0.029627537;-0.099663571;walk;33;
77.495;-0.216617407;-0.509746394;0.660811903;-2.543573804;6.069342502;1.644770915;-0.089261065;-0.15125405;0.503403923;-0.282453219;4.923501969;0.557395268;-0.754215253;-0.093101945;0.312952639;-0.625312631;1.860090053;-0.03487638;-0.784622992;-0.121302468;0.251758194;0.406199904;0.169273838;-0.015927992;walk;33;
77.595;-1.488349163;-1.091346262;0.873958997;-2.227002942;5.189307951;1.735436394;-1.0620008;-0.156398906;0.419159811;-0.404055304;6.001033543;0.18732545;-0.677769689;-0.090557284;-0.178189269;-0.446326635;-0.174863792;-0.088676636;-0.789284562;-0.087574752;0.402089163;0.335972264;0.163224281;-0.332718928;walk;33;
77.695;-1.853501015;-0.387384004;0.175574545;-0.021187145;-0.28118065;-1.463960305;-1.513112688;-0.051457252;0.065319868;0.943294306;0.051263961;0.061059701;-1.094446098;0.004519601;-0.769437295;0.902241373;-0.318739972;0.279047784;-1.098178098;0.011512977;0.491687701;0.490687474;-0.203011438;0.127275897;walk;33;
77.795;-0.790189115;-0.637657577;1.199291792;1.126872479;-1.342825157;-0.252459122;-0.959105511;0.079829589;0.495139898;0.879319126;-2.446512452;0.273463908;-1.061985964;0.016468439;0.034744956;0.706716342;-0.72885893;0.577278694;-1.136481243;-0.013793014;0.14045609;0.164785916;-0.004104928;0.527369035;walk;33;
77.895;-0.212426461;-0.402055717;0.893885826;-0.283171608;-0.089181437;-0.04149433;-0.92969048;0.043107658;0.394857273;0.077714356;-1.252051268;0.308138226;-0.993845471;0.039680656;-0.029992693;-0.063729886;-1.726636875;0.313831725;-0.921887321;-0.185731443;0.145417416;0.01617048;-0.214277646;0.042535075;walk;33;
77.995;-0.205445289;-0.3320091;0.916273998;-0.691349337;-0.349012802;-0.094211253;-0.98813996;0.05891109;0.254359947;-0.618471902;-0.94467206;0.239782537;-0.949201862;0.02366221;-0.146076368;-0.665802393;-1.809425646;0.006241656;-0.871352329;0.074023736;0.168357212;-0.489767509;-0.141519689;0.040666655;walk;33;
78.095;-0.2427024;-0.193818993;1.002484803;-0.610631851;-0.890128286;-0.210985421;-1.093007927;0.040364546;0.163445693;-0.994548304;-1.115917007;0.05149485;-1.009141696;0.081781774;-0.123857334;-0.970055035;-1.824759321;-0.232781605;-0.893230954;0.031316378;0.292197059;-0.651667825;0.235785558;0.534394049;walk;33;
78.195;-0.088590814;-0.01088675;1.079517677;0.930037608;-2.314430393;-0.568902958;-1.303964883;0.080822736;-0.216322659;0.322738052;-2.147392729;-0.383105439;-1.100442271;0.225688759;-0.413548976;0.417911087;-0.851826309;-0.257761845;-0.941277365;-0.117772378;0.404361162;-0.622423886;-0.04463502;0.054008447;walk;34;
78.295;-0.395844704;-0.254273219;1.135579179;1.954251244;-6.844969517;-1.49473058;-1.551433118;0.022788877;0.027444487;0.282488651;-2.982144912;-0.426152209;-1.381351019;-0.110899657;-0.605403316;0.486449746;1.743669847;-0.252758459;-1.214892538;-0.040393504;0.172540504;-0.27288303;-0.037389418;-0.534470281;walk;34;
78.395;-1.121323099;-0.599939592;1.661784321;0.083948657;-1.07602756;1.016137143;-0.498489306;-0.120071416;0.757076862;-0.598375155;-0.378000609;0.433845206;-1.342319909;-0.213839916;0.025151902;-0.673181654;3.271300689;-0.340608444;-0.990525125;0.090110923;0.144902973;-0.015389945;-0.056943368;-0.112169144;walk;34;
78.495;-0.163199218;-0.306868174;0.627291805;-2.387527238;5.817925497;1.226378816;-0.11751519;-0.079307594;0.512894579;-0.221959025;3.915576274;0.516202577;-0.852452296;-0.027638839;0.217446921;-0.557432588;2.161022658;-0.01608877;-0.810228375;-0.090696602;0.237416608;0.521752211;0.082875436;-0.017926478;walk;34;
78.595;-1.072519088;-0.860159061;1.02302546;-1.568005426;5.521099156;2.314882105;-0.789509023;-0.105952932;0.426320599;-0.070203294;6.131815022;0.198763509;-0.629987256;-0.074764335;0.007726059;-0.197198968;0.111568956;0.094280041;-0.801709539;-0.145490815;0.348673192;0.394541789;0.126004521;-0.252253743;walk;34;
78.695;-2.017720299;-0.537410563;0.085685349;-1.358163024;1.369795651;-1.6980425;-1.518695784;-0.088657799;0.172868606;0.67008904;1.608581872;0.069484557;-1.020922369;-0.030228926;-0.75496296;0.633510454;-0.432934844;0.218210931;-1.007420435;0.018012636;0.496113909;0.432758771;-0.067649489;-0.110031826;walk;34;
78.795;-0.953704754;-0.55170243;1.198517538;1.239845723;-1.938739467;-0.30267001;-1.090522624;0.055989008;0.319575838;0.827221111;-2.515371359;0.203116964;-1.078175282;0.009352525;-0.161407617;0.702573541;-0.361877646;0.468645525;-1.158557263;-0.005020612;0.169279084;0.296973962;0.023381153;0.392374873;walk;34;
78.895;-0.267047433;-0.420207478;0.907501382;-0.089517408;-0.046752935;-0.026502521;-0.884107818;0.030605518;0.52899066;0.252874311;-1.402853854;0.265141906;-1.027975115;0.016802822;0.068882736;0.106349253;-1.528556097;0.351537857;-0.97409584;-0.178186454;0.181375143;0.258999132;-0.195657319;0.07109901;walk;34;
78.995;-0.210559806;-0.270224328;0.925028098;-0.628000469;-0.203566569;-0.063433663;-0.969487633;0.070624981;0.227076104;-0.49617953;-0.828088762;0.22637588;-0.9302252;0.043176867;-0.174413418;-0.547247957;-1.89355977;0.025813146;-0.852817849;0.001833851;0.185279225;-0.417801525;-0.165234249;-0.050621493;walk;34;
79.095;-0.23257464;-0.191029501;0.988026718;-0.530776894;-0.48979706;-0.010805959;-1.050244866;0.055443134;0.166863717;-0.826994692;-1.080452234;0.087684589;-0.964237942;0.071009736;-0.150929064;-0.818193698;-1.832250253;-0.155814854;-0.874142508;0.119256771;0.246078619;-0.549063752;0.223302776;0.397319787;walk;34;
79.195;-0.073296041;-0.051468642;1.138400673;0.716025274;-1.836129156;-0.432966859;-1.341248909;0.049935466;-0.120021444;0.118780635;-1.900665426;-0.361381199;-1.166771734;0.233741234;-0.309235232;0.211342265;-1.222261373;-0.305930832;-0.937165166;-0.076575926;0.500582001;-0.462609511;0.025171945;0.133002159;walk;34;
79.295;-0.047288413;-0.181477687;1.058267896;2.057241052;-6.568209991;-1.926921278;-1.637302431;0.061445338;-0.239421416;0.701166836;-3.060465601;-0.649277411;-1.317337198;-0.017675069;-0.760041971;0.940248823;1.298709932;-0.258876284;-1.193737705;-0.026422791;0.194955023;-0.159280579;-0.155305871;-0.576966946;walk;34;
79.395;-1.282583197;-0.521554705;1.96158779;0.751785742;-2.673976768;0.928415146;-0.672737816;-0.060668415;0.66780224;-0.540309975;-1.072085131;0.240722805;-1.379074306;-0.24700138;-0.095822956;-0.490481518;3.447823395;-0.388960435;-0.97796566;0.038743073;0.121258401;0.058416695;-0.081224899;-0.288443641;walk;34;
79.495;-0.082573302;-0.404468662;0.731809909;-2.634250961;5.895609845;2.007816933;-0.075493653;-0.136357712;0.55171239;-0.375855564;3.984013673;0.731652986;-0.95752911;-0.099110907;0.256299618;-0.814745212;2.540453811;-0.089722579;-0.867246737;-0.061426662;0.237108397;0.297338199;0.096893067;0.061383958;walk;34;
79.595;-1.083670026;-1.049614481;0.933509402;-2.217338647;5.654097336;2.068137673;-0.789826353;-0.186104516;0.44713244;-0.209787032;6.338778406;0.239973227;-0.59402861;-0.068689008;0.041192255;-0.329559135;0.269306143;-0.010507195;-0.812960498;-0.158599411;0.336611226;0.31327884;0.198376355;-0.215894144;walk;34;
79.695;-2.101857765;-0.595988848;0.079326554;-1.097623784;1.34919676;-1.364502164;-1.474586834;-0.079943256;0.284269697;0.569900061;1.54501598;-0.049601578;-0.982805659;-0.07241676;-0.716397712;0.565863749;-0.409435088;0.10450566;-0.94706123;0.046038992;0.516510973;0.391437725;-0.023514969;-0.09923087;walk;34;
79.795;-0.913380546;-0.537009371;1.206163478;0.865641966;-2.040799406;-0.450967001;-1.121306529;0.033682142;0.328311838;0.515314487;-2.548425861;0.207918124;-1.09475172;-0.021403457;-0.19636745;0.39985101;-0.458137324;0.373486668;-1.195435023;-0.007168726;0.14353654;0.225892569;-0.011141478;0.544330493;walk;34;
79.895;-0.294644186;-0.330272721;0.957656666;-0.238160965;-0.138469942;-0.049042416;-0.885664499;0.049720977;0.50883625;0.051113233;-1.500829004;0.24467209;-1.021180125;0.057672177;0.046550401;-0.070830396;-1.586489873;0.240148021;-0.986075947;-0.201209709;0.216490199;0.036604845;-0.143194108;0.171631525;walk;34;
79.995;-0.209149613;-0.227960341;0.947908804;-0.303199559;-0.284604581;0.102506319;-0.976155743;0.066942742;0.215476757;-0.375804846;-0.948800701;0.171721673;-0.923982437;0.043390902;-0.206636032;-0.414863967;-1.993578359;0.008656661;-0.823252541;0.017412251;0.210703903;-0.56777216;-0.056372525;0.03177113;walk;34;
80.095;-0.221406516;-0.232023557;0.995080529;-0.288599858;-0.679829726;0.029578784;-1.071426399;1.91E-02;0.210007143;-0.724735743;-1.186870411;0.037265341;-0.984312358;0.056806822;-0.136548026;-0.700759475;-1.977670746;-0.195479589;-0.864560704;0.133092151;0.274603037;-0.590226672;0.295604653;0.471075455;walk;34;WALK
80.195;-0.074063205;-0.080246234;1.094650459;0.905982994;-2.168247308;-0.753224471;-1.315447266;0.053615224;-0.057417287;0.301494098;-1.985773473;-0.527184401;-1.146719755;0.235256101;-0.271652122;0.443428761;-1.341561167;-0.406467402;-0.900054415;-0.01935871;0.514083528;-0.390112038;-0.071876692;-0.014144373;walk;35;JOG
80.295;-0.272304467;-0.168407947;1.10867765;2.220992056;-6.657466743;-1.689327764;-1.604938359;0.09263593;-0.198307138;0.662312455;-2.91592157;-0.686687282;-1.335105758;-0.029437687;-0.711065312;0.917981896;1.036482506;-0.310581071;-1.255354898;-0.043655407;0.182021511;0.115065661;-0.166640268;-0.79666665;walk;35;
80.395;-1.273279287;-0.565287449;1.826308614;0.621505376;-2.034145949;0.856011805;-0.713703;-0.076239475;0.701962808;-0.4328978;-1.078001107;0.280124624;-1.40437732;-0.245354993;-0.054605276;-0.479684679;3.452978674;-0.255639837;-0.992959348;0.015620271;0.111662406;0.041734485;-0.069392763;-0.301228199;walk;35;
80.495;-0.037786036;-0.332866311;0.65405927;-2.715020913;5.555704146;0.78867938;-0.059105491;-0.15459576;0.619740082;-0.181903211;3.509103051;0.70964291;-1.004171111;-0.127369908;0.264810807;-0.72708269;2.786233486;0.074011885;-0.851803643;-0.033157201;0.196607778;0.363157277;0.026451083;0.03393249;walk;35;
80.595;-0.954789086;-0.920326577;1.156137221;-1.592109101;6.041724136;2.276312756;-0.595186064;-0.162817926;0.492355134;-0.114962625;6.600488299;0.294447291;-0.601774563;-0.104265007;0.200176819;-0.315935722;0.426536141;0.101213205;-0.800784482;-0.088525623;0.348219866;0.419644672;0.106296046;-0.150336409;walk;35;
80.695;-2.288905034;-0.536489736;0.052745165;-1.589558198;2.122732207;-1.136402835;-1.519961349;-0.074300386;0.165224762;0.380193912;2.440352397;0.078722164;-0.938147492;0.033417316;-0.771957551;0.355133688;-0.516195588;0.129161204;-0.923992029;0.041086971;0.475156795;0.629766715;0.00044705;-0.126943506;walk;35;
80.795;-1.188589902;-0.64903468;1.180012004;1.717901564;-2.363165122;-0.722247204;-1.154739615;0.102884506;0.390329391;1.400011421;-2.971126728;0.172952326;-1.134222104;0.042106819;-0.171943067;1.248911146;-0.124007726;0.62707423;-1.178440776;-0.038461266;0.175253834;0.204996612;0.025285078;0.679486562;walk;35;
80.895;-0.336236531;-0.506295637;0.893571675;0.223890001;-0.055939426;0.093031346;-0.8177684;0.038616265;0.736841101;0.526931481;-1.675582867;0.296426724;-1.083290186;0.019592709;0.203970311;0.308519753;-1.716845401;0.520712875;-1.003567555;-0.196779892;0.212862077;0.131048296;-0.319718207;0.175289424;jog;35;
80.995;-0.174662119;-0.347328288;0.913510417;-0.806333804;-0.407337264;-0.11566129;-1.014906372;0.073695299;0.301617266;-0.698319852;-0.960869494;0.318616516;-0.956880295;0.013359172;-0.194162918;-0.772619281;-2.304448583;0.012102965;-0.848478726;-0.006419111;0.182634405;-0.590634135;-0.324777428;-0.0108802;jog;35;
81.095;-0.173124935;-0.187976186;1.054681404;-0.568856728;-1.606824206;-0.406838176;-1.253046521;0.05080439;0.109779483;-1.114676951;-1.41065537;0.070992364;-1.093080445;0.106305384;-0.245086832;-1.085138348;-2.245958769;-0.276119269;-0.978637522;0.039252361;0.307560012;-0.889391459;0.340872314;0.515352395;jog;35;
81.195;0.050191299;-0.02184212;0.881075585;0.796617085;-4.797333285;-1.463005348;-1.419089397;0.010420431;-0.482412253;0.189694302;-2.490957577;-0.501493003;-1.104762493;0.165581181;-0.648028851;0.337024808;-0.996162026;-0.399352259;-0.773338484;0.010671161;0.509735909;-0.691962513;-0.041363391;-0.048199534;jog;35;
81.295;-1.545969722;-0.184336312;1.9177794;1.067651814;-6.760322131;-1.005137081;-1.543389715;0.109231204;0.01307438;0.234290144;-3.040758357;-0.55453256;-1.436099744;-0.048469734;-0.632866294;0.52697465;2.515433649;-0.32875543;-1.259573852;-0.085693891;0.008084783;0.143802317;-0.324886543;-0.673706728;jog;35;
81.395;-0.499317485;-0.275361232;1.520363668;-0.620197593;4.072428371;1.793882239;-0.23858533;-0.189686222;0.825268399;-0.249560786;1.333195244;0.472143946;-1.436877461;-0.298855117;0.186052303;-0.535624547;3.615082299;-0.055459147;-1.008754772;0.11143856;0.194448472;0.419746841;-0.03537749;-0.01945734;jog;35;
81.495;-0.372152269;-0.635900308;0.95064244;-1.350860905;7.230008107;2.647810753;-0.215471043;-0.191923986;0.414603599;-0.157528451;6.31145939;0.313438301;-0.616055722;-0.070459628;0.421004172;-0.351891586;1.614181933;-0.007436003;-0.747957314;-0.229272228;0.219879067;0.775763347;0.044014106;-0.073435163;jog;35;
81.595;-2.337108821;-0.946986517;0.401436231;-2.062390739;4.463271268;0.73894873;-1.364831683;-0.101773399;0.407885651;-0.281672289;5.04822202;0.017669506;-0.715969893;-0.074093054;-0.527657854;-0.261469761;-0.1889453;-0.098654668;-0.774229617;-0.04309441;0.480063416;0.552152577;0.13902097;-0.303451767;jog;35;
81.695;-2.023293083;-0.600412242;0.772152304;0.972622492;-2.666360189;-1.132402522;-1.380784382;0.089778482;0.530079532;0.825206657;-2.881429291;0.119064651;-1.189651153;0.070375279;-0.318772672;0.732525306;0.194769997;0.376461634;-1.287294143;0.020058374;0.111087705;0.327712017;0.08708787;0.536031489;jog;35;
81.795;-0.470750368;-0.439259663;1.07985056;0.342580897;-0.39819494;0.025591004;-0.7885115;0.066630668;1.076474966;0.440113639;-2.052038435;0.175552929;-1.306583195;0.073708983;0.502487267;0.275629065;-2.117150859;0.386700674;-1.173012865;-0.220475053;0.24080139;0.021171183;-0.111232056;0.265524089;jog;35;
81.895;-0.135371366;-0.277222325;0.964685554;-0.359172639;-0.918669591;-0.112829647;-1.121148216;0.052105699;0.140218137;-0.617261106;-0.902899991;0.195641916;-0.9938363;-0.004779;-0.317977633;-0.64853854;-2.725091749;-0.056306579;-0.741394157;-0.038175894;0.09758798;-0.576196976;-0.358299289;-0.029123288;jog;35;
81.995;-0.297498544;-0.232351215;0.953878178;0.074536901;-1.977223898;-0.198616166;-1.102915664;-0.004366525;0.02372379;-0.679381579;-1.640949287;-0.014712419;-0.922178539;0.083704541;-0.267484259;-0.64574774;-2.199384968;-0.218293124;-0.821386615;0.10138688;0.270596993;-0.727580238;0.287532253;0.44496531;jog;35;
82.095;0.04255794;-0.088884246;0.984825669;1.77643084;-4.906836591;-1.615499802;-1.539480524;0.053535211;-0.603888178;0.733251521;-2.939915546;-0.644423652;-1.140421809;0.199040203;-0.800001014;0.91277145;-0.542397499;-0.32275795;-0.945950471;-0.040294566;0.349535747;-0.354823584;-0.088226072;-0.234628201;jog;35;
82.195;-1.703480221;-0.509907567;2.171024932;1.567706499;-5.392206056;-0.80085054;-1.409205201;0.078440674;0.482508906;0.059351184;-2.562607977;-0.176578054;-1.739204915;-0.201938657;-0.385348664;0.160371385;3.032808147;-0.177548272;-1.357949946;-0.093751135;0.150516351;0.10291581;-0.048910647;-0.651201306;jog;36;
82.295;-0.216472415;-0.537845038;1.050662924;-2.403713557;5.38752146;0.873133906;-0.090868013;-0.265605938;0.725021265;-0.382512898;2.50808874;0.817989778;-1.222403808;-0.262500573;0.292371606;-0.902705403;3.420552244;-0.047513456;-0.903452196;-0.011420409;0.133219662;0.200982264;-0.081851137;0.164943755;jog;36;
82.395;-0.655942621;-0.781294388;1.094430442;-1.632143286;7.173785515;2.479680255;-0.305999521;-0.183848032;0.396910362;-0.296070313;6.79238789;0.390276094;-0.503040676;-0.091327275;0.39942702;-0.500034356;1.147585977;-0.026469653;-0.71365557;-0.222271152;0.24813476;0.296792095;0.199176932;-0.102199513;jog;36;
82.495;-2.572112169;-0.673397427;0.166501981;-1.860349661;3.519793946;-0.116289431;-1.491105034;-0.069234792;0.289301204;-0.096687442;3.820286225;0.114829919;-0.820388493;0.030516934;-0.695479878;-0.115074116;-0.271088405;0.028886471;-0.801776839;0.019929456;0.528347447;0.526337491;0.086091821;-0.350144749;jog;36;
82.595;-1.560809255;-0.673200603;1.077329676;1.468867595;-2.813688;-1.014913224;-1.264256326;0.081539964;0.52939895;1.263257866;-3.31193637;0.093227554;-1.185301465;0.056843447;-0.171628492;1.154029378;-0.014626045;0.497379413;-1.340712194;0.000518752;0.079732751;0.441131686;0.185723327;0.39709085;jog;36;
82.695;-0.380451547;-0.417206813;1.023530584;0.217487097;-0.259687684;0.015907224;-0.809305782;0.055644262;0.956701701;0.39946016;-1.825467588;0.19960753;-1.234130966;0.041647576;0.405596403;0.236186832;-2.218975413;0.381094877;-1.051622873;-0.183036932;0.273477823;0.144194468;-0.068929543;0.037060966;jog;36;
82.795;-0.128398334;-0.304951276;0.947836982;-0.488324152;-0.843223082;-0.237555017;-1.095207834;0.048179183;0.190857615;-0.642962363;-0.934922009;0.185343072;-0.981084132;-0.002993331;-0.257928364;-0.671433149;-2.664849061;-0.059172188;-0.728137797;0.037460389;0.169570905;-0.386179278;-0.287612496;-0.068479053;jog;36;
82.895;-0.305615875;-0.109060733;0.993009972;-0.365910203;-1.853109873;-0.519651293;-1.131591879;0.024790705;0.015158488;-0.812714794;-1.519850655;-0.067069674;-0.980931155;0.10905022;-0.208135088;-0.766774239;-2.225922698;-0.28537764;-0.789322182;0.003949463;0.300434043;-0.841031052;0.136497063;0.552574923;jog;36;
82.995;0.107958182;-0.149660038;0.972858924;1.1281459;-5.210858956;-1.669427719;-1.581158471;-0.00936572;-0.601161936;0.711291395;-2.94646234;-0.66676947;-1.186415315;0.153862407;-0.815427063;0.896982047;-0.39331514;-0.378717106;-1.070679098;0.008016571;0.351390935;-0.493327516;-0.226527142;-0.149476905;jog;36;
83.095;-1.690115309;-0.035285905;2.243930235;0.761284337;-5.511711025;-0.140954636;-1.366078544;0.115348773;0.457762188;-0.113603526;-2.524639351;-0.291746799;-1.709072042;-0.182989009;-0.331921676;0.10984821;3.058262051;-0.384267362;-1.338745381;-0.083246478;0.110535611;-0.045352456;0.071469326;-0.623243969;jog;36;
83.195;-0.302710925;-0.239851833;1.005192976;-1.368519325;5.051750155;1.589513621;-0.062833793;-0.157500448;0.741634107;-0.35909435;2.380733598;0.873851214;-1.207123528;-0.199874478;0.322403732;-0.948657423;3.374137163;0.013307289;-0.88738397;0.0601438;0.163848884;0.269841815;-0.071217795;0.052438892;jog;36;
83.295;-0.598390788;-0.701106945;0.929982695;-1.453079117;6.77203495;2.620191933;-0.301613636;-0.150453332;0.414213691;-0.037452297;6.322826445;0.559497761;-0.531158437;-0.058329032;0.390591895;-0.48316591;1.216389053;0.270812489;-0.668413441;-0.163854447;0.201482413;0.576261976;0.123372741;-0.079415272;jog;36;
83.395;-2.272873037;-0.768836176;0.314847236;-2.072565602;3.759880908;-0.291193946;-1.468318357;-0.096412188;0.347177785;0.097731449;4.201652998;0.139618763;-0.849041867;-0.006158001;-0.583045391;0.046061702;-0.226754615;0.127100346;-0.841558297;0.001592551;0.511212832;0.587480327;-0.045402251;-0.328590566;jog;36;
83.495;-1.728407208;-0.727515678;0.91617919;1.730690387;-2.574638251;-0.721675637;-1.325728576;0.061137065;0.493963309;1.216363763;-2.863045582;0.124951299;-1.192458018;0.028325972;-0.261594798;1.109224993;-0.10580342;0.490503174;-1.427160021;-0.005246413;0.094499882;0.297507159;0.243888927;0.484461192;jog;36;
83.595;-0.341769413;-0.491006166;0.971001754;-0.040577596;-0.260519419;-0.056147237;-0.798466319;0.066903984;0.849823983;0.221471209;-1.915882876;0.267342191;-1.12158313;0.035579612;0.353275604;0.063689415;-2.044287497;0.343225701;-0.885445066;-0.181834453;0.308258398;0.120790907;-0.07071855;0.156889114;jog;36;
83.695;-0.160693658;-0.231795087;0.973538775;-0.76952558;-0.716757648;-0.194458887;-1.079668294;0.097394915;0.192358553;-0.908655778;-1.021922451;0.204367411;-0.988168371;0.056739143;-0.213134622;-0.923001113;-2.494049607;-0.143833404;-0.809842786;-0.031683884;0.127302135;-0.565799411;-0.300163491;-0.058387258;jog;36;
83.795;-0.290641648;-0.148317233;1.000921104;-0.155399758;-1.644296715;-0.336897954;-1.113870486;0.017066183;0.07096134;-0.715533002;-1.615914003;-0.09174816;-0.965347818;0.107691196;-0.192901637;-0.660844153;-2.07604655;-0.294266128;-0.813878088;0.123294023;0.297672283;-0.872366049;0.179799699;0.518470987;jog;36;
83.895;0.142076992;-0.038164699;0.963398668;1.18117387;-4.645212744;-1.474636039;-1.519539101;0.042163977;-0.476223545;0.593738756;-2.741357751;-0.61922838;-1.180807852;0.197761232;-0.680127311;0.765787161;-0.769902852;-0.368468652;-0.99553272;-0.056027531;0.422597257;-0.535148154;-0.14514184;0.042518544;jog;36;
83.995;-1.573246181;-0.151470645;2.054622019;1.197745891;-6.606948409;-0.947391462;-1.487634912;0.154590399;0.241518121;0.15178029;-2.69230527;-0.43542543;-1.613212388;-0.102061908;-0.507214152;0.399382558;2.729491031;-0.310652595;-1.357677445;-0.058996754;0.087536548;0.015186999;0.0765228;-0.803672917;jog;36;
84.095;-0.579386293;-0.268683768;1.212265493;-1.198459802;4.754714068;1.618022569;-0.189565887;-1.35E-01;0.800994178;-0.297662853;1.812558211;0.728511642;-1.317178219;-0.209127048;0.242757012;-0.792440504;3.460793915;0.020588373;-0.909825742;0.073106016;0.209971464;0.399955655;0.031507295;-0.102836921;jog;36;
84.195;-0.318912219;-0.699978971;0.780971931;-1.540491098;6.89841934;2.625262235;-0.245097712;-0.236080715;0.458099098;-0.138100235;6.037026469;0.472478716;-0.622123843;-0.097163042;0.42165034;-0.481094363;1.684050062;0.105021317;-0.669957945;-0.131591281;0.180741054;0.469549066;0.013440252;-0.042343646;jog;37;
84.295;-2.108860149;-0.969276116;0.625310964;-1.842136533;4.289355235;0.493021006;-1.362027104;-0.140373735;0.42060504;-0.070300882;5.212419971;-0.068621829;-0.771571917;-0.082376181;-0.430329731;-0.037800996;-0.105624563;-0.102848461;-0.822215397;-0.038848987;0.459905258;0.635284078;0.011834078;-0.313051808;jog;37;
84.395;-1.91537504;-0.578579102;0.646363699;1.20157854;-2.314108886;-1.108084258;-1.447106888;0.078468121;0.313082517;0.974625598;-2.31960827;0.056111484;-1.179148698;0.026703509;-0.525558789;0.907724921;0.219346329;0.328190533;-1.335328337;-0.120075751;0.177754138;0.097387559;0.00301108;0.416297909;jog;37;
84.495;-0.526473815;-0.48509868;1.063269389;0.124619195;-0.438384317;-0.134223528;-0.751092728;0.06984407;0.876754051;0.383390609;-2.32914738;0.260848928;-1.118536087;0.066506321;0.351039841;0.194606799;-1.46875837;0.418018985;-1.067237255;0.036218677;0.25608038;0.117138769;-0.061727631;0.336773436;jog;37;
84.595;-0.135776155;-0.244241559;0.959128673;-0.390774163;-0.311904236;0.072388784;-1.005496078;0.087856525;0.311122324;-0.413612355;-0.919443225;0.223775325;-0.988166776;0.037334728;-0.168967841;-0.473981344;-2.682571492;0.026422155;-0.794179615;-0.126665827;0.193653781;-0.245480144;-0.236250293;-0.097129062;jog;37;
84.695;-0.224805375;-0.262075232;0.997465125;-0.369573803;-1.014963969;-0.108846033;-1.114777773;-0.003520738;0.095473131;-0.847574733;-1.311216329;0.066046338;-0.95491795;0.060188428;-0.226780828;-0.829016497;-2.331426008;-0.202105556;-0.813286219;0.149151548;0.213525611;-0.532535487;0.099259751;0.300743127;jog;37;
84.795;0.06557071;-0.045954358;1.066787252;1.017024317;-2.982840697;-1.162534781;-1.413750569;0.048441944;-0.31202913;0.484794059;-2.418864085;-0.500237289;-1.152786225;0.233945964;-0.483459872;0.606983302;-1.429200808;-0.328247143;-0.90332067;-0.051224138;0.45533103;-0.460162028;-0.02479413;0.139602532;jog;37;
84.895;-0.695291369;-0.262728675;1.536345839;1.515730814;-7.672701509;-2.325776316;-1.71109493;0.070152176;-0.132709566;0.437021016;-3.228433126;-0.624541298;-1.503825744;-0.124586681;-0.762908099;0.729457725;1.919833641;-0.356999858;-1.361010137;-0.089585074;0.121723968;-0.106138116;-0.0014083;-0.731502427;jog;37;
84.995;-0.869481274;-0.198077932;1.989185227;-1.343539269;1.931166689;0.228295389;-0.43057898;-0.066624568;0.654975348;-0.710695183;0.47360205;0.621267525;-1.334149383;-0.180460146;0.10975335;-0.885050712;3.849798509;-0.371613894;-0.541183983;-0.316082637;0.322438669;-0.271853867;-0.290484143;-0.214647053;jog;37;
85.095;-0.435757436;-0.679310367;0.615435272;-1.546193504;7.39738738;2.024533039;-0.049207939;-0.311359556;0.729993948;-0.970204509;5.269199218;0.971785591;-0.923548795;-0.241929091;0.445458852;-1.270030786;3.618192659;-0.535242933;-0.215510303;-0.103136014;-0.090529173;-1.207875437;-2.586702462;-2.232126297;jog;37;
85.195;-1.984210951;-0.552866038;1.067808472;-1.668289924;5.493844859;0.70595369;-1.227337323;-0.146207907;0.442079681;-0.214941214;6.088234783;0.688806773;-0.633306221;0.027762186;-0.443519552;-0.548825878;-0.733367259;0.240177824;-2.34481617;1.984114727;-0.749949359;0.982332922;0.893921376;0.896614729;jog;37;
85.295;-1.909052721;-0.601226606;0.412452981;2.087209394;-1.787097769;-1.125710025;-1.488314292;-0.032097475;0.138907848;2.276728614;-1.395863385;0.077988156;-1.106898441;6.00904E-05;-0.584418575;2.123117107;-0.29733489;0.819531391;0.129143263;-1.707388885;0.330392978;-0.659070619;1.09846257;1.281988978;jog;37;
85.395;-0.732860163;-0.787957977;1.032808239;0.464943907;-0.740149548;-0.367154442;-0.78096545;0.017038149;0.992743795;0.739788841;-2.561048852;0.299306818;-1.033388255;-0.021624999;0.120570464;0.455548716;-2.093685948;0.644440994;-1.685414688;1.785367011;-0.230794756;2.151357944;0.933989545;0.869946138;jog;37;
85.495;-0.149282206;-0.015723029;0.980470025;-0.305173424;-0.216846832;0.047137065;-0.912047575;0.232175319;0.262970402;-0.218791241;-1.083445744;0.222043833;-0.970386864;0.145215516;0.002362247;-0.289486673;-2.743754586;0.11494131;-0.350978284;-1.114557332;0.166338229;0.13543576;0.002161036;-0.081790092;jog;37;
85.595;-0.169812315;-0.340262474;0.994547115;-0.519347266;-0.985503631;-0.145394236;-1.141871946;-0.000957263;0.184054763;-0.88888971;-1.346052786;0.190206999;-1.001691011;-0.003511774;-0.21439598;-0.907553866;-2.281317993;-0.087707172;-0.883596864;0.23215666;0.209883707;-0.62174333;0.032372943;0.220698575;jog;37;
85.695;0.08629364;-0.044701555;1.045342565;0.525925638;-3.325136015;-1.117214258;-1.424404092;0.018320549;-0.283003861;-0.121083725;-2.366004638;-0.337182555;-1.169111615;0.222012231;-0.445163319;-0.019413144;-1.444594842;-0.341825322;-0.861078221;-0.051355033;0.558374128;-0.606516099;0.080294295;0.314279099;jog;37;
85.795;-0.830210608;-0.146874814;1.393028387;1.521286401;-8.027648064;-2.071359651;-1.71620482;0.129570666;-0.226723031;0.493186559;-3.116192007;-0.666469189;-1.439107905;0.00086545;-0.787539596;0.782330281;1.731971286;-0.340968974;-1.331166633;-0.082792794;0.125900935;-0.206794834;-0.26042553;-0.601840306;jog;37;
85.895;-1.22038334;-0.284741575;1.946606178;-0.714794575;1.09170721;0.808850102;-0.515783291;-0.132546867;0.894374689;-0.494298637;-0.021689198;0.547406225;-1.571923314;-0.314204294;0.071041629;-0.72188085;3.86974519;-0.229207798;-1.067273525;0.072426557;0.154796383;0.013591172;-0.064991012;-0.21417458;jog;37;
85.995;-0.120850505;-0.518264136;0.610022591;-1.551867391;6.939497335;1.819483773;0.023371553;-0.198262534;0.436990532;-0.346120112;5.008250773;0.744343774;-0.701861116;-0.073723182;0.432586538;-0.818263575;2.422464018;-0.041042349;-0.663679211;-0.110651933;0.198041137;0.387726075;0.063426505;0.082178703;jog;37;
86.095;-1.561541929;-1.003949653;1.103693644;-1.695835894;6.175546617;2.345102447;-0.966385847;-0.109327608;0.427176946;-0.375519208;6.754156009;0.202402352;-0.588725873;-0.123026856;-0.087927532;-0.438620854;0.040572118;-0.020358723;-0.718956954;-0.045552117;0.434377106;0.560688555;0.095491545;-0.378716404;jog;37;
86.195;-2.315522873;-0.358200977;0.082518745;-0.029802725;-0.540893119;-1.233384883;-1.679113224;-0.034738277;0.027530447;0.805563914;-0.052234623;0.199240001;-1.154374273;0.140523709;-0.86400255;0.743384989;-0.16803386;0.367250401;-1.248908582;-0.069468102;0.39873829;0.5619906;-0.158136859;0.204475218;jog;38;
86.295;-1.004817971;-0.850584325;1.22896503;1.514481341;-1.563689952;-0.413658682;-0.857248564;0.106329719;0.934750333;1.239860137;-3.102529345;0.193412947;-1.162604412;0.009008283;0.381617343;1.041290414;-0.915895078;0.673751308;-1.181934092;-0.046805869;0.119391292;-0.014893182;0.196519487;0.649378271;jog;38;
86.395;-0.129919237;-0.396678165;0.91799698;-0.622302565;-0.242736387;-0.08257318;-0.979768328;0.044774543;0.42313979;-0.309029689;-1.257586742;0.346806608;-1.015713031;0.012510964;-0.048747276;-0.43621766;-2.609381888;0.185830942;-0.839990792;-0.169486033;0.168859577;-0.018971826;-0.234968047;-0.150409091;jog;38;
86.495;-0.225863956;-0.245429639;0.962410189;-0.777707628;-1.054469037;-0.249833513;-1.077735176;0.076466285;0.156205816;-1.063020676;-1.33520847;0.199424852;-0.944574545;0.048693723;-0.205385735;-1.074470614;-2.381801158;-0.142194743;-0.83619184;0.024371118;0.162943059;-0.590387113;0.065117939;0.165939933;jog;38;
86.595;-0.151004553;-0.073780919;1.016469697;-0.001225068;-2.473376173;-0.596365531;-1.246584542;0.007867912;-0.110382644;-0.642861308;-2.107511325;-0.224085967;-1.049647388;0.169147487;-0.266428981;-0.559958335;-1.8062598;-0.382206731;-0.696796875;-0.043662878;0.51480419;-1.245671945;0.186319176;0.598404625;jog;38;
86.695;-0.291200099;-0.096216912;1.155594617;1.260155266;-7.318142837;-1.962506324;-1.746326635;0.078808681;-0.513982835;0.680950766;-3.145550571;-0.862956251;-1.327324541;0.090904234;-0.891133178;0.994964309;0.618334856;-0.474625957;-1.312903757;0.020642524;0.173596032;-0.127462848;-0.371886165;-0.662908934;jog;38;
86.795;-1.683689432;0.099114378;2.356916411;-0.400143943;-1.706215026;-0.049046514;-0.938174634;0.041316021;0.794748749;-0.358795388;-1.29660524;0.259924823;-1.726496659;-0.250560469;-0.100099258;-0.437663879;3.790512975;-0.229184836;-1.193275175;-0.047840235;0.131341432;0.104119237;-0.079771388;-0.577010061;jog;38;
86.895;-0.187974191;-0.286894626;0.727851968;-0.868992127;7.340605467;1.203698483;-0.010633478;-0.117948863;0.555471832;-0.016986367;4.08999389;0.921338679;-0.963645492;-0.060345056;0.380839566;-0.862089744;3.126637402;0.309878269;-0.739710939;0.04568466;0.17995611;0.369452452;0.020967914;0.114854184;jog;38;
86.995;-1.082332011;-0.930637191;1.177081497;-0.806680172;6.855786757;2.632375145;-0.709569332;-0.248271698;0.439555328;0.119678274;7.113607104;0.184428143;-0.492165058;-0.129509031;0.178728009;-0.08536508;0.594890252;0.198017138;-0.74501444;-0.048630383;0.300615869;0.660972701;0.148006963;-0.269481364;jog;38;
87.095;-2.548575847;-0.566442485;0.031525278;0.049263639;1.05477677;-0.947432739;-1.6249488;-0.019857948;0.296662582;1.005924424;1.491769828;-0.206874851;-1.025991558;0.013965654;-0.806413265;1.031757929;-0.174388209;0.041822125;-1.018435369;0.03359625;0.488326798;0.873030078;-0.034548241;-0.260327252;jog;38;
87.195;-1.252585676;-0.669500637;1.31253759;0.862831032;-2.352244697;-0.906219156;-1.049285339;0.10858903;0.689035267;0.662197518;-3.291350135;0.253597281;-1.181296453;0.013837682;0.087529338;0.487871883;-0.427136282;0.486919328;-1.331717966;-0.093801241;0.006740754;0.373708215;0.132917318;0.516914212;jog;38;
87.295;-0.199574839;-0.431623781;0.916960088;-0.130724692;-0.101163392;-0.062429277;-0.873026765;0.024537271;0.732780564;0.229747988;-1.481053634;0.281274313;-1.124039908;0.003343043;0.15882244;0.045878068;-2.377872135;0.369821109;-0.941978653;-0.093948489;0.276281691;0.080075004;-0.079629325;0.014192704;jog;38;
87.395;-0.194665226;-0.207227804;0.946298253;-1.12529766;-0.785683995;-0.262845188;-1.049546968;0.120810909;0.182877018;-1.272224616;-0.911213252;0.257062794;-0.931923685;0.048323135;-0.234534494;-1.282459856;-2.568374252;-0.221264451;-0.711421781;-0.004358921;0.179577977;-0.691380205;-0.162080894;0.098054317;jog;38;
87.495;-0.301012432;-0.042559481;1.049657513;-0.32743803;-1.515367212;-0.172260243;-1.157068986;0.004350135;0.006603811;-0.939091235;-1.585566365;-0.157852501;-0.994502045;0.161411937;-0.162311927;-0.866084346;-2.1778473;-0.406864157;-0.770280953;0.077593004;0.338786138;-1.02871562;0.15106029;0.697918408;jog;38;
87.595;0.221779229;-0.018295377;0.98667893;1.441564974;-5.085388883;-1.473696576;-1.60373077;0.042236299;-0.48370158;1.1260396;-2.756052992;-0.812653454;-1.290341584;0.18997965;-0.680579536;1.326248269;-0.622818916;-0.395802256;-1.169136902;0.027049607;0.408409601;-0.439479819;-0.216184043;-0.222809285;jog;38;
87.695;-1.735613177;-0.084564457;2.036621239;1.053468532;-6.492851666;-0.502007344;-1.424577008;0.128956299;0.277293828;0.148253397;-2.65602937;-0.370424791;-1.563485166;-0.201012682;-0.464126088;0.353083331;2.871197117;-0.298996471;-1.213900702;-0.123489842;0.129235468;-0.030794539;-0.08812003;-0.743525767;jog;38;
87.795;-0.401038946;-0.249558717;1.214939758;-1.430864247;4.746159949;1.55744903;-0.197156774;-0.165806575;0.762333386;-0.368819132;1.685477483;0.963849572;-1.322486827;-0.21533311;0.220806478;-1.041218725;3.744503471;0.029346073;-0.902576566;0.101951452;0.147104085;0.191941302;-0.097940612;0.028251299;jog;38;
87.895;-0.362661871;-0.717434588;1.006311553;-1.465156072;7.243138196;2.178340107;-0.213251837;-0.228037546;0.444217815;0.045613861;6.453325804;0.478415775;-0.621191025;-0.088353871;0.460291944;-0.397256701;1.731886704;0.243669431;-0.741555656;-0.099966237;0.208708722;0.352994456;0.034075919;0.063128497;jog;38;
87.995;-2.424894591;-0.924409334;0.413378345;-1.319619518;4.226888738;0.659395943;-1.455143598;-0.128815475;0.392221883;0.180869952;4.895499765;-0.096472769;-0.745505304;-0.04363927;-0.580323262;0.2045212;-0.198157813;-0.049579141;-0.834742978;0.083881643;0.487724622;0.867872114;0.047026495;-0.403761939;jog;38;
88.095;-1.864960062;-0.748689458;0.778906984;1.450548598;-2.551075291;-1.141625491;-1.346099729;8.95E-02;0.555393062;1.019457828;-2.768996294;0.065445672;-1.196272182;-0.000946273;-0.304601912;0.928647011;-0.035742228;0.387139122;-1.334349047;-0.070926717;0.139135042;0.512182445;0.01398007;0.403760638;jog;38;
88.195;-0.42328959;-0.461107968;1.030456461;0.11928827;-0.247833663;-0.058621713;-0.796253751;0.049131695;0.856717553;0.399252705;-2.014156467;0.253043095;-1.171099407;0.053911165;0.34574949;0.208439751;-1.965323816;0.424619118;-1.069313282;-0.182132256;0.177696839;0.05270515;-0.090432409;0.290920151;jog;39;
88.295;-0.130192951;-0.367010287;0.911978414;-0.563834051;-0.529325894;-0.043686251;-1.035032316;0.059780312;0.233241506;-0.597454707;-0.990382632;0.289858617;-0.934981831;-0.021405341;-0.260767248;-0.671774493;-2.682869607;0.038623199;-0.706737847;0.007874063;0.168935076;-0.336076792;-0.206711316;-0.089669819;jog;39;
88.395;-0.240288962;-0.186826598;1.039941129;-0.399417315;-1.514960313;-0.263448287;-1.162975034;0.013980758;0.086962203;-1.011794176;-1.601244033;0.041184724;-1.000823036;0.10520645;-0.194851707;-0.978213879;-2.296332488;-0.271386767;-0.875479697;0.069444047;0.260106286;-0.807314934;0.302172461;0.569603165;jog;39;
88.495;0.179946703;-0.05350755;0.965081828;1.308969156;-4.375304882;-1.55866444;-1.499124221;0.034874359;-0.444929226;0.559597552;-2.707802642;-0.614925839;-1.175326252;0.22373526;-0.619921985;0.729502376;-0.984582509;-0.379958822;-0.934900732;0.009974477;0.441786257;-0.676025396;-0.096264665;0.092220788;jog;39;
88.595;-1.483952253;-0.230575255;1.923214328;1.471095931;-7.12736834;-1.679054549;-1.584853734;0.162360771;0.118689145;0.383875903;-2.807997735;-0.59825065;-1.586386611;-0.070960648;-0.591701374;0.677144309;2.543764158;-0.289370907;-1.352718248;-0.135252643;0.07777656;0.102828997;-0.04790211;-0.828737114;jog;39;
88.695;-0.699955469;-0.305690838;1.457094936;-1.26104;4.270432548;1.222850337;-0.281289964;-0.166793219;0.856437478;-0.365590455;1.517435116;0.656250514;-1.43221333;-0.27522773;0.176357723;-0.753033332;3.875975222;-0.087723649;-0.956915605;0.078886662;0.166812533;0.0062823;-0.079210606;-0.039360255;jog;39;
88.795;-0.364629278;-0.608207849;0.818201542;-1.514554993;7.230919742;2.301776044;-0.09038976;-0.173371331;0.429815852;-0.243660237;6.199323096;0.601705619;-0.567106557;-0.074284069;0.476021176;-0.649294792;1.897465969;0.061860373;-0.674495308;-0.079887319;0.209022881;0.350124055;0.088974311;0.030937557;jog;39;
88.895;-2.225136319;-0.987694288;0.564552541;-1.772312543;4.736137218;1.140152417;-1.3579131;-0.140665516;0.386813794;-0.353009088;5.450217282;0.099885054;-0.716309496;-0.042577653;-0.465450883;-0.367226134;-0.269996655;-0.084714918;-0.795261095;0.01873235;0.513782604;0.771217058;0.105214364;-0.469850065;jog;39;
88.995;-1.948998405;-0.661976497;0.616372516;1.566807357;-2.429658898;-1.02181427;-1.490794275;0.040540654;0.33177621;1.129305433;-2.397205174;0.036294481;-1.211940728;0.02538861;-0.521416404;1.061958137;0.072347332;0.362794477;-1.350368957;-0.05362242;0.153259885;0.383413586;-0.049767963;0.372680442;jog;39;
89.095;-0.5621431;-0.505483548;1.094838938;0.209660464;-0.518055333;-0.152291096;-0.772781473;0.08327171;0.916201;0.402270195;-2.363778225;0.241803347;-1.171654453;0.073293022;0.402414498;0.221434357;-1.608259073;0.411113557;-1.110115558;-0.112702521;0.163796085;-0.001685543;0.040963833;0.375275767;jog;39;
89.195;-0.134599963;-0.365231927;0.910890447;-0.533169074;-0.446593979;-0.085668846;-1.011983402;0.045078633;0.346854022;-0.526459206;-0.936061558;0.228297208;-0.985873596;-0.031416772;-0.166867263;-0.581311551;-2.728077017;-0.004515779;-0.777146926;-0.026618685;0.174890214;-0.254522782;-0.173737359;-0.05610588;jog;39;
89.295;-0.283751839;-0.146109613;1.001455008;-0.723828836;-1.185149908;-0.287202388;-1.102759589;0.052911679;0.050082875;-1.176702542;-1.35421358;0.033787527;-0.941139166;0.116522998;-0.216183296;-1.134751357;-2.317605306;-0.324923564;-0.781837344;0.066038783;0.223344184;-0.749836219;0.134232436;0.476178194;jog;39;
89.395;0.000792786;-0.054625908;1.014092193;1.025039742;-3.030043327;-0.857188941;-1.349859465;0.020091576;-0.205949787;0.407697367;-2.324632226;-0.526448457;-1.132685466;0.207916012;-0.374565625;0.539220582;-1.498919503;-0.381703862;-0.868522942;0.00092747;0.50527418;-0.823945064;0.080265204;0.318615604;jog;39;
89.495;-0.808733426;-0.134189127;1.412324579;1.805679868;-7.799155981;-2.052158929;-1.755142547;0.164192464;-0.346628779;0.732003914;-3.14234562;-0.793916217;-1.428544167;0.027856587;-0.856435608;1.035286243;1.471712243;-0.345507252;-1.32012775;-0.100782973;0.156513893;0.009827773;-0.156428522;-0.831209385;jog;39;
89.595;-1.251814453;-0.255245488;2.026724515;-0.436196584;0.821923624;0.659504127;-0.571259245;-0.09029997;0.895923466;-0.271134625;-0.27284364;0.407153898;-1.613157856;-0.293783731;0.075259869;-0.49770566;3.945000371;-0.090035554;-1.073721404;0.099149222;0.153047925;0.051613737;-0.011002193;-0.280919883;jog;39;
89.695;-0.170046444;-0.497938808;0.729443026;-1.750585979;7.311500852;1.899240775;-0.005921185;-0.187002086;0.496329288;-0.214307289;5.124335326;0.79510826;-0.807408911;-0.110013186;0.437232699;-0.814485686;2.59194245;0.107754048;-0.727403952;-0.039725008;0.171789148;0.669659959;0.026972996;0.053968728;jog;39;
89.795;-1.733426902;-1.068537001;1.040543024;-1.591783651;6.372885059;1.978159329;-1.043088328;-0.198385522;0.452918589;-0.140499481;6.838540807;0.089059258;-0.577094548;-0.078326141;-0.063434461;-0.186184718;0.249046066;-0.03895072;-0.725906334;-0.10629104;0.402021413;0.610012533;0.183990353;-0.356053603;jog;39;
89.895;-2.367169482;-0.467673864;0.072718612;0.443456289;-0.72749485;-1.268623743;-1.583111613;0.054443695;0.302889986;0.992476692;-0.430005256;-0.010177249;-1.107823836;0.046422599;-0.750601584;0.958371372;-0.044546779;0.248996534;-1.162559603;0.025766903;0.412195012;0.669787089;-0.14144633;0.051103729;jog;39;
89.995;-0.922301056;-0.615005431;1.297379719;0.556227211;-1.406365933;-0.560360365;-0.878877889;0.095584794;0.810109806;0.640919705;-3.001439214;0.256007124;-1.155206645;0.058514555;0.276170262;0.4445229;-0.898130212;0.515856024;-1.198086611;-0.050672781;0.112012743;0.183069852;0.068474207;0.559079487;jog;39;
90.095;-0.156476961;-0.344553795;0.925266033;-0.249274562;-0.16003311;0.015738054;-0.935857564;0.040156409;0.541023747;-0.044000355;-1.18857626;0.257458024;-1.053544232;0.00358264;0.00178076;-0.170383855;-2.582844201;0.214645393;-0.900970276;-0.169463727;0.218257066;-0.111588332;-0.187835928;-0.091712505;jog;39;
90.195;-0.220266763;-0.215144292;0.949136515;-1.025574293;-0.72380455;-0.122869292;-1.040323375;0.086285904;0.170571416;-1.316362613;-1.03044758;0.226363898;-0.911451918;0.04067277;-0.202506178;-1.320272307;-2.523723243;-0.224032817;-0.712517826;0.101418727;0.166804739;-0.781007675;-0.039104245;0.242132794;jog;40;
90.295;-0.147174662;-0.025361778;1.106560281;0.139250687;-1.953501831;-0.408280846;-1.305764269;0.004379771;-0.078922214;-0.426580404;-1.862545701;-0.299150055;-1.122129248;0.210462824;-0.228822374;-0.338300583;-2.001459018;-0.399496861;-0.847286341;-0.019429812;0.475265687;-0.981161716;0.158955035;0.591176375;jog;40;
90.395;0.076875328;-0.043303013;1.05658542;1.451671418;-7.080678302;-2.018900215;-1.78086196;0.092482937;-0.620819782;1.020644062;-3.081607125;-0.864333439;-1.370333393;0.099915261;-0.941751889;1.27708154;0.315123417;-0.413021373;-1.267028644;0.008054607;0.317813695;-0.360404207;-0.247870016;-0.547059365;jog;40;
90.495;-1.773681709;0.066865941;2.450246115;-0.261146354;-3.387630854;-0.421608073;-1.030598894;0.041333724;0.62252737;-0.309881789;-1.686445552;0.112972575;-1.640930799;-0.265991268;-0.176603621;-0.296701388;3.754137633;-0.268842726;-1.135928733;0.00094318;0.110211263;0.010673583;-0.046899798;-0.529821804;jog;40;
90.595;-0.272165342;-0.337027635;0.808324161;-0.965711585;7.323093987;2.126822057;-0.025411832;-0.174082525;0.63111432;-0.28097205;3.867220485;1.108267201;-1.074531678;-0.158844726;0.391500552;-1.130874912;3.29285318;0.158794988;-0.782728194;0.011565638;0.184431647;0.404124458;-0.01136217;0.106001134;jog;40;
90.695;-1.009869214;-0.997381927;1.063312135;-1.405876009;6.692734908;2.825355273;-0.628973394;-0.209071978;0.47173203;-0.136121799;7.146251217;0.435138222;-0.479493707;-0.079325558;0.262900935;-0.43421024;0.745801402;0.179029857;-0.729458726;-0.081940096;0.287745001;0.584357838;0.156091054;-0.138023897;jog;40;
90.795;-2.666709245;-0.624350461;-0.019969751;-0.510784164;0.993280212;-1.068285523;-1.655798252;-0.019569419;0.308145432;0.730582763;1.580026955;-0.007307536;-1.044581417;0.080522933;-0.782244829;0.712367039;-0.188419229;0.156897529;-1.023910946;0.029928994;0.479885732;0.843252138;-0.032037186;-0.223641775;jog;40;
90.895;-1.214497087;-0.830194808;1.248662054;1.270071201;-2.039519559;-0.745347658;-1.024304991;0.076599856;0.785207139;0.988457364;-3.275515278;0.139455538;-1.193107962;-0.008487341;0.160138013;0.840769418;-0.526016757;0.508653541;-1.298157959;-0.085709924;0.093799184;0.11864325;0.175174191;0.673844322;jog;40;
90.995;-0.195206959;-0.343420852;0.942793523;-0.218429798;-0.132156039;0.011203965;-0.900512074;0.065458473;0.612034407;-0.004202932;-1.426509083;0.224075355;-1.083383051;0.058203337;0.107341433;-0.118347481;-2.453340296;0.197942912;-0.927493059;-0.148063062;0.227665394;-0.008158207;-0.164535583;-0.020128278;jog;40;
91.095;-0.19864669;-0.276821605;0.940153432;-0.637609965;-0.758172029;-0.095387216;-1.0494321;0.079743547;0.177342864;-0.909863973;-1.040046138;0.184793708;-0.931886927;0.025903529;-0.229369534;-0.920986467;-2.522664818;-0.139258264;-0.737902328;0.038746926;0.160029754;-0.565921285;-0.105551902;0.086691675;jog;40;
91.195;-0.230233127;-0.094831302;1.060701355;0.062073595;-1.760226938;-0.414057121;-1.196453728;0.014605947;-0.048029227;-0.553890259;-1.798956698;-0.199501093;-1.023577447;0.168155146;-0.228399643;-0.480423907;-2.011380635;-0.344198439;-0.770617452;-0.000876397;0.404374681;-0.954592813;0.232371109;0.629200417;jog;40;
91.295;0.101109491;-0.053590416;1.024742466;1.720110968;-5.657834049;-1.680888445;-1.60124169;0.111488007;-0.444325008;0.755452025;-3.102606204;-0.684750625;-1.237111201;0.160627636;-0.77042956;0.964899455;0.033347483;-0.336093971;-1.133447896;0.011370505;0.323137623;-0.41440116;-0.409459022;-0.379147483;jog;40;
91.395;-1.579789848;-0.249208707;2.215336144;0.598169519;-4.291725117;-1.165099059;-1.203713367;0.098847117;0.542678475;0.102797122;-2.057911099;-0.27379302;-1.626318102;-0.103302396;-0.252830757;0.262453577;3.011274275;-0.152141761;-1.28576743;0.004625791;0.100901341;0.313930996;-0.135405185;-0.789032536;jog;40;
91.495;-0.272903745;-0.274750012;0.976835516;-1.03595931;5.738608694;1.606428837;-0.249838444;-0.182684153;0.713836942;-0.253707179;2.716758333;0.683908996;-1.209689741;-0.230339454;0.144981246;-0.729856054;3.482657353;0.017340491;-0.852682519;0.03682331;0.162073964;0.323370467;-0.112404334;0.06375173;jog;40;
91.595;-0.425993327;-0.700636332;1.089553336;-1.167590284;6.530399352;2.424976084;-0.331539188;-0.199187048;0.419561106;-0.083250196;6.620354535;0.218484677;-0.521002779;-0.073379351;0.370210589;-0.239137751;1.453685245;0.025103517;-0.734297531;-0.144905972;0.237670478;0.338358734;0.116377345;0.078230735;jog;40;
91.695;-2.464025169;-0.834664283;0.420001423;-1.575167627;3.352726238;0.485578712;-1.470689849;-0.035967993;0.395857905;-0.380269824;4.183889075;0.020397339;-0.828193104;-0.022937216;-0.658542523;-0.355933166;-0.268462561;-0.11592533;-0.911187627;0.046464662;0.565073612;0.605513711;0.137800138;-0.375079004;jog;40;
91.795;-1.493033482;-0.64972012;0.866808749;1.66544842;-2.704355707;-0.766060107;-1.345895207;0.015774866;0.333162301;0.962619904;-2.806635738;0.080408713;-1.153676834;0.023502137;-0.35368703;0.885839714;-0.319211646;0.373822464;-1.2947256;-0.013475677;0.142741781;0.520597297;0.027973656;0.378558926;jog;40;
91.895;-0.495485188;-0.486455076;1.068551993;-0.091063598;-0.45544466;-0.271022365;-0.807664742;0.060575831;0.834138554;0.208561941;-2.166627563;0.24107987;-1.127995157;0.031849785;0.348669929;0.065463535;-1.887931349;0.310516803;-1.034232399;-0.218301011;0.167052709;0.020715088;0.070145996;0.323358966;jog;40;
91.995;-0.158520993;-0.243090655;0.939618314;-0.710576501;-0.481522701;-0.049988771;-1.000765604;0.11804375;0.267121102;-0.823949697;-1.049867763;0.200364718;-0.936535217;0.05940224;-0.164648511;-0.842408899;-2.604421417;-0.129436172;-0.703312081;0.006840499;0.200080456;-0.574701913;-0.200407762;-0.040700192;jog;40;
92.095;-0.256432999;-0.13811242;1.053771713;-0.319028654;-1.172929152;-0.089497966;-1.170690411;1.91E-02;0.08824116;-1.000347493;-1.406287588;-0.113693194;-1.021225989;0.111796501;-0.160903471;-0.934017663;-2.436074302;-0.389752244;-0.843813023;0.111088358;0.25530289;-0.914706547;0.259108636;0.548016547;jog;40;
92.195;0.240741857;-0.027826745;1.016197264;1.141738014;-4.303033251;-1.235474537;-1.544353009;0.014654497;-0.522094866;0.498243022;-2.777012755;-0.688724612;-1.221814466;0.181682781;-0.676625077;0.672970355;-0.898116266;-0.495484736;-0.963075191;-0.032495193;0.502217722;-0.854381916;-0.154278736;0.132355061;jog;41;
92.295;-1.374922031;-0.083346862;1.830503973;1.350188394;-7.762453429;-1.541670212;-1.607745611;0.169205397;0.020947692;0.466054436;-3.064208615;-0.696147838;-1.534365268;-0.052864896;-0.642138064;0.792141053;2.555646581;-0.319252462;-1.299217884;-0.046243591;0.10530274;0.119869888;-0.035883895;-0.745516845;jog;41;
92.395;-0.793841612;-0.139089716;1.558085698;-0.696344497;3.658235546;0.830502822;-0.205848612;-0.091220522;0.901968365;-0.138164836;1.147613086;0.527505409;-1.462785611;-0.222284232;0.219866949;-0.547034288;3.790504527;0.059881874;-0.994544267;0.087155986;0.208781693;0.328658407;-0.079125538;-0.151172835;jog;41;
92.495;-0.29866925;-0.510121714;0.765162548;-0.954374227;7.448473628;2.718710502;-0.051287266;-0.160822499;0.43049641;-0.04099559;6.100502135;0.563392753;-0.6128048;-0.078128014;0.496753315;-0.521695069;1.782952875;0.205681873;-0.655124385;-0.072676963;0.207900998;0.644042062;-0.036159022;0.066751893;jog;41;
92.595;-2.190740803;-0.961230932;0.692391633;-2.085139729;5.058820568;0.954824428;-1.343566683;-0.08902027;0.350676566;-0.216727243;5.824646379;0.152959779;-0.692170215;-0.036246338;-0.440784564;-0.26826154;-0.251388185;0.040486868;-0.798548935;-0.056453501;0.443950424;0.791324843;0.009734078;-0.439329497;jog;41;
92.695;-2.092924972;-0.671500659;0.512382244;1.41773322;-2.237091245;-1.252318141;-1.528710936;0.023817038;0.346995886;1.335006567;-2.18672174;0.106728419;-1.226633268;0.05102093;-0.516047003;1.252764093;0.108685666;0.464500662;-1.370790047;-0.028143002;0.176699423;0.34167987;0.013310003;0.396835768;jog;41;
92.795;-0.573127275;-0.520549985;1.10005278;0.313106442;-0.500729028;-0.145506819;-0.766732908;0.09739566;0.95635936;0.531277925;-2.352681206;0.263469206;-1.167631805;0.066991319;0.456123227;0.336654502;-1.719283851;0.484564531;-1.08778589;-0.09708124;0.211479221;0.133550867;0.083932354;0.382952395;jog;41;
92.895;-0.140131891;-0.345839054;0.90488593;-0.567614722;-0.386829573;-0.058299293;-0.996416533;0.069595915;0.282863489;-0.496267067;-0.965642285;0.268137829;-0.947740735;-0.006999782;-0.161894038;-0.568728284;-2.705042749;0.068342582;-0.705432433;-0.092593571;0.151556495;-0.200730849;-0.24836465;-0.20549244;jog;41;
92.995;-0.266205027;-0.169259641;1.020848717;-0.804776209;-1.03513076;-0.197780576;-1.123093418;0.050224142;0.077141862;-1.249039403;-1.350222829;0.086329609;-0.972801987;0.111354174;-0.167811768;-1.230272757;-2.345126254;-0.250126431;-0.822855246;0.08802044;0.221538172;-0.726383555;0.107590793;0.479773154;jog;41;
93.095;0.161348366;-0.0177361;1.074136977;1.230444281;-3.375176829;-0.815539841;-1.489018121;0.040248705;-0.415215888;0.453739632;-2.631564548;-0.492491434;-1.205665788;0.221953498;-0.574649698;0.567882229;-1.129159752;-0.337725435;-0.970541431;-0.054552667;0.499201426;-0.854558109;-0.073169489;0.161284736;jog;41;
93.195;-0.983691969;-0.233137085;1.589808985;1.696792075;-8.404699766;-2.166385679;-1.785301214;0.114369327;-0.216933546;0.389541674;-3.340818359;-0.687683928;-1.499413997;-0.043743797;-0.848011328;0.727762735;2.351607739;-0.391239475;-1.292186186;-0.079630656;0.085294662;-0.122865808;-0.021791554;-0.758383267;jog;41;
93.295;-1.095410855;-0.260620822;1.871330681;-0.954700474;2.242115387;0.620695086;-0.324236869;-0.10857221;0.953085292;-0.408894923;0.516364862;0.519180852;-1.59190405;-0.249575757;0.128254338;-0.647268268;4.170235138;-0.211811883;-0.998975279;0.142665;0.21181243;0.116496734;0.008357028;-0.221876834;jog;41;
93.395;-0.271381964;-0.489608202;0.697030506;-1.144731091;7.858575445;2.241078264;0.132874627;-0.165075233;0.432029187;-0.100602427;6.003097246;0.536783456;-0.644071227;-0.071708541;0.566800435;-0.533825825;2.068543;0.090983053;-0.695117668;-0.074652484;0.225210666;0.57703159;0.093475439;0.063027026;jog;41;
93.495;-2.16255683;-1.034424548;0.742580053;-1.828217698;5.726448818;1.572676576;-1.27287136;-0.132209477;0.404794991;-0.245190489;6.339654927;0.07423346;-0.641510774;-0.084785117;-0.353193217;-0.261897438;-0.413242994;-0.054463815;-0.751919558;-0.053110502;0.471257421;0.735153275;0.165448143;-0.442727871;jog;41;
93.595;-2.133063653;-0.551303597;0.428731316;1.192630867;-2.143513013;-0.963381652;-1.604302499;0.034224995;0.194301175;0.928306904;-1.800792528;0.109760011;-1.218367256;0.048573895;-0.718469203;0.856812915;0.048922301;0.364303607;-1.314119297;-0.023906218;0.260818106;0.518245207;-0.11449332;0.324340082;jog;41;
93.695;-0.672198381;-0.619431503;1.124627817;0.407256787;-0.622605861;-0.231439678;-0.766833231;0.077382249;0.962797866;0.604893023;-2.60018636;0.24899886;-1.168553402;0.055400813;0.435854516;0.40097584;-1.441782084;0.511654624;-1.124974485;-0.081686252;0.199569993;0.102056889;0.01045516;0.48705342;jog;41;
93.795;-0.123981227;-0.307071993;0.918526092;-0.779396736;-0.283917138;-0.094172951;-0.979906921;0.089630598;0.370113245;-0.643815347;-0.947342362;0.260807097;-0.980736686;0.019250386;-0.111444726;-0.701029331;-2.763700911;-0.029983411;-0.769130937;-0.136652442;0.179839349;-0.325608191;-0.286473778;-0.12379266;jog;41;
93.895;-0.265780711;-0.137999597;1.006787926;-0.798960651;-0.825844358;-0.035243462;-1.09921313;0.072908835;0.046914964;-1.319172564;-1.199336726;0.060229524;-0.937407777;0.106886869;-0.228956122;-1.283930613;-2.377984845;-0.322460528;-0.777962903;0.142240297;0.175448412;-0.78871365;-0.071166129;0.234001222;jog;41;
93.995;0.030391679;-0.029576381;1.117763727;1.073129384;-2.614565091;-0.502750701;-1.402431402;-0.010570011;-0.314200546;0.384418248;-2.382456672;-0.465624515;-1.160746094;0.198630358;-0.439368197;0.488740894;-1.539577729;-0.340055936;-0.9063393;-0.009107003;0.466143286;-0.775158638;0.128830367;0.455985295;jog;41;
94.095;-0.378511052;-0.172930752;1.24635597;2.023001979;-8.21662487;-2.377990232;-1.765696416;0.140274765;-0.358142379;0.773890115;-3.402240511;-0.821241726;-1.420883596;0.029941213;-0.869192245;1.101517994;1.601637539;-0.35763605;-1.316869338;-0.046727889;0.156851031;0.009510421;-0.067415326;-0.6653541;jog;41;
94.195;-1.554922239;-0.328357025;2.127912732;-0.164608154;0.062544687;0.643697135;-0.579576795;-0.032072187;0.921751286;-0.291871114;-0.244702122;0.206175989;-1.638355147;-0.221830319;0.061512847;-0.331881941;3.884205734;-0.200629513;-1.106132111;0.022124435;0.164725404;0.048089028;-0.023281112;-0.320698405;jog;42;
94.295;-0.155756164;-0.387323868;0.568978726;-1.830941539;7.503800173;1.686838294;0.057391875;-0.160504362;0.493422883;-0.241713024;5.008361742;0.648070476;-0.76839166;-0.104330209;0.444817667;-0.690457229;2.536373372;0.020509108;-0.679896359;-0.025193345;0.199278423;0.362103105;0.079063617;0.130909976;jog;42;
94.395;-1.584631954;-1.025559351;1.067005024;-1.645781691;6.29098394;2.189872504;-0.945645232;-0.146306022;0.432295508;-0.402116553;6.871458555;0.20453953;-0.54280326;-0.110000172;-0.055800962;-0.468901405;0.075977899;-0.050977392;-0.711773897;-0.084348197;0.398251731;0.614553705;0.119320725;-0.380810099;jog;42;
94.495;-2.323949801;-0.455177384;0.053260036;0.572907337;-0.737088821;-0.785119213;-1.663565043;-0.031898487;0.113498489;0.76898343;-0.141836967;0.065811916;-1.147625762;0.083212031;-0.83983881;0.732123752;-0.075578232;0.241690321;-1.19238114;-0.002871376;0.415401983;0.616542594;-0.219692121;0.025471573;jog;42;
94.595;-1.003213146;-0.757780375;1.270245642;1.109676041;-1.400362267;-0.471086094;-0.885394161;0.102678623;0.794703951;0.933281325;-3.111932887;0.169223317;-1.136173685;0.061595687;0.280651579;0.758232309;-0.827603697;0.555291437;-1.214302794;-0.01957078;0.081492546;0.176366679;0.122679239;0.619994374;jog;42;
94.695;-0.126044441;-0.423078311;0.888402701;-0.087560412;-0.081431897;0.067367836;-0.913187044;0.038350818;0.526786482;0.124964184;-1.334484589;0.235320823;-1.027430152;-0.012686582;0.000759225;-0.009541775;-2.485402499;0.279162214;-0.849581262;-0.207553438;0.237947411;-0.056864627;-0.221527786;-0.142905458;jog;42;
94.795;-0.180286438;-0.338820522;0.930635415;-1.002091468;-0.783218709;-0.173414774;-1.061668451;0.05656491;0.219828195;-1.252272265;-1.137952977;0.254871834;-0.939929022;-0.005537456;-0.203308115;-1.267392688;-2.468124827;-0.190236266;-0.765636308;0.098527486;0.168589988;-0.740141789;-0.160933689;0.103447826;jog;42;
94.895;-0.133528717;-0.017924726;1.124401106;0.323529068;-2.155549407;-0.425965592;-1.329962649;0.035964402;-0.210305459;-0.46401139;-1.956721438;-0.232741748;-1.104508931;0.239903518;-0.35184729;-0.384672297;-2.037567674;-0.352326408;-0.816959956;0.015816959;0.430296677;-0.830465673;0.195192446;0.601780151;jog;42;
94.995;0.001122107;-0.176102649;1.125594493;2.246954428;-7.196960459;-2.259304609;-1.799448378;0.079217394;-0.501802507;0.836384255;-3.375743058;-0.7612393;-1.389078751;0.061089046;-0.923832985;1.100485635;0.936995474;-0.324125242;-1.37473209;-0.036657624;0.135948075;-0.206157897;-0.1525374;-0.525319971;jog;42;
95.095;-1.708764368;-0.396882744;2.147539495;0.134335884;-2.492891144;-0.427683901;-0.786819582;-0.005003113;0.843937125;-0.251058267;-1.133206712;0.095283338;-1.651426648;-0.224551031;-0.012969463;-0.227389328;3.699414972;-0.21649202;-1.090489548;0.015284467;0.185350015;0.025173448;-0.024004428;-0.293128642;jog;42;
95.195;-0.148969646;-0.343442159;0.617093705;-1.82034388;6.794928549;1.412996333;0.077572009;-0.149413608;0.526802155;-0.335579847;4.026878507;0.782570525;-0.852789873;-0.12220588;0.381935117;-0.849634972;2.752704101;-0.030017631;-0.747377809;-0.028567817;0.138027717;0.432705859;0.011175485;0.135327926;jog;42;
95.295;-1.103334467;-0.843706242;1.153192068;-1.328621853;6.558641482;2.67175034;-0.670627396;-0.102851827;0.361917526;-0.226893805;6.829137118;0.291177205;-0.500062755;-0.056624504;0.131433621;-0.381764469;0.42117997;0.047026353;-0.661638771;-0.112247393;0.334687663;0.637120059;0.133194454;-0.337754651;jog;42;
95.395;-2.44863782;-0.453814596;0.006684312;-0.888525621;1.383792936;-0.767054011;-1.692210745;-0.032169325;0.09282959;0.440299578;1.791466855;0.147559452;-1.0770629;0.12597606;-0.886751093;0.398796434;-0.136683111;0.208010345;-1.12433156;-0.018785008;0.481590006;0.625088189;-0.182628437;-0.132192819;jog;42;
95.495;-1.266671334;-0.96870402;1.15450886;1.796202604;-2.084673937;-0.717251348;-1.009333243;0.059302406;0.790664381;1.377700151;-3.367690378;0.102108536;-1.159141968;-0.031759046;0.153564068;1.227053816;-0.426262195;0.598559941;-1.266172409;0.009934786;0.08622417;0.188733374;0.199600602;0.608895292;jog;42;
95.595;-0.18886407;-0.394934609;0.934704116;-0.246659886;-0.139601622;0.015044253;-0.900398572;0.059336389;0.640160366;0.016627191;-1.460167272;0.275213352;-1.097016625;0.037808841;0.132947945;-0.123538875;-2.492533014;0.255462399;-0.927110156;-0.267749055;0.220812917;0.00154835;-0.236201296;-0.042066191;jog;42;
95.695;-0.196628435;-0.298550137;0.947788531;-0.63665945;-0.856948988;-0.158175;-1.070348614;0.059052636;0.131178302;-0.869112066;-1.162713713;0.222508156;-0.925656139;0.014285827;-0.271761548;-0.895605041;-2.555695936;-0.08680965;-0.762618299;0.072107074;0.13591877;-0.551766093;-0.146245819;-0.039472667;jog;42;
95.795;-0.157364173;-0.1611975;1.045888201;0.231746497;-2.032509947;-0.44526275;-1.244504833;-0.004466822;-0.133893447;-0.476649936;-2.024810741;-0.123405393;-1.021382238;0.155629703;-0.328442304;-0.42612312;-2.085809434;-0.248416357;-0.737023182;0.064263494;0.398662606;-0.83504234;0.306608225;0.611395795;jog;42;
95.895;0.043045788;-0.202015087;1.155660424;1.55753553;-7.029253939;-2.57362453;-1.829002973;0.035486353;-0.576821427;0.612499661;-3.487481102;-0.763890058;-1.358009639;0.057758689;-0.981919216;0.904227413;0.846581465;-0.421173561;-1.327313451;-0.100608273;0.158979882;-0.319270191;-0.19570332;-0.331808329;jog;42;
95.995;-1.716243387;-0.128318533;2.180171089;0.003358583;-2.7522677;-0.007755435;-0.828008355;0.031923735;0.922423104;-0.4422339;-1.272040939;0.143493561;-1.773341125;-0.216622068;-0.018061385;-0.377539974;3.687200111;-0.359804522;-1.22336418;-0.033008453;0.177499651;-0.005138164;0.076075522;-0.418207067;jog;42;
96.095;-0.212322016;-0.390693479;0.612026575;-1.862367993;6.421995047;1.089840918;0.103278789;-1.89E-01;0.594914092;-0.424886512;3.875608539;0.934061086;-0.908021427;-0.165645754;0.396936639;-1.022512146;2.784145969;-0.078334621;-0.761685511;-0.031849938;0.145970599;0.268272751;-0.001465113;0.056274122;jog;42;
96.195;-0.993848242;-0.763775554;1.155414125;-0.957812932;6.788106837;2.295626624;-0.590930743;-0.178364992;0.315544718;-0.145827444;6.702391544;0.282458591;-0.475281844;-0.073291225;0.183506082;-0.315526057;0.536263275;0.047384014;-0.638426722;-0.137736286;0.259496587;0.458912017;0.174166942;-0.219460025;jog;43;
96.295;-2.394857856;-0.401339859;0.053289956;-1.038029405;2.411088586;-0.137791998;-1.538043508;-0.020594515;0.161009851;0.185324273;2.598198003;0.137011665;-0.932658157;0.072528732;-0.807928466;0.153683541;-0.173568049;0.142926221;-0.961737411;-0.015354864;0.562008179;0.599976028;-0.159866207;-0.146851239;jog;43;
96.395;-1.283779429;-0.822362531;1.162356941;1.887129648;-2.548652573;-1.418803529;-1.222578442;0.067412716;0.459917942;1.844123787;-3.251439598;0.097206987;-1.188467093;0.034017124;-0.172340767;1.68973118;-0.284680803;0.72066491;-1.34125273;-0.074508608;0.151570211;-0.041361242;0.06315676;0.640195153;jog;43;
96.495;-0.348319574;-0.481258415;0.949346898;0.136785143;-0.191333194;0.010241472;-0.817316208;0.051666313;0.776448947;0.452883513;-1.784173686;0.326993538;-1.104380096;0.01909406;0.242577757;0.227140527;-2.137424253;0.512533472;-1.002424845;-0.134700032;0.15374797;0.052280199;-0.200652002;0.129348313;jog;43;
96.595;-0.141884559;-0.373627511;0.925144412;-0.717264912;-0.651822493;-0.250769718;-1.059348107;0.028182285;0.228816194;-0.644404311;-1.125789787;0.312786481;-0.951255045;-0.043351698;-0.244443018;-0.720839562;-2.614143278;0.053969851;-0.780367341;-0.008084825;0.150763416;-0.280666543;-0.157482999;-0.172117708;jog;43;
96.695;-0.237578705;-0.165929606;1.017061151;-0.48857529;-1.820162941;-0.325832328;-1.165903639;0.018922725;0.019559207;-1.042524277;-1.729045218;0.134285773;-0.981724041;0.085137909;-0.242961472;-1.039000678;-2.336268785;-0.16928864;-0.754395649;-0.037206438;0.333859324;-0.855446252;0.432497008;0.541944696;jog;43;
96.795;0.217257321;-0.132411906;1.015578033;0.550480488;-5.728360413;-2.020598936;-1.699555453;-0.04509684;-0.610705456;0.272625527;-3.157197772;-0.548023332;-1.263188376;0.104207151;-0.852847328;0.463031932;-0.07018967;-0.383868573;-1.118936698;-0.104382431;0.293723915;-0.765654263;-0.254532176;0.008734497;jog;43;
96.895;-1.807828118;-0.017543653;2.208145081;0.687906662;-5.504383479;0.273631553;-1.214850929;0.074802575;0.64252347;-0.214319292;-2.212510557;-0.166754855;-1.740469215;-0.163208707;-0.232359029;-0.02574302;3.397846095;-0.344286797;-1.325915153;-0.044268424;0.101650063;-0.159086557;-0.019842442;-0.565647178;jog;43;
96.995;-0.186260936;-0.270438263;0.854962502;-1.473056781;5.612289976;1.494764302;0.044252095;-0.167212418;0.665438939;-0.340449393;2.855629768;0.734416558;-1.075774545;-0.184822774;0.333727996;-0.808221168;3.164748043;-0.060904025;-0.791829771;0.029762127;0.17932746;0.364272928;-0.07349156;0.10418867;jog;43;
97.095;-0.700627638;-0.704589309;1.068425518;-1.37862641;7.056291173;2.14562269;-0.333705142;-0.153213072;0.341230331;-0.285051929;6.621559974;0.380497179;-0.455436699;-0.05855844;0.344470452;-0.488598659;0.976184612;-0.01959588;-0.633859699;-0.199589932;0.232924053;0.312159534;0.01169972;-0.15920051;jog;43;
97.195;-2.417674297;-0.568018479;0.237818466;-1.117189605;3.11457882;0.383570228;-1.622578995;-0.083612331;0.171018618;-0.083587701;3.69497152;0.089708179;-0.947250431;0.027828001;-0.804792463;-0.09356284;-0.172701619;0.004602981;-0.984269407;0.03020416;0.489672684;0.53040079;-0.07012829;-0.385284619;jog;43;
97.295;-1.626448853;-0.868868655;0.969118365;1.806249592;-2.442143325;-1.000262012;-1.223208162;0.029188146;0.596998551;1.465104335;-3.12591263;0.093333197;-1.182211145;-0.026265003;-0.143099741;1.333844415;-0.085204867;0.580347967;-1.38135392;-0.015367877;0.131055835;0.380578455;0.161748609;0.384342228;jog;43;
97.395;-0.283514477;-0.443155153;0.952942363;0.030494229;-0.083185111;-0.008989889;-0.818899539;0.037922201;0.745016128;0.381935977;-1.798902246;0.276417161;-1.10986261;0.022874186;0.242431284;0.187511786;-2.130869581;0.434482157;-0.953576196;-0.177631642;0.176232691;0.368836243;-0.146773935;-0.002031816;jog;43;
97.495;-0.15410464;-0.335191597;0.933930654;-0.536283523;-0.579650002;-0.066107763;-1.043694487;0.055662755;0.19938738;-0.579540396;-1.049629416;0.284284572;-0.939621099;0.000793122;-0.256606668;-0.649649502;-2.509936888;0.042756262;-0.769050319;0.005343305;0.144340658;-0.282442132;-0.195744032;-0.175813158;jog;43;
97.595;-0.249730809;-0.236352078;1.004667215;-0.28955514;-1.490252694;-0.221971018;-1.123479618;0.009512365;0.134303942;-0.899680313;-1.588838185;0.064879221;-0.976676242;0.089194357;-0.160873075;-0.879714396;-2.278519386;-0.209698177;-0.810789835;0.128869315;0.293938018;-0.715161699;0.400148226;0.578882004;jog;43;
97.695;0.229988278;-0.045062471;1.026049614;1.494725226;-4.440835602;-1.587636108;-1.589276428;0.043257639;-0.495645157;0.622263233;-2.73984552;-0.61432078;-1.251534135;0.218728622;-0.685356508;0.788242338;-0.850921469;-0.357432768;-1.033041291;-0.048224453;0.444577832;-0.450905363;-0.166408506;-0.089455315;jog;43;
97.795;-1.565571205;-0.264292642;1.9178902;1.162833485;-7.031178455;-2.031389669;-1.565949253;0.115760984;0.19282287;0.122482111;-2.783064812;-0.369795265;-1.607940288;-0.151803332;-0.585625006;0.336386284;2.884731784;-0.292245063;-1.273409399;-0.122266456;0.10299905;-0.1522611;-0.081902642;-0.713635274;jog;43;
97.895;-0.580068639;-0.331943112;1.469328006;-1.736304044;4.789734206;0.202809774;-0.158897394;-0.202629769;0.77831976;-0.421100063;1.70503579;0.916241713;-1.348876331;-0.26486909;0.218530915;-1.01384059;3.8815459;-0.066939171;-0.895306814;0.083198152;0.155971802;-0.035266832;-0.092864393;0.034314697;jog;43;
97.995;-0.482623911;-0.735521803;0.949628358;-0.746161382;7.742307713;2.787965174;-0.128582967;-0.242413169;0.428109254;-0.22286773;6.7086512;0.54559452;-0.562631701;-0.102289495;0.511227043;-0.595284049;1.621044843;0.04609456;-0.746286929;-0.079349337;0.207215539;0.204280955;0.101248526;0.109763612;jog;43;
98.095;-2.593852542;-0.772351366;0.31812756;-1.063612432;4.087153747;0.893616198;-1.503185373;-0.071851813;0.371459244;0.090525032;4.715692723;-0.030050753;-0.785417492;0.007974964;-0.625044826;0.108214152;-0.362948367;-0.040942213;-0.827398352;0.03083344;0.510549629;0.700836771;0.105548609;-0.375823901;jog;43;
98.195;-1.746628424;-0.844337977;0.844125042;1.400903559;-2.562776497;-1.314754064;-1.360351509;0.025372123;0.503083926;1.153154438;-2.862302236;0.123557098;-1.211821449;-0.028810461;-0.309178456;1.04078728;-0.039672439;0.485804423;-1.330673513;-0.043675181;0.096720897;0.373425655;-0.007889035;0.542555163;jog;44;
98.295;-0.414228688;-0.408937678;1.023412815;0.108182615;-0.164953537;-0.079880505;-0.78849565;0.070000638;0.833025646;0.450923188;-2.00575361;0.241086242;-1.148929752;0.076408279;0.319924113;0.258334013;-1.986195477;0.441555466;-1.096189782;-0.183893511;0.204219215;0.210351265;-0.016150203;0.213229391;jog;44;
98.395;-0.133511677;-0.361273578;0.907177523;-0.597948703;-0.404007046;-0.011444747;-1.008268914;0.065324817;0.282216657;-0.585075484;-0.913864815;0.285153975;-0.937833682;-0.030312873;-0.202112334;-0.658804003;-2.792177387;0.048384508;-0.694403821;-0.033385224;0.166612427;-0.25467248;-0.17457738;-0.180161532;jog;44;
98.495;-0.218178813;-0.194344657;1.033843188;-0.737576545;-1.307952156;-0.256857631;-1.179383236;0.026160075;0.091420232;-1.342012574;-1.406846588;0.028649487;-1.017497183;0.106178569;-0.157245326;-1.305105325;-2.409496991;-0.332846581;-0.83909773;0.119365331;0.249311348;-0.763651446;0.276953182;0.571167327;jog;44;
98.595;0.120691549;0.030314718;1.013552047;0.95743317;-3.98699505;-1.193373197;-1.479131286;0.045577496;-0.354873673;0.342045932;-2.389551905;-0.689241013;-1.253189613;0.240331473;-0.446723046;0.503949001;-1.27951027;-0.564959801;-0.981437278;-0.031270457;0.536301891;-0.739358978;-0.150708663;0.05754461;jog;44;
98.695;-1.305307764;-0.124010666;1.722179757;2.075708456;-7.679973676;-1.192978854;-1.719584678;0.213630525;-0.268473142;0.703174627;-3.063033198;-0.687386245;-1.475760349;0.015216507;-0.789712289;0.946588141;2.162598335;-0.260384954;-1.297805801;-0.090453799;0.096447962;-0.158564928;-0.150330006;-0.701886961;jog;44;
98.795;-0.839160375;-0.355066137;1.773368481;-0.626004581;2.722292607;1.041776836;-0.42142005;-0.139885432;0.873402552;-0.026630041;0.28405219;0.43056547;-1.528253042;-0.295304932;0.139842273;-0.40212885;4.187747089;0.132294271;-0.95677213;0.042801379;0.12435137;-0.005352894;-0.025106425;-0.055261119;jog;44;
98.895;-0.09717975;-0.637134696;0.749199166;-1.985406035;7.173963634;2.490570429;0.116529368;-0.237359272;0.561079526;-0.333665465;5.988101494;0.767379024;-0.745259414;-0.187450779;0.602925682;-0.848645991;2.394075835;0.020244791;-0.768377767;-0.045904434;0.170900905;0.362042117;0.127144637;0.116314512;jog;44;
98.995;-2.411893368;-1.06117696;0.604772866;-2.214154447;5.269171449;1.045301178;-1.27898314;-0.113528047;0.49697071;-0.29941134;6.156132454;0.173005187;-0.656457164;0.056455454;-0.261761824;-0.342868144;-0.297944448;-0.076881735;-0.733103002;0.005058028;0.459406177;0.851640638;0.122203398;-0.435818228;jog;44;
99.095;-2.143242183;-0.649300752;0.527847694;1.490553098;-1.969787106;-1.406260653;-1.493544523;0.081480346;0.324484428;1.579694116;-2.204481807;0.021974525;-1.176570883;0.076103207;-0.556478516;1.491947069;0.054935006;0.498171218;-1.241975417;-0.052759748;0.163258567;0.587920944;-0.04668447;0.328836685;jog;44;
99.195;-0.52347685;-0.568062804;1.05762362;0.464976624;-0.346502027;-0.066321552;-0.74223692;0.078306752;1.028407494;0.673281615;-2.377434815;0.216482602;-1.22444681;0.040474446;0.44795813;0.458093326;-1.484931907;0.532824714;-1.169010326;-0.136785697;0.218137642;0.231272183;-0.111801801;0.354620579;jog;44;
99.295;-0.110046685;-0.410558217;0.899831995;-0.501647673;-0.365493538;-0.078450541;-1.024754166;0.051531033;0.375377483;-0.418607362;-0.78021836;0.264767367;-0.999364361;-0.035658837;-0.174958928;-0.502983749;-2.901568041;0.081274419;-0.782582431;-0.057355639;0.181045991;-0.058217644;-0.347445815;-0.267390807;jog;44;
99.395;-0.235185589;-0.17781904;1.018881082;-1.001823072;-1.384912555;-0.378381355;-1.18054223;0.054245222;-0.008718091;-1.535255113;-1.259839787;0.073391;-0.986350737;0.102155616;-0.270316039;-1.501858496;-2.537197759;-0.348050191;-0.873051507;0.035456905;0.167207098;-0.669474821;0.315309897;0.45814306;jog;44;
99.495;0.132259816;0.037716799;1.053025294;1.334802143;-3.832399819;-0.968139267;-1.479382209;0.05071935;-0.572659356;0.594521382;-2.73499552;-0.544155199;-1.168236326;0.245816169;-0.65888275;0.716034348;-0.976505626;-0.340559594;-0.846983882;-0.021458889;0.505362434;-0.728986718;0.034284605;0.131456403;jog;44;
99.595;-1.196840003;-0.299059681;1.751341317;2.067622388;-7.595694828;-1.329583291;-1.557971726;0.136236813;0.088882261;0.319773011;-3.136688;-0.450921258;-1.549097313;-0.091973971;-0.57747909;0.533843928;2.586576721;-0.249135227;-1.369581315;-0.097417215;0.046311821;-0.038868016;-0.090578301;-0.658566589;jog;44;
99.695;-0.68323686;-0.460715704;1.542735871;-1.34230755;3.588050064;1.277845977;-0.257094244;-0.145086422;0.82838733;-0.264982277;1.248654221;0.610849264;-1.429103298;-0.220795188;0.219050584;-0.67316738;3.637712759;0.002175002;-0.951373074;0.036866135;0.186446611;0.136933712;-0.039799683;-0.059382448;jog;44;
99.795;-0.320540864;-0.668736234;0.853978398;-1.952228697;7.191986534;1.989694354;-0.157688078;-0.216290574;0.440789978;-0.133327523;6.134750316;0.397825211;-0.611614522;-0.091288109;0.451418654;-0.418969421;1.847258016;0.057413115;-0.692094208;-0.135202487;0.187136295;0.261045006;-0.016783369;0.098545355;jog;44;
99.895;-2.209748646;-0.913862053;0.583204884;-1.940261747;4.779126507;0.886523783;-1.327104332;-0.090188526;0.417048574;-0.316738525;5.41090979;0.00127471;-0.708305414;-0.068173384;-0.463624421;-0.28657594;-0.156569678;-0.125398103;-0.8549633;-0.023947737;0.458843368;0.463762683;0.186263794;-0.431588519;jog;44;
99.995;-1.874378087;-0.561635191;0.583055723;1.330156973;-2.37548368;-0.853100404;-1.445725635;0.028248685;0.291845083;0.944752504;-2.182307562;0.08675102;-1.154081758;0.038398362;-0.521292762;0.875180853;0.024693974;0.355684401;-1.225117626;-0.001582569;0.237182292;0.444888585;-0.001321895;0.244920882;jog;44;
100.095;-0.605258005;-0.573960005;1.102850142;0.200816797;-0.531426229;-0.168587672;-0.798438325;3.99E-02;0.940554952;0.380277835;-2.352786734;0.21457781;-1.185157465;0.018354271;0.40605423;0.223926524;-1.515221861;0.371231087;-1.149882643;-0.119008092;0.164434009;0.260176946;0.03034432;0.296018695;jog;44;
100.195;-0.11666927;-0.280252874;0.922744657;-0.893707192;-0.378214685;-0.151041928;-1.006374654;0.090061499;0.338687708;-0.859259608;-0.877841508;0.220228571;-0.981045538;-0.00163723;-0.151485929;-0.880767578;-2.735208839;-0.140193183;-0.7460109;-0.074828449;0.223869916;-0.236573782;-0.249298042;-0.088788491;jog;45;
100.295;-0.301306866;-0.084768835;1.023435533;-0.608398867;-0.978824216;-0.046675051;-1.104914113;0.037566957;0.030861444;-1.204418891;-1.201188932;-0.05218127;-0.949726347;0.1405395;-0.172169563;-1.148193865;-2.400778428;-0.385450236;-0.788400258;0.091947378;0.201656348;-0.736498053;0.056952695;0.439403682;jog;45;
100.395;0.086985114;-0.005965049;1.090978251;1.30019614;-2.987781142;-0.752597771;-1.452662147;0.025939844;-0.393012117;0.748389239;-2.414000359;-0.638104133;-1.203822341;0.221840867;-0.509540087;0.877934268;-1.405783646;-0.430344384;-0.960869564;0.003341653;0.481510237;-0.663388138;0.015597356;0.225683342;jog;45;
100.495;-0.740217564;-0.188097528;1.417065212;2.12770479;-8.238633711;-2.133721353;-1.722775212;0.167635558;-0.302399459;0.941577024;-3.352868846;-0.86447362;-1.449186837;0.003323855;-0.807649353;1.259641568;1.879390526;-0.306697972;-1.291571049;-0.116410512;0.161244311;0.077563287;-0.028835218;-0.880539326;jog;45;
100.595;-1.232767779;-0.367765088;2.007835082;-0.275809575;1.384876899;1.343091945;-0.456367574;-0.110061819;0.918065481;-0.272241675;0.103307829;0.374186354;-1.593551592;-0.318931776;0.135523722;-0.463888314;3.927715876;-0.114358108;-1.035323046;0.057757025;0.172894409;-0.036856153;-0.079691486;-0.151929406;jog;45;
100.695;-0.130276091;-0.597393156;0.645105453;-2.393151469;7.295274977;2.146298364;0.017302112;-0.222403758;0.493365083;-0.433376808;5.533093254;0.842098927;-0.732797438;-0.14126186;0.496130783;-0.950714687;2.436060895;-0.0414488;-0.694657624;-0.074462739;0.166408841;0.189763187;-0.040836379;0.239188992;jog;45;
100.795;-2.015080039;-1.10499071;0.766070961;-1.9398012;5.682594982;1.536995578;-1.107055656;-0.196437203;0.49928895;-0.396802021;6.380859896;0.137342753;-0.598121571;-0.064897213;-0.151200406;-0.418336809;-0.111655379;-0.13125871;-0.803139935;0.008866128;0.40394714;0.612506746;0.156329241;-0.284409901;jog;45;
100.895;-2.215316791;-0.529443972;0.282467894;1.310787782;-1.572501797;-1.038227395;-1.580258389;0.050603;0.258962533;1.219219914;-1.319481172;0.035453566;-1.197133819;0.05765534;-0.662170164;1.162856478;-0.166983572;0.353000939;-1.232285104;-0.103970914;0.273343872;0.595972902;0.014492716;0.316402015;jog;45;
100.995;-0.71443336;-0.647048988;1.149231559;0.556154621;-0.66733755;-0.211137395;-0.812918308;0.103805439;0.8981417;0.681118639;-2.626981921;0.244037114;-1.145000786;0.083227998;0.397816677;0.490530617;-1.329687925;0.525826906;-1.151952728;-0.087253185;0.159424954;0.197459679;0.079833647;0.400160643;jog;45;
101.095;-0.092394851;-0.440681531;0.877485016;-0.59588337;-0.295716406;-0.127438507;-0.988496229;0.015143879;0.401226966;-0.431924811;-1.077321728;0.244807813;-0.98791241;-0.063381884;-0.099632255;-0.503555611;-2.726096636;0.061964555;-0.787832743;-0.058291285;0.181566726;0.002781694;-0.138065187;-0.238463064;jog;45;
101.195;-0.245655402;-0.158892739;1.030995376;-0.825358214;-1.161823445;-0.412782474;-1.143576912;0.060216288;0.059296767;-1.229048157;-1.340408973;0.028545988;-0.990567086;0.115739195;-0.194315124;-1.189421193;-2.38529676;-0.324221849;-0.806087118;0.036344103;0.232275156;-0.534383849;0.151836041;0.343802737;jog;45;
101.295;0.029366557;-0.033379924;1.040556775;1.246050349;-3.067028715;-0.587878695;-1.3606718;0.029611883;-0.301631454;0.338711715;-2.39499302;-0.468958805;-1.130633492;0.215546838;-0.424308731;0.450433765;-1.35748983;-0.34941488;-0.837366714;-0.063185525;0.508796194;-0.957598241;-0.032373836;0.325337238;jog;45;
101.395;-0.805637467;-0.29117068;1.461551206;2.494307269;-7.691435862;-2.031279495;-1.761495458;0.131613451;-0.230303857;0.749097503;-3.27173743;-0.754205585;-1.490250529;-0.020404585;-0.803718229;1.041006107;2.021529476;-0.280799383;-1.388637107;-0.093115967;0.035937761;-0.24111966;-0.159382083;-0.64459044;jog;45;
101.495;-1.100198208;-0.490644772;1.727417796;-0.715578789;1.08360016;0.671402016;-0.374880016;-0.139160892;0.985368288;-0.318753027;0.019369835;0.472899839;-1.57652752;-0.309503848;0.162127387;-0.569400357;3.919552729;-0.123172708;-1.01299769;0.098950774;0.229655948;0.202653761;-0.130181646;-0.157450761;jog;45;
101.595;-0.05942269;-0.501589196;0.622693688;-2.250494438;6.624501044;1.447226003;0.098749433;-0.185713217;0.451951875;-0.355142935;5.110171494;0.749595861;-0.693192756;-0.104111533;0.464611289;-0.829502281;2.210541518;-0.051952818;-0.691662309;-0.119736083;0.183652492;0.523025468;-0.136029926;0.057825116;jog;45;
101.695;-1.821797505;-1.024372712;0.930829602;-1.816246317;5.999593154;1.949392608;-1.04713358;-0.129999584;0.40932265;-0.425910833;6.461825816;0.226968202;-0.600850866;-0.071491348;-0.168182535;-0.490181731;-0.161591963;-0.065022778;-0.809207772;-0.1608833;0.370610805;0.331308724;0.135848206;-0.292566455;jog;45;
101.795;-2.168585481;-0.499786857;0.118270404;0.517325606;-0.726999326;-0.909744613;-1.590609157;-0.035308143;0.202803779;0.870480542;-0.565105093;0.083663567;-1.129326238;0.049145753;-0.74371752;0.817991201;-0.229666275;0.30834775;-1.190135234;0.00361444;0.390383024;0.286902021;-0.066147024;0.16016027;jog;45;
101.895;-0.836858306;-0.659369895;1.200755563;0.612115796;-1.047370458;-0.366842265;-0.855931576;0.062720345;0.825407518;0.650397108;-2.805310211;0.195806278;-1.116505206;0.020185475;0.326678801;0.497994109;-1.221408521;0.451552059;-1.13539485;-0.021055897;0.089976413;0.333266219;0.106289502;0.455615901;jog;45;
101.995;-0.124997266;-0.338685084;0.935270516;-0.22899585;-0.243629605;-0.052038992;-0.989699438;0.055215288;0.426344367;-0.101085276;-1.236495108;0.18942971;-1.029317513;0.021593765;-0.041020314;-0.178147073;-2.600020146;0.13892816;-0.855938996;-0.146846682;0.166767689;0.132173298;-0.130404013;-0.234587226;jog;45;
102.095;-0.231569003;-0.235842064;0.983095765;-0.582697789;-1.181174447;-0.245241586;-1.092940943;0.052039549;0.172124798;-1.018830599;-1.320331872;0.113311352;-0.971383758;0.042769232;-0.167071887;-1.007240574;-2.398050861;-0.200434317;-0.827376098;0.018394744;0.200612626;-0.530913603;0.145188012;0.197641162;jog;45;
102.195;-0.040301056;-0.056587468;1.027828846;0.737471769;-2.857078036;-0.747892806;-1.330076983;0.005539297;-0.24541598;0.032350793;-2.193328239;-0.351174131;-1.117561132;0.194927871;-0.365633056;0.12195915;-1.649078681;-0.323148683;-0.780701913;-0.049992614;0.513683031;-1.003283554;0.115975666;0.429899751;jog;46;
102.295;-0.604655463;-0.204742989;1.295262488;1.92311093;-7.768758279;-2.151346246;-1.772239591;0.114486195;-0.372329041;0.643293446;-3.168700655;-0.702880203;-1.4350241;0.014181981;-0.86337311;0.912525418;1.476764392;-0.340479125;-1.380501002;-0.018840419;0.106163365;-0.200723081;-0.154930128;-0.671464247;jog;46;
102.395;-1.467206575;-0.349310988;1.989310248;-0.507532718;-0.08633035;0.393754425;-0.634516389;-0.094243621;0.912502113;-0.434224122;-0.563665088;0.374949146;-1.614451499;-0.276443786;0.060513205;-0.552704625;4.007369089;-0.236736825;-1.042165941;0.015164271;0.171296836;-0.122245529;-0.078680927;-0.136333054;jog;46;
102.495;-0.133099018;-0.358083724;0.628547941;-1.751678519;7.022406661;1.348932648;0.061148805;-0.130578278;0.504184195;-0.204671764;4.552117039;0.720765709;-0.826722507;-0.049364303;0.417965648;-0.742009289;2.694110437;0.057572292;-0.717959466;-0.035214464;0.200089054;0.350522847;0.023033965;0.092085707;jog;46;
102.595;-1.521649751;-0.840744072;1.12507939;-1.320869369;6.743625697;1.996529627;-0.845245213;-0.123092374;0.46229704;-0.001043412;6.95770894;0.135456124;-0.546381954;-0.110680521;0.036443914;-0.109579084;0.150465849;0.116346227;-0.749913669;-0.078082281;0.396080452;0.440653982;0.121511571;-0.290226832;jog;46;
102.695;-2.474529973;-0.454052679;-0.008603012;0.213417656;-0.26332208;-0.647889997;-1.681685558;-0.007969964;0.161984138;0.601214331;0.364424094;0.135485371;-1.118559227;0.098492309;-0.8608086;0.549626667;-0.218396938;0.273827064;-1.157307415;0.031315473;0.386523626;0.665769041;-0.17519006;-0.009231763;jog;46;
102.795;-1.006359562;-0.86769209;1.221141256;1.183269841;-1.404658172;-0.386341241;-0.898673278;0.066160523;0.896928718;0.978215719;-3.10781845;0.195965169;-1.180216492;-0.010866221;0.320888006;0.794606837;-0.788150426;0.579986394;-1.223543599;-0.110835573;0.066446536;0.159966778;0.147421868;0.522424741;jog;46;
102.895;-0.131911845;-0.359042629;0.907101795;-0.799317043;-0.260030234;-0.096077409;-0.956640318;0.062034645;0.521319825;-0.554233743;-1.195239622;0.309737543;-1.051145414;0.008289098;-0.005072573;-0.641773848;-2.511369102;0.023999764;-0.889948578;-0.143024754;0.192441159;-0.229507922;-0.25047667;-0.061012372;jog;46;
102.995;-0.251464451;-0.147238005;0.968974199;-0.944226991;-0.949287489;-0.161268688;-1.064101966;0.107472215;0.136681936;-1.355770268;-1.086446728;0.116895498;-0.930502008;0.108233162;-0.200536516;-1.320546036;-2.442767184;-0.341217384;-0.818940626;0.135335388;0.133328629;-0.697177981;0.023105007;0.220804719;jog;46;
103.095;-0.218639433;-0.026439273;1.061138541;0.347803606;-2.048613188;-0.27580703;-1.246971954;0.01531609;-0.123866529;-0.361840522;-1.852018355;-0.376417875;-1.064240834;0.177890727;-0.265849915;-0.259402014;-2.049615591;-0.457076763;-0.723118243;-0.031537498;0.48058879;-0.859978613;0.330783202;0.58416694;jog;46;
103.195;-0.010552573;-0.044596451;1.10327269;1.956994085;-6.818738946;-1.670950168;-1.761178168;0.103045716;-0.616312035;0.991825333;-3.13207346;-0.853352966;-1.357691389;0.140299396;-0.906032056;1.245003772;0.525090799;-0.386871659;-1.289860276;-0.040845789;0.266575794;-0.257284461;-0.294784567;-0.549716288;jog;46;
103.295;-1.787044436;-0.33112196;2.330660434;0.878855053;-3.243271341;-0.358636025;-1.015418413;0.062640763;0.696609225;0.255906168;-1.630502147;-0.272022268;-1.667621393;-0.187429281;-0.13134505;0.36639045;3.720274884;-0.039907919;-1.138700899;0.035216841;0.1441634;0.253492375;-0.052971834;-0.560007956;jog;46;
103.395;-0.235731522;-0.250276006;0.750351576;-1.297094599;7.130609838;2.272779357;0.046861612;-0.11393713;0.597859224;-0.18958711;3.900857198;0.634923752;-0.973107216;-0.145329069;0.383981274;-0.658874679;3.099138262;0.067324634;-0.738407816;0.026226278;0.184584083;0.665426032;-0.062082391;0.116068089;jog;46;
103.495;-1.006326472;-0.962594067;1.103613193;-2.242878398;6.710916937;2.368670685;-0.642527041;-0.138205363;0.423226236;-0.408098005;7.078269443;0.41383415;-0.489109037;-0.080495721;0.192537983;-0.605278746;0.6574205;0.014269695;-0.750835476;-0.185454901;0.290994044;0.618917728;0.137621107;-0.269452172;jog;46;
103.595;-2.597730445;-0.517506571;0.004709872;-0.66409462;1.059672694;-0.625110233;-1.698425119;-0.051918417;0.176443899;0.303856356;1.772442778;0.107467156;-1.076364632;0.091153088;-0.851769203;0.275084779;-0.047251701;0.139890579;-1.02589903;0.043406685;0.48784368;0.785342429;-0.09102594;-0.269929352;jog;46;
103.695;-1.326590906;-0.884112394;1.210169382;1.283013016;-2.167967476;-0.623483325;-0.998350994;0.053351947;0.808689766;0.922215505;-3.487062512;0.170960027;-1.15164344;-0.030671327;0.166001914;0.771148971;-0.347137308;0.498238134;-1.281627648;-0.048466427;0.077146018;0.161006588;0.158003487;0.728188844;jog;46;
103.795;-0.223520452;-0.273211813;0.958198693;-0.185838961;-0.054497693;0.016764746;-0.873609597;0.08659468;0.662327945;0.082347441;-1.557824643;0.217905284;-1.111317521;0.103262509;0.161121361;-0.044940619;-2.416633284;0.230033374;-0.981496163;-0.219650415;0.18709462;-0.088383833;-0.110522407;0.224742028;jog;46;
103.895;-0.146846151;-0.309880095;0.957226944;-0.522000366;-0.778453559;-0.171510026;-1.090963327;0.069966932;0.223341651;-0.750347906;-0.998794177;0.168854736;-0.97824772;0.01808949;-0.237935086;-0.765965126;-2.685316723;-0.112510929;-0.75273225;-0.023046132;0.198507035;-0.430609434;-0.132509796;-0.084984862;jog;46;
103.995;-0.251225488;-0.059030169;1.04464022;0.025231592;-1.934395641;-0.521537742;-1.191049023;0.038663698;-0.052164509;-0.540280489;-1.733252805;-0.176300441;-1.014791896;0.17394056;-0.252858559;-0.471003652;-2.139934082;-0.323957081;-0.786195385;0.019211924;0.354209413;-0.976023513;0.210353542;0.46624082;jog;46;
104.095;0.172899026;-0.180640776;0.977135265;1.535671661;-6.132846531;-2.059073206;-1.683244498;2.00E-02;-0.642276068;0.812981282;-3.193521248;-0.720558341;-1.214067613;0.102269663;-0.952036873;1.038910882;0.107768729;-0.354231938;-1.116479271;-0.037520845;0.28746399;-0.441746641;-0.226179692;-0.352509441;jog;46;
104.195;-1.900655327;-0.153049097;2.30110155;0.505972232;-4.75937891;-0.447728013;-1.193464228;0.090157231;0.674593453;-0.203707206;-2.131124928;-0.292205253;-1.761310409;-0.137987561;-0.232312461;0.089155408;3.537773248;-0.406210961;-1.281765992;-0.079940989;0.126827638;-0.073688294;0.05989184;-0.807960589;jog;47;
104.295;-0.325734809;-0.27383147;0.834809702;-1.341829897;6.418075758;1.811203746;0.040628196;-0.187240258;0.765797274;-0.403496178;3.308413478;0.714995608;-1.193330734;-0.236723856;0.337883794;-0.808516939;3.372814375;-0.146542157;-0.867737609;0.139311112;0.221932035;0.080646861;0.046235766;0.131534667;jog;47;
104.395;-0.846933196;-0.837935862;1.00092921;-1.540306985;6.921951992;2.911664108;-0.381836209;-0.142299355;0.426320555;-0.451657611;6.939250694;0.50354108;-0.474002071;-0.05721617;0.36183873;-0.690632279;0.904908617;-0.059136982;-0.657929663;-0.135299976;0.245394839;0.412448623;0.095709088;0.007082833;jog;47;
104.495;-2.532506559;-0.608461219;0.110493831;-1.419199853;2.736525912;-0.162409617;-1.552102385;-0.051682528;0.266705293;0.050048267;3.224992397;0.131936575;-0.912344153;0.08071014;-0.722356442;0.021967584;-0.317448332;0.076552198;-0.915365434;0.030253606;0.520687054;0.626767474;-0.047657433;-0.274817297;jog;47;
104.595;-1.353087383;-0.877579143;1.061734888;1.498873846;-2.670938889;-0.858798954;-1.216626531;0.003180466;0.426575315;0.997130105;-3.251776187;0.151488164;-1.113665566;-0.084342756;-0.276411044;0.880123223;0.000508314;0.453535359;-1.252737793;-0.02951341;0.09182147;0.331209117;-0.01117988;0.48001623;jog;47;
104.695;-0.364154342;-0.359522465;0.988235713;-0.449328416;-0.172898179;-0.139830314;-0.783648109;0.056167531;0.838861085;-0.061267752;-2.043869633;0.281221474;-1.147131795;0.062855712;0.278879014;-0.207003013;-1.745788634;0.198620819;-1.093239383;-0.176351737;0.224043095;-0.083222519;-0.068002863;0.348170184;jog;47;
104.795;-0.163690318;-0.184179603;0.973842181;-0.602668789;-0.470970451;0.016399926;-1.016420631;0.128985232;0.367932484;-0.818634119;-0.783850177;0.174762197;-1.003869137;0.081031377;-0.140918743;-0.814682373;-2.796976642;-0.207121063;-0.803474527;-0.01693206;0.209303037;-0.431715912;-0.175207718;-0.019628706;jog;47;
104.895;-0.280184532;-0.138770334;0.99463435;-0.246806479;-1.099088417;0.072732034;-1.105057407;0.054725327;0.095452053;-1.066032357;-1.109428193;-0.142346747;-0.952968884;0.135066771;-0.172375732;-0.98288456;-2.459389725;-0.452202436;-0.739345636;0.115633163;0.235682829;-0.740072141;0.068398699;0.251041717;jog;47;
104.995;0.064527825;-0.025040702;1.043322514;1.049624468;-3.337323778;-0.797159447;-1.441703717;-0.030342996;-0.238012236;0.307019978;-2.090836117;-0.730185811;-1.255537287;0.150624003;-0.351490872;0.470965152;-1.601566464;-0.630034656;-0.954927225;0.047362396;0.53642599;-0.723450933;-0.093578987;0.102321181;jog;47;
105.095;-0.891563562;-0.084991772;1.421938843;1.928303253;-7.787380612;-2.309750215;-1.7406313;0.174937319;-0.488941942;1.301063744;-2.95681333;-0.971898728;-1.437858711;0.053620482;-0.839940739;1.590034429;1.578621245;-0.300052215;-1.318766008;-0.03967571;0.138881598;0.195534205;-0.230943924;-0.681396752;jog;47;
105.195;-1.266908882;-0.07645439;2.122712934;-0.24106325;1.487122315;0.117198704;-0.614555316;-0.02835057;0.850028028;0.033034221;-0.269528993;0.142790714;-1.557837735;-0.278194041;0.089688602;-0.102575998;4.13382422;0.034204065;-1.016815047;0.062588684;0.101517423;0.43253912;-0.109037859;-0.188241297;jog;47;
105.295;-0.114563183;-0.463753994;0.688771851;-0.683653337;7.324383401;3.128584154;0.043557816;-0.210652964;0.546322103;-0.287374509;5.291919348;0.699904696;-0.802081232;-0.153837197;0.531987678;-0.758930142;2.814672422;0.042367427;-0.695326219;-0.138959599;0.166668232;0.452269536;0.018399973;0.192529901;jog;47;
105.395;-1.864678039;-1.146369144;0.964560726;-2.299421665;6.098216433;1.777579512;-1.102745187;-0.155982287;0.442247564;-0.622902965;6.787390901;0.254778571;-0.58559404;-0.071390146;-0.167098826;-0.67718624;0.181462622;-0.1276379;-0.810845908;-0.036947981;0.412993727;0.605651407;0.200251008;-0.37368024;jog;47;
105.495;-2.428896936;-0.534444939;0.168786707;1.129995761;-1.50990323;-0.702531979;-1.61864685;0.022367655;0.243918894;0.912441451;-1.141611782;0.089002867;-1.149724999;0.098826818;-0.737915217;0.850868447;0.199463019;0.340931882;-1.214900127;-0.056203163;0.317528288;0.624539831;0.043907753;0.135075163;jog;47;
105.595;-0.836520048;-0.693452087;1.189987608;0.741514071;-0.962318073;-0.323493207;-0.751979461;0.09747535;1.031604986;0.779393156;-3.049986588;0.216988569;-1.200869667;0.068603022;0.482743352;0.557161031;-1.152398987;0.576516981;-1.192533916;-0.064277633;0.102784982;0.327608127;0.189253851;0.419991891;jog;47;
105.695;-0.097542013;-0.416230334;0.912425977;-0.364456289;-0.342583151;-0.17644906;-1.007641655;0.040310649;0.518819485;-0.193081725;-1.093019714;0.232025483;-1.078806624;-0.005455167;-0.070965366;-0.292823893;-2.799059995;0.124204764;-0.872527167;-0.100321194;0.213030809;-0.050424835;-0.145615856;-0.131127916;jog;47;
105.795;-0.276657289;-0.182062433;0.962535813;-0.722267317;-1.23865107;-0.409309263;-1.058762586;0.109399698;0.141987728;-1.084772883;-1.164630114;0.12651173;-0.927765411;0.105150222;-0.199226821;-1.064537026;-2.512960766;-0.252407796;-0.731458011;0.055670522;0.181046001;-0.680916274;0.022219827;0.182080531;jog;47;
105.895;-0.117833521;-0.097845063;1.009222978;0.441891435;-2.578196819;-0.739378494;-1.284318941;0.002493548;-0.113229661;-0.193145434;-2.01078496;-0.345925092;-1.092394205;0.181577835;-0.287427147;-0.090815396;-1.843922799;-0.38341959;-0.779482275;0.000577748;0.506034172;-0.965148722;0.029301236;0.451155687;jog;47;
105.995;-0.427686172;-0.084383431;1.064558937;1.587461982;-7.60540853;-2.132242677;-1.706125853;0.094101605;-0.465445834;0.634535302;-2.823063444;-0.747133318;-1.376660203;0.015917317;-0.859011869;0.896295205;0.695169686;-0.423212695;-1.334447772;-0.04166663;0.208979056;-0.367723771;-0.242506351;-0.552608955;jog;47;
106.095;-1.82972183;-0.109631217;2.186942282;-0.677374605;-1.060388404;-0.204892821;-0.916028506;-0.027059186;0.738110815;-0.423441025;-1.192855175;0.42782444;-1.604247366;-0.262334475;-0.062212732;-0.619497273;3.724969972;-0.14234204;-1.107688477;0.002785363;0.109288132;-0.063462603;-0.103370553;-0.279840609;jog;47;
106.195;-0.178024707;-0.496294175;0.748995831;-1.227957697;7.367868379;1.106940384;-0.069697589;-0.248315249;0.617490757;-0.13979546;3.948105907;0.8114048;-1.032705223;-0.14120699;0.391830004;-0.801583899;3.162361425;0.182438972;-0.777035693;-0.024030711;0.152420905;0.218611482;-0.035045763;0.20313796;jog;48;
106.295;-1.300429408;-0.819670172;1.141545352;-0.673843946;7.099640644;2.499929818;-0.691007041;-0.211191895;0.50300413;-0.02156159;7.159560133;0.054941947;-0.506610446;-0.117101048;0.207275607;-0.075330287;0.573472074;0.007335471;-0.763710246;-0.059555148;0.337140899;0.366527945;0.124555802;-0.114301927;jog;48;
106.395;-2.596463518;-0.477045845;-0.073984932;0.18769441;0.414984669;-0.562714791;-1.582180516;0.026313652;0.252522494;0.685901212;0.963904872;-0.02662987;-0.98904103;0.034729402;-0.851443215;0.67378188;-0.073382435;0.142939155;-1.020155507;0.014108605;0.348811965;0.844278293;-0.0542936;-0.215500033;jog;48;
106.495;-1.198238576;-0.769811779;1.306448447;0.992572408;-1.836324743;-0.615068247;-0.943563515;0.085236919;0.884917502;0.820107034;-3.408869369;0.195679554;-1.223128471;0.053173312;0.285000426;0.632140607;-0.313343149;0.54027819;-1.292499649;-0.101696911;0.032087797;0.241105092;0.26047093;0.516674153;jog;48;
106.595;-0.155814355;-0.388104738;0.908592391;-0.024481247;-0.073417915;0.112632345;-0.893003678;0.031867373;0.726932437;0.142680265;-1.220912761;0.217861154;-1.157409952;0.000496578;0.103491489;-0.005545022;-2.531282831;0.272095645;-0.981606599;-0.08469062;0.268610322;-0.047455267;-0.091974644;0.018790685;jog;48;
106.695;-0.195757694;-0.287095717;0.945554792;-0.701055317;-0.849232562;-0.012249041;-1.073072174;0.089007412;0.180518823;-1.068261765;-0.833181722;0.255348404;-0.944196335;0.023386554;-0.261202865;-1.09081398;-2.640004056;-0.154266513;-0.723022523;0.037235686;0.169803562;-0.458686257;-0.179435817;0.082962423;jog;48;
106.795;-0.208638074;-0.155618132;1.048290316;0.233761147;-1.919719625;-0.268476906;-1.239091388;-0.011667091;-0.093801614;-0.606113022;-1.670699142;-0.171187996;-1.042006613;0.188514097;-0.261670728;-0.540248411;-2.110420448;-0.333228328;-0.761866049;0.062897193;0.422310005;-0.792157407;0.169199395;0.634510486;jog;48;
106.895;0.138928134;-0.108219406;1.038005468;2.37505173;-6.075380245;-2.098310893;-1.714017808;0.093235099;-0.56027594;1.003371513;-2.996299573;-0.838057516;-1.342422677;0.12706433;-0.865989018;1.247556645;0.183550459;-0.402025785;-1.320409422;-0.015582673;0.246936494;-0.032255838;-0.282693192;-0.469412645;jog;48;
106.995;-1.874121491;-0.358131307;2.089197174;0.457244705;-4.20794158;-1.210984193;-1.10821915;0.077637275;0.588638495;-0.149192462;-1.947217316;-0.059794702;-1.58380506;-0.192959176;-0.206422071;-0.06822031;3.441832712;-0.230459097;-1.109645227;-0.102113931;0.110380619;0.13355003;-0.026689608;-0.526981298;jog;48;
107.095;-0.176163792;-0.321210756;0.826694834;-1.899950801;5.994320068;1.098833493;-0.021824324;-0.177641106;0.67397023;-0.326241029;2.861117221;0.941751727;-1.098650956;-0.204195568;0.302856544;-0.997035516;3.381987322;0.033348175;-0.77092996;-0.05585694;0.172366762;0.177976364;-0.087030268;0.035102576;jog;48;
107.195;-0.780202304;-0.810849405;1.105679701;-1.486214107;6.958364273;2.298971759;-0.367067335;-0.197371993;0.427570785;-0.247237017;6.788122166;0.57198798;-0.527017233;-0.087587973;0.365711572;-0.609981425;0.880636611;0.110280725;-0.79852825;-0.064587452;0.267003048;0.385753015;0.051941299;-0.147845499;jog;48;
107.295;-2.506367069;-0.586307763;0.114371035;-1.07085179;2.768176973;0.014583802;-1.62309932;-0.062633984;0.178396028;0.191506174;3.331320211;0.110713116;-0.943163708;0.070077514;-0.809817562;0.159048462;-0.427829394;0.10568123;-0.962311344;-0.001688859;0.456438148;0.793934638;-0.010404757;-0.282711043;jog;48;
107.395;-1.493677728;-0.919744194;1.037487049;1.681917431;-2.3959798;-1.029421877;-1.191108768;0.054816472;0.68027726;1.371196408;-3.162460843;0.11235728;-1.21628847;-0.035295444;-0.026474595;1.25136129;-0.225505076;0.5345415;-1.332986314;-0.064569822;0.10329515;0.074796494;0.152975224;0.555298152;jog;48;
107.495;-0.286201881;-0.384093406;0.956191993;-0.446881076;-0.128844809;-0.058302139;-0.870187171;0.062573312;0.724349774;-0.119186771;-1.4718911;0.278949114;-1.110996533;0.048297517;0.254472588;-0.238103176;-2.46059242;0.198206858;-0.972812459;-0.137243894;0.17008092;0.022744297;-0.073359088;0.236006643;jog;48;
107.595;-0.202295803;-0.20128469;0.95362979;-0.841099104;-0.569370741;-0.158692178;-1.049497258;0.102189484;0.055405031;-0.96274756;-1.057960909;0.152873121;-0.902819632;0.055037475;-0.276682811;-0.967149634;-2.585918409;-0.140615563;-0.694461159;-0.012844817;0.148269186;-0.232217751;-0.150231519;-0.150529667;jog;48;
107.695;-0.226282273;-0.060240468;1.099207431;0.322029137;-1.553395828;-0.011789281;-1.208542339;0.019324389;-0.051997797;-0.387001015;-1.885351198;-0.175239565;-1.047712542;0.173759968;-0.201922768;-0.337419435;-2.003366704;-0.260317633;-0.835886611;-0.003483267;0.384256257;-0.962161281;0.25157506;0.527619349;jog;48;
107.795;0.314905496;-0.147256907;0.962957078;1.721391585;-5.610881547;-1.730504801;-1.628368696;0.014863658;-0.535529255;0.684890307;-3.181792766;-0.656468903;-1.248484097;0.06779754;-0.823590547;0.876771947;-0.121131439;-0.385316156;-1.140730624;0.020834831;0.321579023;-0.545795264;-0.205240166;-0.22308845;jog;48;
107.895;-1.786335379;-0.199184931;2.193522997;0.60097345;-5.916569885;-0.934090086;-1.280117665;0.093020812;0.424307931;-0.339559317;-2.327187151;-0.123269921;-1.616303742;-0.158358521;-0.349267899;-0.153234311;3.188631711;-0.409984789;-1.227588809;-0.070679639;0.093573036;0.193246541;0.112282536;-0.72931397;jog;48;
107.995;-0.470503314;-0.354184238;1.014680731;-1.782777265;6.171631107;1.571855686;-0.116759266;-0.186075271;0.77852532;-0.433605747;2.725960175;0.946834991;-1.288480698;-0.211435324;0.288404851;-1.043159354;3.54095685;-0.055388656;-0.908129951;0.019640572;0.183619278;-0.091923703;-0.003839004;0.085681272;jog;48;
108.095;-0.62607371;-0.710985443;0.958234644;-1.565899872;6.985882785;2.320838819;-0.34760235;-1.68E-01;0.428761764;-0.106142268;6.688721551;0.475332702;-0.51101636;-0.046498507;0.377990936;-0.454340171;1.225548707;0.154519172;-0.718029592;-0.071922162;0.249739715;0.363428546;0.11514111;-0.080852031;jog;48;
108.195;-2.411996377;-0.662789208;0.246264388;-1.624832851;3.294191776;-0.161722736;-1.448438233;-0.068279148;0.340538435;0.016646864;3.8764552;0.133046965;-0.819777996;-0.010974323;-0.644707948;-0.021215462;-0.376241368;0.10469232;-0.830874615;0.110449907;0.50417696;0.931574812;0.049135284;-0.39694022;jog;49;
108.295;-1.61346649;-0.79311672;0.994894567;1.712618194;-2.831681945;-1.027893699;-1.349636244;-0.019120447;0.39191534;1.35092862;-3.038556505;0.091596292;-1.228209993;-0.014175027;-0.257712863;1.244593817;0.087199352;0.518757073;-1.160533401;-0.505268896;0.100062304;0.195984644;-0.138078454;0.508290511;jog;49;
108.395;-0.399091841;-0.44023608;0.984345934;0.125180942;-0.152482036;-0.071330452;-0.773749033;0.093083362;0.92890542;0.434372268;-1.936645845;0.211447468;-1.142971242;0.061628795;0.216021415;0.247227211;-1.697901899;0.413491092;-1.52036624;0.823951958;0.103948539;-0.239807645;-0.360989579;0.090576048;jog;49;
108.495;-0.144389075;-0.273564259;0.923349501;-0.789797076;-0.496160228;-0.160382213;-1.020236;0.090395878;0.209559537;-0.929765534;-0.795731254;0.11924909;-0.942515051;0.010300178;-0.168962456;-0.907043397;-3.092019143;-0.239039523;-0.442371883;-0.555242503;0.154733881;0.300737648;0.130895448;-0.00082062;jog;49;
108.595;-0.305093046;-0.094254221;1.051554171;-0.356418932;-1.136278368;-0.012072318;-1.137614632;0.010433296;0.026073731;-1.007015337;-1.39497996;-0.091491732;-0.991545599;0.118818756;-0.168535281;-0.950720427;-2.199204947;-0.355404108;-0.84742491;0.088066192;0.221350123;-0.790897356;0.08846723;0.411212505;jog;49;
108.695;0.142832393;-0.065510369;1.028767219;1.746253261;-3.424720028;-0.782571044;-1.441135832;0.023065943;-0.327640789;0.916602793;-2.463767008;-0.592804461;-1.204922973;0.192188998;-0.492325905;1.040521672;-1.252950492;-0.324565021;-0.962375286;0.050568243;0.523450067;-0.806683248;0.081576944;0.292985487;jog;49;
108.795;-0.98918894;-0.252540579;1.409215507;2.157514372;-8.017330694;-2.15265718;-1.674794661;0.146039322;-0.227848777;0.483205876;-3.039403723;-0.68653701;-1.4418539;-0.055966569;-0.772963912;0.778759527;1.889636863;-0.390380389;-1.28372883;-0.040178235;0.126375928;0.07662879;-0.093515741;-0.753944077;jog;49;
108.895;-1.325254277;-0.355529236;1.897702178;-1.007972194;1.415796494;0.4988082;-0.547392931;-0.084840492;0.903252694;-0.414732543;0.128247973;0.666985546;-1.591778928;-0.249573681;0.085215939;-0.801761322;4.07198413;-0.089722782;-1.035365979;0.045801307;0.128741635;0.184726404;-0.044151066;-0.244231275;jog;49;
108.995;-0.302790378;-0.504187549;0.66075073;-1.896943358;7.693322075;1.794639858;0.060432695;-0.16905238;0.518891008;-0.013201682;5.32745493;0.744310798;-0.773853182;-0.093079184;0.504906276;-0.685659569;2.504520891;0.270429673;-0.744762867;-0.021674474;0.205717438;0.571282555;0.032277568;0.119103606;jog;49;
109.095;-2.014325212;-1.1065304;0.65071183;-2.01235358;6.136668468;1.837296096;-1.047842027;-0.162142853;0.512012059;-0.178656312;6.525525565;0.262915689;-0.555835651;-0.070488968;-0.108757575;-0.319397116;-0.177326582;0.105653221;-0.724671006;-0.159015096;0.385674762;0.740278388;0.132712648;-0.512955661;jog;49;
109.195;-2.127606235;-0.683534271;0.251182904;1.043975836;-1.490165817;-0.954553749;-1.614962213;-0.021967405;0.231867079;0.937454224;-1.248142396;0.026179407;-1.172125361;-0.001615513;-0.756719749;0.892423571;-0.096727549;0.280345743;-1.218249396;0.031359274;0.302960849;0.489991606;-0.033211099;0.129325914;jog;49;
109.295;-0.76392525;-0.62257163;1.19150237;0.234993748;-0.862637984;-0.33440927;-0.819077253;0.06487939;0.911745853;0.311170336;-2.729202671;0.18457864;-1.177576172;0.04306688;0.389465003;0.181697824;-1.165052124;0.305600342;-1.178572238;-0.091516039;0.16006723;-0.147616677;0.088516762;0.637094335;jog;49;
109.395;-0.156829091;-0.263798136;0.950728982;-0.114725479;-0.217618376;0.068423229;-0.98045965;0.091118884;0.40542349;-0.148987062;-1.065177795;0.114330118;-1.023240428;0.064378835;-0.082204506;-0.188960513;-2.656337505;0.040336362;-0.822018367;-0.067128281;0.208420842;-0.244698911;-0.266054942;-0.098178768;jog;49;
109.495;-0.208489639;-0.285092427;0.966723056;-0.392385603;-0.996484096;-0.084080914;-1.092719366;0.044990161;0.145214848;-0.946261237;-1.228454295;0.051179529;-0.953713277;0.034608795;-0.230408493;-0.914392491;-2.34883859;-0.256745559;-0.833547676;0.105103653;0.157138178;-0.617336945;0.019324161;0.192627673;jog;49;
109.595;-0.103729733;-0.073800208;1.044861451;0.695897496;-2.505794812;-0.660543508;-1.287237446;0.018373153;-0.135708916;-0.135103374;-2.065715858;-0.38773487;-1.099362143;0.191607912;-0.293888416;-0.022365537;-1.694111969;-0.40450048;-0.7853378;-0.040593423;0.495025033;-1.048031928;0.164844816;0.608056298;jog;49;
109.695;-0.35402055;-0.154624932;1.216872912;2.509805108;-7.233342235;-2.179685264;-1.781255231;0.160361627;-0.44426805;0.858013428;-3.047613359;-0.782970325;-1.399037588;0.100494352;-0.906561723;1.127498897;0.962561373;-0.312409431;-1.342486702;0.015527425;0.209014015;-0.139041251;-0.246022937;-0.579164878;jog;49;
109.795;-1.538736533;-0.448190665;2.240316978;-0.618299561;-0.786412434;-0.605341447;-0.832075201;-0.062387315;0.777400589;-0.316668917;-0.889909393;0.23879417;-1.62786379;-0.280387614;-0.069041327;-0.379661821;3.884558703;-0.199200417;-1.09770489;-0.012770885;0.093552887;-0.098425029;-0.021702887;-0.303520021;jog;49;
109.895;-0.057916726;-0.415177143;0.732542664;-1.410241371;7.026242345;1.762641296;0.055809768;-0.180816647;0.543627006;-0.325513812;4.629203427;0.69058332;-0.888578249;-0.10423455;0.452417665;-0.76091619;2.999875661;-0.046515952;-0.715544807;0.034764757;0.179657076;0.117448188;0.104687034;0.337665553;jog;49;
109.995;-1.679671944;-0.992788321;1.052356774;-1.56521608;6.499131676;2.428135601;-0.849036772;-0.122479578;0.494813191;-0.296477879;7.046195496;0.2270395;-0.53247684;-0.074039088;0.059371493;-0.387056262;0.240612394;-0.015725415;-0.785592083;-0.152774882;0.390247201;0.503588654;0.302892165;-0.277172679;jog;49;
110.095;-2.393975196;-0.470052248;-0.080843339;-0.212987924;0.065132471;-1.166408933;-1.587568919;-0.049718949;0.207720543;0.762822787;0.270371599;0.100651985;-1.053588566;0.049108113;-0.791675944;0.717039235;-0.274959628;0.274578573;-1.004602492;0.030889255;0.512942548;0.577420857;-0.060102452;0.033142358;jog;49;
110.195;-1.038864823;-0.712440734;1.349745701;1.358456948;-1.69186595;-0.489502085;-0.973475439;0.08195317;0.750273528;1.123674298;-3.17297263;0.103189193;-1.204412438;0.059029615;0.234435686;0.964274413;-0.711834352;0.572933696;-1.274559619;-0.092337305;0.061528826;0.295352533;0.12611225;0.466042416;jog;50;
110.295;-0.152144481;-0.473719019;0.86538707;0.081055529;-0.038691105;0.060653643;-0.898451216;0.007720387;0.62433447;0.295379583;-1.255867049;0.200430241;-1.069566592;-0.040039679;0.076406065;0.154860946;-2.500133104;0.333179762;-0.886786076;-0.12405797;0.226830208;0.333158529;-0.296986356;-0.215309641;jog;50;
110.395;-0.167292084;-0.311947418;0.947161303;-0.981144369;-0.81033183;-0.282841513;-1.089923198;0.068311059;0.179847498;-1.161408745;-1.004677758;0.221144965;-0.961746931;-0.003728773;-0.236273798;-1.17419483;-2.584223706;-0.164083723;-0.785777836;0.058784753;0.19264445;-0.201595706;-0.171699882;-0.047542977;jog;50;
110.495;-0.197248515;-0.006547693;1.097192679;0.419264368;-2.066923339;-0.307260563;-1.268150617;0.017335898;-0.287529696;-0.337297108;-1.96980714;-0.206163;-1.043625529;0.25218772;-0.354461102;-0.278826315;-1.970901367;-0.28135374;-0.729359127;-0.023794055;0.449896922;-0.623318837;0.199004531;0.499005834;jog;50;
110.595;0.051218767;-0.223251436;1.123952308;2.770593489;-6.800076962;-2.413455344;-1.795380751;0.125199584;-0.49591073;1.249789047;-3.52846217;-0.787397338;-1.381007023;0.097325804;-0.920929318;1.483155147;0.962991392;-0.200857281;-1.341347349;-0.088539299;0.203360671;-0.163093098;-0.293319571;-0.456555813;jog;50;
110.695;-1.778243572;-0.645464394;2.047389224;0.29216946;-3.074320901;-0.576810552;-0.854142698;-0.070931131;0.907764082;-0.355869848;-1.468500063;0.115222395;-1.702775707;-0.298430112;-0.063444641;-0.285441527;3.762265792;-0.314953547;-1.171123398;0.009196269;0.134433263;-0.13144276;-0.054311177;-0.418854226;jog;50;
110.795;-0.017246162;-0.479218951;0.673124892;-2.60307885;6.566633341;0.520933833;0.09974547;-0.244045137;0.562609157;-0.603166173;3.731307063;0.788091591;-0.945875485;-0.174582839;0.354973447;-0.934140078;3.057412176;-0.338138108;-0.738694864;-0.063743145;0.165763802;0.191258945;0.040600945;0.15934379;jog;50;
110.895;-1.213615756;-0.751075956;1.128866475;-0.580267903;6.956524902;2.983652373;-0.498160942;-0.122399423;0.423293012;-0.39339481;7.018091102;0.141884524;-0.476918817;-0.059155369;0.245919462;-0.36494625;0.459416892;-0.223847627;-0.731702076;-0.061266472;0.324644207;0.402439466;0.095208072;-0.270633719;jog;50;
110.995;-2.518988267;-0.486349745;-0.043905003;-0.891750364;1.47405847;-0.031607762;-1.652738866;-0.000588049;0.192145071;-0.019473146;2.021560521;0.203227298;-1.01667353;0.078628111;-0.873785235;-0.064612537;-0.332692738;0.151481888;-1.012632537;-0.152591626;0.464744736;0.344508036;-0.027203835;-0.097501269;jog;50;
111.095;-1.275049523;-0.879919421;1.204579938;1.231721206;-2.016005529;-0.892874675;-1.056732112;0.001864941;0.692854717;1.1455373;-3.352925381;0.153067739;-1.160076116;-0.027187166;0.039078826;0.972929833;-0.411109057;0.60267409;-1.302928141;0.087854441;0.115668235;0.126229355;0.147306872;0.518773498;jog;50;
111.195;-0.201308465;-0.367563498;0.935422486;-0.068973435;-0.090784526;0.064414812;-0.875983823;0.060154952;0.728806378;0.185641638;-1.4563939;0.262802409;-1.141275205;0.040260097;0.178857829;0.017947203;-2.545199651;0.32905253;-0.960142961;-0.200589771;0.207235716;0.034374067;-0.201570017;0.014991574;jog;50;
111.295;-0.178395799;-0.281665776;0.948981647;-0.689926032;-0.885490566;-0.092595284;-1.079075521;0.075482638;0.165883164;-0.949975456;-1.000906638;0.272327833;-0.946309713;0.010090267;-0.263803097;-0.988722653;-2.648082108;-0.080189345;-0.748304469;0.079804548;0.127999684;-0.44337262;-0.172880999;-0.019313734;jog;50;
111.395;-0.202423564;-0.156016281;1.035301518;0.050903698;-2.063408584;-0.451806375;-1.232383029;-0.02975204;-0.07801742;-0.589880731;-1.774147229;-0.115645577;-1.037937725;0.147536811;-0.256177181;-0.540151473;-2.191507998;-0.272267731;-0.799899294;0.054838959;0.365035224;-0.74951847;0.338741076;0.612025372;jog;50;
111.495;0.093585698;-0.116014473;0.939238057;1.378773076;-6.477566842;-2.276518844;-1.663406992;0.068816519;-0.622005344;0.729261722;-3.1454753;-0.773153169;-1.242718165;0.12368967;-0.909962246;0.975351552;0.188508944;-0.446977177;-1.096090741;-0.054943296;0.360469665;-0.43860327;-0.24220051;-0.145222473;jog;50;
111.595;-2.039782072;-0.035784673;2.252673279;0.694752756;-4.65565672;-0.190958532;-1.182520644;0.169558652;0.661441923;-0.115100425;-2.017283028;-0.135041907;-1.744007255;-0.083118211;-0.211939039;0.003365144;3.422959806;-0.238630411;-1.337861354;-0.040230589;0.081144466;0.098094867;-0.0926287;-0.772324511;jog;50;
111.695;-0.384148913;-0.345778571;0.859472452;-1.491013738;6.598713003;1.291607693;-0.032964442;-0.180689214;0.696636418;-0.10390153;3.131423707;0.707838872;-1.121593482;-0.196725667;0.32347626;-0.69869169;3.345142504;0.156661093;-0.807401275;0.055011882;0.123806634;0.370431324;-0.01568389;0.047635727;jog;50;
111.795;-0.75654942;-0.770993878;1.010186157;-1.471561631;7.306663953;2.523416297;-0.405297541;-0.174451129;0.408447469;-0.230397352;6.862185487;0.422691667;-0.484906005;-0.09376589;0.335034043;-0.496040209;1.106664291;0.069254888;-0.704474661;-0.156073463;0.22227643;0.569996844;0.167975752;-0.227023331;jog;50;
111.895;-2.606469939;-0.68318271;0.067812114;-0.838533228;2.510071474;0.218838121;-1.586434455;-0.069590154;0.322636917;0.097589017;3.216788542;0.019585123;-0.913539889;0.047467347;-0.738588617;0.096388823;-0.11649524;0.000569241;-0.912114152;0.054499734;0.518787939;0.686196648;0.02003808;-0.437855085;jog;50;
111.995;-1.517297106;-0.805306463;1.108728284;1.563966756;-2.380239575;-0.995855974;-1.198688501;0.087301642;0.521156608;1.204918284;-3.355355726;0.098425014;-1.151185123;0.028267811;-0.180862279;1.061373696;-0.054167232;0.545760202;-1.341034839;-0.092944078;0.06344365;0.288255534;0.126384517;0.432269452;jog;50;
112.095;-0.262573394;-0.486780222;0.916953812;-0.023500973;-0.133849443;0.008950808;-0.773021555;2.86E-02;0.877317013;0.29881755;-1.967808185;0.288237058;-1.167749081;-0.007686996;0.249491429;0.077594884;-1.86942612;0.408211341;-1.035434301;-0.087241688;0.221245388;-0.220475955;-0.001597888;0.179244557;jog;50;
112.195;-0.200746744;-0.207697853;0.968743175;-0.873215136;-0.627362413;-0.079770062;-1.028061908;0.156251184;0.35405586;-1.008062843;-0.811898014;0.304996044;-1.002226136;0.109190205;-0.167712886;-1.036787216;-2.624953883;-0.204823905;-0.783360638;0.038805384;0.197784824;-0.896668958;-0.254842083;0.178386136;jog;51;
112.295;-0.26769012;-0.230093783;0.962494773;-0.408323816;-1.298529132;-0.10398982;-1.097142826;0.025138234;0.147185027;-1.110679393;-1.127895839;-0.01315534;-0.942823968;0.093963182;-0.188461144;-1.051070027;-2.544589935;-0.377257738;-0.774286986;0.210462282;0.229825348;-0.795384312;0.233116716;0.594989671;jog;51;
112.395;0.045658965;0.002032295;1.001760043;0.768766632;-3.480655965;-1.248664218;-1.421859549;0.004717583;-0.302542519;0.309653307;-2.2148144;-0.679429503;-1.200360169;0.197363435;-0.422562156;0.482010015;-1.469637039;-0.557713454;-0.90082492;-0.038102741;0.519683405;-0.62354879;-0.167775169;0.204619186;jog;51;
112.495;-1.143056461;-0.058880369;1.541390262;1.28874059;-7.849683356;-1.679129418;-1.739440094;0.151587974;-0.264372113;0.627967966;-2.870473035;-0.728942782;-1.500695836;-0.061584008;-0.797926171;0.909428935;1.782609883;-0.375098263;-1.36219223;-0.092076601;0.133518315;0.149805735;-0.165415523;-0.695213404;jog;51;
112.595;-1.061548522;-0.049685963;1.977371859;-0.61021072;2.215197226;1.180469666;-0.517956924;-0.041508291;0.80526478;-0.333824478;0.106810798;0.657490856;-1.52879765;-0.217740429;0.119345986;-0.757866397;4.085568257;0.000809365;-1.012294571;0.05187611;0.105871807;0.240156904;-0.126034865;-0.115028464;jog;51;
112.695;-0.187542686;-0.532187728;0.808504516;-1.398784248;7.775817635;2.37723317;-0.057653391;-0.177034875;0.483002359;0.0823006;5.757202311;0.723372767;-0.75678792;-0.078434563;0.519869464;-0.610805;2.498176772;0.378513033;-0.697707933;-0.120193358;0.180131725;0.377589774;0.027354756;0.155163674;jog;51;
112.795;-2.019309162;-1.099268398;0.741627485;-1.760386946;5.355393228;1.378254158;-1.220550826;-0.180834271;0.459412251;-0.065478023;6.306392875;0.081319824;-0.591936873;-0.062949329;-0.262457759;-0.11759615;0.170355807;0.013341852;-0.78296926;0.026596007;0.412217684;0.579826964;0.215411814;-0.439549382;jog;51;
112.895;-2.279414951;-0.67603732;0.345716596;1.168371368;-1.725532581;-1.414492053;-1.548806059;0.062335164;0.364945502;1.227553919;-1.706763958;-0.056453747;-1.168466825;0.029353599;-0.634611916;1.183393765;0.172585232;0.303046378;-1.245778792;-0.03757384;0.280875266;0.645740237;-0.0848461;0.027022567;jog;51;
112.995;-0.672212027;-0.596021778;1.137622536;0.438801759;-0.677221523;-0.17875469;-0.760934909;0.046238024;1.001080261;0.602897444;-2.635826507;0.271710975;-1.221378982;0.011089175;0.436945283;0.368247867;-1.37956617;0.542899117;-1.209882795;-0.098867883;0.120740183;0.301453932;0.147822982;0.432923987;jog;51;
113.095;-0.122751482;-0.375088514;0.905935107;-0.513119507;-0.343154911;-0.020706497;-0.995805688;0.06769629;0.452293658;-0.433064373;-0.85265513;0.279501513;-1.031067419;-0.00255999;-0.094368885;-0.523102138;-2.814083934;0.066810193;-0.810363973;-0.083676813;0.175817059;-0.202725314;-0.179621584;-0.112750591;jog;51;
113.195;-0.262688124;-0.182457399;0.966608345;-1.204093781;-1.09440826;-0.294869715;-1.102191883;0.093956715;0.094610655;-1.656168996;-0.999698768;0.117572665;-0.94651176;0.104857413;-0.196698205;-1.623994147;-2.543997719;-0.369477213;-0.743278108;0.113316409;0.206465019;-0.739788147;0.032211075;0.474886284;jog;51;
113.295;-0.102942453;0.039288976;1.090078248;0.893311448;-2.537189758;-0.533235166;-1.348317435;0.022521111;-0.314092456;0.290495352;-2.125029808;-0.519969001;-1.13977504;0.25910392;-0.372510749;0.398119122;-1.645615299;-0.434378923;-0.876774873;-0.015329941;0.476939248;-0.863240796;0.053145158;0.422505784;jog;51;
113.395;-0.377430079;-0.134012975;1.177862408;2.233527019;-7.674229493;-1.980627905;-1.713367904;0.1454682;-0.439922751;0.975404502;-3.127182881;-0.810230688;-1.406309326;0.031132984;-0.83183515;1.23426052;1.145632289;-0.342191411;-1.295964234;-0.053963578;0.228694486;0.024786598;-0.23760997;-0.666325535;jog;51;
113.495;-1.619794345;-0.345889604;2.194309642;-0.073876798;-0.432081292;0.45699222;-0.771266571;-0.002721907;0.765878389;-0.206623024;-0.820641923;0.190525121;-1.56207817;-0.213872555;0.003408302;-0.286333359;3.800938999;-0.114995344;-1.060038898;0.035278986;0.090868445;0.123515816;-0.13253284;-0.385675425;jog;51;
113.595;-0.028553813;-0.358901453;0.642421946;-1.870429562;7.096742519;1.79347205;-0.010004346;-0.178359305;0.548800635;-0.176923093;4.454331152;0.730937751;-0.891691287;-0.141596378;0.41527158;-0.738531443;2.929372706;0.135778351;-0.756073333;-0.083957612;0.135892159;0.384713231;-0.035452453;0.086022359;jog;51;
113.695;-1.451818106;-1.108850354;1.094558902;-1.80395863;6.315337167;2.123722183;-0.872861669;-0.19534563;0.486234146;-0.395987096;6.96420953;0.285569251;-0.548509887;-0.108138934;0.042954472;-0.520261136;0.326787253;-0.019530195;-0.777534952;-0.052644269;0.371144989;0.553906879;0.209345238;-0.294707992;jog;51;
113.795;-2.540241908;-0.543016253;-0.019347497;0.545991664;-0.395082231;-0.76624687;-1.656191627;0.001215954;0.242205593;0.77054538;0.088198041;-0.050486838;-1.120109878;0.089932261;-0.787402654;0.757697158;0.011015625;0.142400109;-1.123642952;0.018176873;0.348603724;0.609377834;-0.062488758;-0.028957981;jog;51;
113.895;-1.009087142;-0.725843545;1.237881731;0.784132056;-1.258538693;-0.461880173;-0.872387429;0.087757549;0.998564281;0.741851541;-2.983584085;0.187846831;-1.235243797;0.027510929;0.419772388;0.570926958;-0.929770886;0.493185373;-1.2949767;-0.113448214;0.100701724;0.1187975;0.133884241;0.674510599;jog;51;
113.995;-0.096773224;-0.404675656;0.903053467;-0.410375708;-0.242539584;-0.028156157;-0.990932649;0.048404434;0.475398128;-0.281124971;-0.982504855;0.229222776;-1.044787379;-0.028024399;-0.060303639;-0.364367928;-2.889040078;0.106542094;-0.845163812;-0.11324875;0.199031816;-0.055916308;-0.142794624;-0.23366714;jog;51;
114.095;-0.260198364;-0.156562659;0.97838756;-1.041672012;-1.034826259;-0.260318083;-1.09192488;0.073638285;-0.012015939;-1.436014861;-1.19651141;0.089230137;-0.917497256;0.102793971;-0.251386619;-1.407974055;-2.451145805;-0.312351488;-0.746318034;0.125519058;0.122454447;-0.558675152;0.142815563;0.29344906;jog;51;
114.195;-0.119667777;-0.062286757;1.065389572;0.863115297;-2.330791809;-0.455533557;-1.278015484;0.004133762;-0.153982875;0.176824159;-2.192210311;-0.461018519;-1.101707133;0.184463384;-0.266954351;0.279659718;-1.634535881;-0.400556293;-0.783848012;-0.054432818;0.530623289;-0.882609979;0.17178661;0.562619992;jog;52;
114.295;-0.274458901;-0.110023396;1.177198117;1.95133392;-7.238492058;-2.097858365;-1.733831051;0.127530438;-0.462228979;0.865884986;-3.155794908;-0.833836308;-1.37882042;0.091537953;-0.839146707;1.145387749;1.023771392;-0.374195505;-1.348485817;-0.031030829;0.146487129;-0.238563874;-0.298836739;-0.470679145;jog;52;
114.395;-1.536493614;-0.269508217;2.133705424;0.294080892;-1.308811339;0.261526566;-0.746150728;0.026839853;0.822767261;-0.065766854;-1.027693932;0.014329353;-1.599843672;-0.212595597;0.023941634;-0.056191723;3.681610481;-0.111114366;-1.104959455;-0.001612138;0.135035138;0.135296747;-0.030798268;-0.322603492;jog;52;
114.495;-0.10658566;-0.342064811;0.637510564;-1.756174693;6.511973829;1.845845867;0.022558156;-0.151662816;0.557203645;-0.318462565;4.164011565;0.761896357;-0.87692788;-0.128257747;0.394525149;-0.8246741;2.688384106;0.013647028;-0.744252259;-0.078224635;0.167206763;0.456629984;-0.034367039;0.003652571;jog;52;
114.595;-1.19636617;-0.933907711;1.129917917;-1.725446502;6.407690939;2.164247608;-0.766390365;-0.152377833;0.417677622;-0.296401785;6.743634023;0.308333599;-0.544677365;-0.105433634;0.090324809;-0.444456199;0.464315773;0.039229094;-0.708741167;-0.10419345;0.307565385;0.464531148;0.08351076;-0.304962027;jog;52;
114.695;-2.455972307;-0.524497791;-0.060267707;-0.406846684;0.622711789;-0.606522784;-1.629816454;-0.04767367;0.197209574;0.356384146;1.186671723;0.09081255;-1.056040463;0.096026718;-0.801933296;0.326641131;-0.028639354;0.15173445;-1.091875035;-0.019743498;0.442887969;0.623934605;-0.164384134;-0.187396527;jog;52;
114.795;-1.15369699;-0.831912899;1.232645762;1.129174611;-1.721553835;-0.598144762;-1.001316834;0.020345897;0.874019618;0.934613373;-3.057551416;0.128781704;-1.22753258;-0.066940661;0.255899075;0.799066621;-0.683113352;0.476277644;-1.342647774;-0.021543028;0.071641864;0.194313058;0.167206525;0.510006837;jog;52;
114.895;-0.140630189;-0.325878681;0.920753128;-0.862575782;-0.169267199;-0.130666074;-0.951223886;0.093836572;0.529532276;-0.627631287;-1.134104091;0.236851405;-1.051033101;0.037154041;0.043726095;-0.677211945;-2.591737559;-0.046562411;-0.861439851;-0.229482009;0.212066762;-0.284148213;-0.192095208;0.013781832;jog;52;
114.995;-0.286025236;-0.027601059;0.986186647;-0.774429906;-0.714791757;0.274115076;-1.033474127;0.154980922;0.000174074;-1.385256653;-1.05709246;0.09320382;-0.884516836;0.126431485;-0.270173348;-1.35458062;-2.361128879;-0.308714408;-0.737629634;0.1122351;0.120717475;-0.880787927;-0.029881763;0.114829887;jog;52;
115.095;-0.158254819;-0.10845211;1.107813285;0.779350563;-1.686748754;0.216639727;-1.268930274;-0.075517338;-0.086869715;-0.159767416;-1.982371997;-0.350927525;-1.093914416;0.136824524;-0.209361666;-0.076872897;-1.899595285;-0.377170741;-0.821759927;0.102633752;0.453038731;-0.955605651;0.385185919;0.681930803;jog;52;
115.195;0.224428141;-0.053304069;1.012468066;2.290058738;-6.384569167;-1.881108014;-1.703434858;0.10702364;-0.541886147;1.02762411;-3.072131308;-0.858253214;-1.356055686;0.113267307;-0.827228986;1.271522445;0.185215447;-0.428984765;-1.24459549;-0.019208459;0.351598745;-0.250134368;-0.254086725;-0.257774768;jog;52;
115.295;-1.878249829;-0.292333218;2.211762702;0.489934341;-4.397880805;-1.360785717;-1.153253393;0.102840156;0.518412437;0.015016733;-1.910727897;-0.186172614;-1.578404246;-0.146903237;-0.254195429;0.135910545;3.455404418;-0.181976529;-1.154658793;-0.039272654;0.085317744;0.234727924;0.010932352;-0.517180729;jog;52;
115.395;-0.267467664;-0.237691743;0.897399175;-1.311751042;6.472581647;1.513370875;-0.024470014;-0.130866027;0.653602112;-0.23295058;3.118896191;0.812037461;-1.083186991;-0.182966728;0.314901022;-0.840171517;3.352365476;0.09263362;-0.799215845;-0.010285693;0.173987642;0.483042131;0.006718653;0.021958526;jog;52;
115.495;-0.810591649;-0.815247626;1.126803869;-1.51160829;6.928970825;2.675225262;-0.4751396;-0.151671271;0.401553022;-0.256775972;6.89490891;0.557923383;-0.518447722;-0.070359977;0.317512411;-0.604958109;0.989450883;0.140890036;-0.680205022;-0.181869335;0.28146647;0.617388035;0.188525329;-0.283661243;jog;52;
115.595;-2.533440229;-0.636595831;0.092746534;-1.57687931;2.683744642;-0.3770564;-1.599549385;-0.076771633;0.261662495;0.077775703;3.250796068;0.186564704;-0.949464451;0.077904692;-0.729138754;0.029293609;-0.196946086;0.14477068;-0.966144696;0.071728775;0.554431805;0.809486487;-0.138387393;-0.400862861;jog;52;
115.695;-1.324063025;-0.829982747;1.098965182;1.974073218;-2.598602536;-1.21372914;-1.27422861;0.030959621;0.428785055;1.699530249;-2.991103857;0.056247727;-1.217271407;-0.01620304;-0.201837777;1.59203046;-0.293526534;0.572843545;-1.356327505;-0.109839989;0.142254585;0.186557544;0.039745517;0.638494437;jog;52;
115.795;-0.323770908;-0.467883902;0.964393116;-0.198025912;-0.214064735;-0.064855291;-0.857437923;0.064877713;0.682934812;0.082457624;-1.601392694;0.267737998;-1.077617587;0.013886377;0.198384913;-0.050448136;-2.025124099;0.281014248;-1.010641103;-0.196072372;0.136740804;-0.048378769;-0.076411583;0.165077204;walk;52;
115.895;-0.189388923;-0.226513122;0.924954458;-0.903039603;-0.346571399;-0.084715725;-0.977394128;0.080502335;0.111651007;-0.891547536;-0.955522183;0.196223651;-0.879596656;0.034462636;-0.236599937;-0.906987717;-2.215944308;-0.119724312;-0.749077507;0.026989528;0.124528565;-0.690589932;-0.066379042;0.072566253;walk;52;
115.995;-0.252667088;-0.069728823;1.045628228;-0.57722477;-0.632521019;0.117898066;-1.092610072;0.064676448;0.04088183;-1.118156848;-1.363003563;0.000645458;-0.964118743;0.114616121;-0.185944124;-1.082579431;-2.013818482;-0.286542846;-0.807253894;0.03063622;0.305386555;-0.930214785;0.499453457;0.690973138;walk;52;
116.095;0.044915142;-0.037860149;1.136006851;1.220547238;-2.37552865;-0.417532754;-1.367821961;3.79E-02;-0.15855644;0.53520775;-2.421642475;-0.546933551;-1.176313418;0.224455141;-0.334084072;0.667194562;-0.917963577;-0.353626165;-0.933130087;-0.012456359;0.522048476;-0.717436984;-0.189602528;0.020080238;walk;52;JOG
116.195;-0.339808117;-0.163591887;1.025724592;1.536089931;-7.139857482;-2.000087554;-1.479508648;0.043252177;0.058283701;0.510420406;-2.785289737;-0.683211483;-1.388941418;-0.106818727;-0.486317392;0.806001313;1.273356517;-0.354124366;-1.342165576;-0.033718033;0.116548798;0.277550505;-0.178700827;-0.778811357;walk;53;WALK
116.295;-1.314273355;-0.39569231;1.68884447;0.319333095;-1.035354501;1.783850908;-0.549850007;-0.087075454;0.710895406;-0.670069292;-0.495871567;0.378475647;-1.283409795;-0.242297768;0.046212508;-0.686356585;3.203119749;-0.39320411;-0.934743911;-0.039691057;0.094459212;-0.097299168;-0.047154258;-0.031311359;walk;53;
116.395;-0.126212728;-0.263674772;0.593847419;-2.297306395;5.410964509;1.581476079;-0.171556248;-0.081872197;0.559253275;-0.296704028;3.559622391;0.733454172;-0.924874402;-0.041916619;0.215297639;-0.786050743;2.360316056;0.02810711;-0.830046019;-0.096024844;0.243364874;0.316592522;0.006569424;0.059722137;walk;53;
116.495;-0.989671122;-0.788987513;0.899969566;-1.713272258;5.304583178;1.66829004;-0.748729178;-0.137820576;0.455435736;0.077076671;5.658784815;0.259514866;-0.635442959;-0.060451384;0.017871318;-0.135025797;0.450245672;0.21124111;-0.813550659;-0.065086829;0.310667068;0.319059705;0.106790229;-0.175188136;walk;53;
116.595;-1.834546406;-0.540549906;0.221283679;-1.072605254;1.751144624;-1.141872247;-1.388670314;-0.077798745;0.285168016;0.669164461;1.978322187;0.052227931;-0.938613491;-0.049436761;-0.626637126;0.61622662;-0.246744348;0.26171295;-0.921472299;0.003207275;0.487221001;0.647783792;-0.050016555;-0.143376787;walk;53;
116.695;-0.912783988;-0.649915058;1.038171495;1.22295313;-1.571891476;-0.723151638;-1.141361124;-0.035342634;0.3452628;1.121484473;-2.031156882;0.123633491;-1.096889524;-0.068871139;-0.247465701;0.99763643;-0.498297054;0.519328279;-1.220909143;-0.136220735;0.328610989;0.429930079;-0.088703885;0.210934541;walk;53;
116.795;-0.249780647;-0.41115599;0.928506976;-0.240005608;-0.122742093;-0.168426557;-0.906448612;0.024184977;0.411560841;0.161044605;-1.166253267;0.289118287;-1.004010559;-0.012188035;-0.011168727;0.021008176;-1.5037258;0.33300136;-0.903723896;-0.100641735;0.100689323;0.265945157;-0.247612963;0.034886106;walk;53;
116.895;-0.202996959;-0.255375207;0.952720472;-0.403791045;-0.164103556;-0.059656483;-0.99329687;0.060829027;0.155997753;-0.229868929;-0.765244306;0.206579478;-0.945927775;0.072999645;-0.210807393;-0.290647534;-1.535807176;0.108274996;-0.961762345;-0.039189456;0.152375907;-0.175134737;-0.187221196;-0.176071543;walk;53;
116.995;-0.203719774;-0.240660963;0.951024399;-0.365329917;-0.289228524;0.001941719;-0.993864195;0.039000747;0.186768961;-0.467894903;-0.896213525;0.105181485;-0.951743154;0.028514493;-0.140513573;-0.478461513;-1.470486812;-0.039994778;-0.864040234;0.145617612;0.235876179;-0.258216713;0.079271638;0.014429487;walk;53;
117.095;-0.198373789;-0.179026714;1.050454067;-0.024916158;-0.86441191;-0.170047334;-1.137677529;0.021401767;0.128262734;-0.445696438;-1.16669893;-0.098241688;-1.062086947;0.122381425;-0.110170598;-0.406287293;-1.442539871;-0.210983562;-0.920700201;0.038614563;0.378659297;-0.371560174;0.320446875;0.53957131;walk;53;
117.195;0.055054257;-0.059139587;1.073920609;1.506811532;-2.791582061;-0.778738468;-1.377187046;0.09944977;-0.153816044;0.654729137;-2.117822642;-0.520457877;-1.197203726;0.176772152;-0.43652263;0.783568456;-0.357522248;-0.282968699;-1.086420754;-0.064912582;0.411495165;-0.271391866;-0.071664247;-0.20937269;walk;53;
117.295;-0.664289605;-0.305001808;0.927765646;1.923088404;-6.645086911;-1.630371972;-1.265199365;-0.009022326;0.214237932;0.074810925;-2.446458184;-0.37903142;-1.261677492;-0.163530169;-0.378907202;0.293577005;2.026967586;-0.31387919;-1.072853433;-0.069142776;0.102056584;-0.258006367;-0.028056164;-0.41315344;walk;53;
117.395;-1.071802038;-0.615868866;1.299880562;-0.011898718;-0.107869778;1.479156896;-0.39763447;-0.115170504;0.762867507;-0.55327675;-0.156754732;0.415793689;-1.216397555;-0.179746269;0.090496439;-0.640308095;2.918082317;-0.290463576;-0.975709298;0.029542741;0.128758329;0.022484259;0.032495094;-0.017812186;walk;53;
117.495;-0.178087912;-0.487113677;0.506364484;-2.239756625;5.04262874;1.786638356;-0.19446148;-0.192809929;0.598118894;-0.26706389;3.620902978;0.410528454;-0.902441579;-0.12680045;0.194851434;-0.484902142;1.788878383;-0.07421454;-0.849713722;-0.147217648;0.264513234;0.135443826;0.095672119;0.125459725;walk;53;
117.595;-1.060290785;-0.889648937;0.684709702;-1.867672969;4.702687604;1.725674562;-0.848971363;-0.15825137;0.494542829;-0.1011521;5.051036733;-0.021189357;-0.710839318;-0.106649284;-0.100400665;-0.062079668;0.09374916;-0.096922487;-0.882391561;-0.086664955;0.305494062;0.124090021;0.1103641;-0.121748981;walk;53;
117.695;-1.488181955;-0.507303808;0.285230395;-1.521671241;1.590098412;-0.870447137;-1.235888406;-0.060969375;0.293887699;0.002084642;1.713369879;0.033696962;-0.912031619;-0.093721091;-0.523942051;-0.003750236;-0.429128142;0.029422003;-0.891360475;-0.065717886;0.429618186;0.2744679;0.011727869;-0.069490877;walk;53;
117.795;-0.653423121;-0.436058199;1.031684158;0.768932671;-1.415197374;-0.289366784;-1.179499683;-0.070158607;0.071821077;0.507999677;-1.422623969;0.207165211;-1.066183558;-0.07602091;-0.405673876;0.409986574;-0.447100917;0.364059706;-1.1261313;-0.122044946;0.372935963;0.141417774;-0.138030625;0.262579;walk;53;
117.895;-0.339271046;-0.398443622;0.937461133;-0.029997578;-0.209984966;-0.133329498;-0.922068506;0.006211741;0.29648395;0.306292997;-1.145911547;0.307920743;-0.958090858;-0.006423353;-0.090955938;0.163212362;-1.11070086;0.402502919;-0.95105182;-0.02614748;0.149865352;0.149898818;-0.112933936;0.09421786;walk;53;
117.995;-0.236871011;-0.298441224;0.931053401;-0.330962467;-0.097551522;-0.078578274;-0.973997562;0.056551772;0.26994647;-0.071816448;-0.81258584;0.21916438;-0.992944368;0.067981094;-0.090436274;-0.14806133;-1.142691378;0.177718141;-0.977255552;-0.02877679;0.122454043;0.114223418;-0.155564899;-0.109229102;walk;53;
118.095;-0.236935295;-0.260933205;0.928938026;-0.52930069;-0.210161561;-0.153330313;-0.982340699;0.057108695;0.246221731;-0.460872457;-0.565631246;0.116895574;-0.977405779;0.050039384;-0.092776142;-0.475463683;-1.276992957;-0.033076964;-0.919430047;0.027139337;0.218697389;-0.133558368;-0.068733037;-0.168038409;walk;53;
118.195;-0.25643512;-0.171183348;0.979337144;-0.296715185;-0.423315937;-0.017945282;-1.032884239;0.043122166;0.195366103;-0.577458672;-0.729574549;-0.009047148;-1.004321117;0.054199423;-0.082518105;-0.556159157;-1.241272759;-0.157182669;-0.956178194;0.145368482;0.24216956;-0.219400596;0.086859725;0.159628689;walk;54;
118.295;-0.269039993;-0.169409725;1.019592092;0.368608866;-1.040489894;-0.153245248;-1.113376505;0.000397059;0.13557674;-0.138584418;-1.075825478;-0.261066584;-1.055262899;0.135283502;-0.042628758;-0.077074025;-1.130624805;-0.285963791;-0.899114225;0.027661182;0.422207961;-0.202309998;0.176776153;0.335654073;walk;54;
118.395;-0.023038898;-0.040625274;1.023616953;1.857881014;-2.942137435;-0.705354558;-1.344847118;0.106918505;-0.146255421;0.870029076;-1.968711217;-0.597955379;-1.203939436;0.121211051;-0.408819641;1.006004786;0.018967608;-0.30701799;-1.155750152;-0.104855279;0.298445531;-0.281935565;-0.064732756;-0.242920478;walk;54;
118.495;-0.823440989;-0.376419545;0.885911677;2.333578418;-6.024439719;-1.060560823;-1.117042073;-0.007418287;0.306860996;0.048150562;-2.27329879;-0.249741896;-1.176596504;-0.179956002;-0.282801104;0.19484226;2.32599847;-0.228861781;-0.978841329;-0.042445882;0.081418233;-0.395410166;0.043742316;-0.157242546;walk;54;
118.595;-0.906349891;-0.718372828;1.160514579;-0.433135958;0.481861853;1.318308469;-0.39571914;-0.11512438;0.72906299;-0.462668893;-0.010845589;0.49780407;-1.168702854;-0.162791436;0.069238634;-0.667348163;2.72145049;-0.165854694;-0.953357493;0.020664074;0.192553824;0.047852222;0.162657775;-0.008816503;walk;54;
118.695;-0.123488634;-0.436346721;0.599585585;-2.950803647;5.066151335;0.829219931;-0.289691427;-0.164833919;0.539450177;-0.233687547;3.573349279;0.480382284;-0.877977377;-0.123127672;0.10147739;-0.534576676;1.659975054;0.002876258;-0.848862643;-0.105105588;0.307224154;0.232005953;0.148394911;0.015062685;walk;54;
118.795;-0.882743126;-0.848577391;1.029091348;-1.896684294;4.738332604;1.71112469;-0.89183622;-0.126453065;0.382193417;-0.348706823;5.38755427;0.241966184;-0.728642142;-0.100207645;-0.126576209;-0.429773232;0.038588074;-0.039953603;-0.834880112;-0.071589208;0.369622651;0.311580223;0.068163248;-0.15325751;walk;54;
118.895;-1.674055666;-0.406381625;0.2579993;-1.426433315;1.706923154;-1.17326256;-1.346502832;-0.092742372;0.084112333;0.284439123;1.854390108;0.0907321;-0.926753008;0.012270564;-0.644290732;0.256226326;-0.289803271;0.130033696;-0.946626053;-0.069818651;0.459572168;0.541855682;-0.063821782;-0.120468395;walk;54;
118.995;-0.666353862;-0.525393034;1.044326335;1.433467057;-1.783436275;-0.429733657;-1.157614308;-0.028583644;0.12376242;1.076807394;-1.78331452;0.155621791;-1.072587872;-0.097927761;-0.364816246;0.985843871;-0.394741394;0.447448418;-1.151868094;-0.174882661;0.414133929;0.245661898;-0.075892465;0.21981628;walk;54;
119.095;-0.359840319;-0.412966715;0.945550285;-0.205283078;-0.269387543;-0.202721477;-0.913293925;0.032909335;0.341435499;0.165569388;-1.251244594;0.326816924;-0.970088822;0.004870849;-0.02058737;0.034992258;-1.170848163;0.364381254;-0.90704915;0.003853588;0.114092311;0.027028045;-0.131569178;0.172285338;walk;54;
119.195;-0.243856745;-0.252266928;0.947943175;-0.424375655;-0.10485865;-0.08271922;-0.983321431;0.070585518;0.187951169;-0.170372006;-0.884296317;0.21540791;-0.961879497;0.093095203;-0.148027595;-0.234835595;-1.238403523;0.143369137;-0.988689161;-0.064486644;0.160438004;-0.017476467;-0.192674887;-0.049661382;walk;54;
119.295;-0.236843297;-0.216105231;0.947437288;-0.31016635;-0.162717227;-0.00746212;-0.976619077;0.054050937;0.167329568;-0.310012114;-0.840404871;0.092133421;-0.943455363;0.060114426;-0.137312;-0.323804481;-1.321538018;-0.005678445;-0.879046464;0.038881598;0.237919958;-0.242037978;0.037137983;-0.106360341;walk;54;
119.395;-0.22956909;-0.205436831;0.992771698;-0.163608907;-0.435232529;-0.022368593;-1.046553722;0.035588654;0.214764518;-0.43220552;-1.029554996;-0.011217734;-1.008049133;0.060435687;-0.075047357;-0.414382615;-1.334157902;-0.124822307;-0.925298736;0.112740719;0.292644519;-0.366419454;0.29637752;0.424600701;walk;54;
119.495;-0.169566407;-0.098693868;1.08222326;0.971411055;-1.480231347;-0.180109192;-1.202101523;0.096245751;0.054418138;0.296008952;-1.672536072;-0.32433188;-1.106288232;0.202321616;-0.191894391;0.374833687;-0.787685209;-0.221910665;-0.943821874;-0.129853024;0.485982039;-0.438076151;0.021322082;0.091615192;walk;54;
119.595;0.005220392;-0.201097249;0.855418977;1.622034069;-4.63331541;-1.440824531;-1.319321441;0.005739253;0.073276339;0.239121032;-2.335339492;-0.458056844;-1.19808376;-0.036207078;-0.399629069;0.426956481;0.597286256;-0.315515955;-1.126979107;0.018914899;0.263202246;-0.376170916;-0.090417564;-0.423884749;walk;54;
119.695;-1.304755207;-0.395189139;1.090383375;1.469595986;-5.170170409;-0.509539683;-0.830990772;-0.008817459;0.561269208;-0.319145036;-1.644185916;-0.090409954;-1.183284082;-0.12121831;-0.082836937;-0.155249933;2.244293123;-0.31646875;-1.00436935;0.008083387;0.093939789;-0.076001209;-0.021947807;-0.183182156;walk;54;
119.795;-0.605781451;-0.493516495;0.877911983;-1.359413378;3.265584395;1.571407143;-0.337169507;-0.118949999;0.681250163;-0.271567142;1.152837681;0.379405693;-1.101327214;-0.135487795;0.059384318;-0.461945204;2.333354148;-0.078569098;-0.88689896;-0.067257673;0.212910523;0.188966662;-0.021899562;0.059501744;walk;54;
119.895;-0.218200036;-0.463601102;0.641523021;-1.713227623;5.097407693;2.017919157;-0.372664127;-0.154949355;0.531039564;-0.184749282;4.295481489;0.255666908;-0.812585934;-0.108559078;0.123385851;-0.315831259;1.275399077;-0.032433523;-0.879550401;-0.125376313;0.265498572;0.073341155;-0.070092041;0.0582911;walk;54;
119.995;-1.107577578;-0.837841755;0.96664841;-2.547003405;4.080208932;0.464098409;-1.07829037;-0.080854352;0.351093517;-0.37069658;5.077440808;0.16406939;-0.769204844;-0.096663879;-0.28195399;-0.403636072;-0.227874566;-0.040406515;-0.894306476;-0.0194665;0.346933424;0.269958353;-0.002822686;-0.105557937;walk;54;
120.095;-1.510151389;-0.319223586;0.291446025;-0.68616465;0.055105384;-1.213692704;-1.316280178;-9.24E-02;0.052622079;0.330258427;0.477155127;0.131904758;-0.985081043;-0.018480595;-0.620674264;0.295136336;-0.33698022;0.190498395;-1.037016981;-0.062582062;0.405160736;0.481157167;0.059176388;0.000682828;walk;54;
120.195;-0.632794895;-0.378086121;1.199349865;0.921315026;-1.291365679;-0.100974772;-1.06235918;0.021371168;0.234620412;0.734585977;-1.764659255;0.203375591;-1.07374624;-0.007957965;-0.118183389;0.639854423;-0.553324583;0.410039282;-1.106040422;-0.096695031;0.244226287;0.408647096;0.124296978;0.193236483;walk;55;
120.295;-0.25007256;-0.347804277;0.911723904;-0.391155935;-0.118464511;-0.148443072;-0.939226838;0.030633673;0.288283208;-0.039273401;-1.006211129;0.265657595;-0.968755666;-0.002074934;-0.065458761;-0.128111371;-1.123498736;0.237254966;-0.905299342;-0.077777061;0.148374455;0.380197096;-0.098839484;-0.079903163;walk;55;
120.395;-0.236753203;-0.182540721;0.949933831;-0.708081193;-0.145966554;-0.133762477;-0.984602602;0.069405557;0.184139826;-0.555601747;-0.681170089;0.168955439;-0.963454648;0.065347058;-0.136209024;-0.581640715;-1.219686941;-0.009289262;-0.946399078;-0.029517072;0.238595952;-0.188813335;-0.067206284;-0.10236076;walk;55;
120.495;-0.267736213;-0.058279429;0.975415763;-0.461548513;-0.129904188;-0.030574497;-0.985763119;0.059292471;0.115188665;-0.573848942;-0.749508531;0.012780233;-0.948349024;0.092250284;-0.11234831;-0.558113685;-1.213893057;-0.136281506;-0.85797206;0.084328269;0.274508861;-0.297100178;0.048584718;0.112964621;walk;55;
120.595;-0.263612898;-0.053283237;1.016300806;0.128600705;-0.298400607;0.125701988;-1.037523114;0.048576892;0.143049641;-0.227879877;-1.005936963;-0.151529273;-0.997776466;0.115707007;-0.056461648;-0.188184935;-1.11524015;-0.199224323;-0.882623951;0.04358731;0.341756694;-0.396300598;0.142474421;0.448722211;walk;55;
120.695;-0.109590147;-0.070237351;1.11661136;1.364720479;-1.435772565;-0.04454567;-1.268604102;0.068420953;0.081822807;0.762533773;-1.628999854;-0.504135504;-1.184984578;0.177741517;-0.169881598;0.86889418;-0.573160767;-0.275999819;-1.112315522;-0.023086638;0.428545859;-0.304853614;-0.094716128;-0.046439681;walk;55;
120.795;0.064080178;-0.135093675;0.833555744;1.876841069;-5.101858257;-1.281694405;-1.339353497;0.033659178;-0.038955524;0.420716275;-2.385183996;-0.514563173;-1.168718001;-0.084243445;-0.526372908;0.616589905;0.990492662;-0.301909116;-1.020341313;-0.037761225;0.27142634;-0.213817945;-0.017942168;-0.314088466;walk;55;
120.895;-1.420948503;-0.428915793;1.117570408;1.951128232;-5.354182391;0.224138367;-0.765311737;-0.011470566;0.61801816;-0.439389645;-1.492691984;0.113990923;-1.19745371;-0.13198009;-0.079653424;-0.37596698;2.654061363;-0.292455381;-0.98857884;-0.046615777;0.111392412;-0.027278949;-0.067657674;-0.178335251;walk;55;
120.995;-0.487017306;-0.621800855;0.732028992;-1.655542235;3.631557336;2.429412032;-0.270434749;-0.131533277;0.640380987;-0.15083804;1.58833691;0.439711015;-1.050739304;-0.112627907;0.059775279;-0.464886605;2.184112545;0.041431;-0.923248611;-0.061430669;0.255667314;0.194243486;0.123830806;0.001858537;walk;55;
121.095;-0.233138328;-0.576984204;0.686069926;-2.753005634;5.247834565;1.487349644;-0.428493414;-0.172575585;0.448088695;-0.002102207;4.730502574;0.151234633;-0.723711673;-0.107292359;0.108083184;-0.132241597;0.771818852;0.068952346;-0.805472824;-0.12562106;0.326620322;0.20850978;0.050210917;-0.084918667;walk;55;
121.195;-1.370432439;-0.883455237;0.8373292;-2.905991926;4.009941873;-0.147622417;-1.24187146;-0.084900206;0.277749644;-0.374554126;4.719740991;0.076726681;-0.836320984;-0.13553545;-0.444040195;-0.372508424;-0.418766179;-0.059032747;-0.874009914;-0.044505061;0.381012228;0.24207377;-0.045744618;-0.189667472;walk;55;
121.295;-1.231176015;-0.255609453;0.395541207;0.046202691;-0.526993523;-0.871677786;-1.286971871;-0.093615963;-0.032671827;0.605186534;-0.393621631;0.136859716;-1.012247905;-0.010462729;-0.60269739;0.564103493;-0.209959046;0.259175333;-1.055714796;-0.097584635;0.453645733;0.278270285;-0.131441366;0.126337742;walk;55;
121.395;-0.539347953;-0.486384287;1.15716305;0.369735241;-1.294505684;-0.420853102;-1.020635226;0.006405779;0.29460767;0.362232182;-1.683253816;0.23289468;-1.039514043;-0.073838545;-0.117358255;0.273214216;-0.718247301;0.324210283;-1.108095168;-0.085723966;0.255099017;0.087678078;-0.064591396;0.253758792;walk;55;
121.495;-0.276009237;-0.171453879;0.965183526;-0.739149964;-0.190738608;-0.236088854;-0.960968796;0.068926127;0.185723361;-0.372428264;-0.999407562;0.263428956;-0.959636455;0.084423414;-0.094118473;-0.439206901;-1.26446665;0.124805526;-0.918681531;-0.042590217;0.089058601;0.032645837;-0.123142073;0.088606797;walk;55;
121.595;-0.279800582;-0.11992114;0.974552078;-0.0072378;-0.114912728;0.100451225;-0.984197631;0.064216191;0.125753244;0.00124536;-0.84251323;0.080073495;-0.952891566;0.106817369;-0.144954577;-0.02309792;-1.185878945;0.07584383;-0.941649999;0.015335269;0.190239005;-0.126242051;-0.049377018;-0.118576474;walk;55;
121.695;-0.243148544;-0.190582723;0.948258195;0.001416949;-0.132057839;0.062532795;-0.969214528;0.035318818;0.216386865;-0.106733635;-0.920136863;-0.02007939;-0.956210781;0.022847232;-0.079234264;-0.097503316;-1.172146287;-0.047703563;-0.896122782;0.070845413;0.238509228;-0.061606035;0.052438727;-0.064127949;walk;55;
121.795;-0.259016435;-0.138569892;0.998565922;-0.093394312;-0.407494455;-0.006925949;-1.026849468;0.0408003;0.246869765;-0.431107966;-0.97899067;-0.097322235;-1.009998407;0.084916238;0.009561208;-0.394500595;-1.238298595;-0.200502008;-0.867989264;0.017146461;0.357080761;-0.307589216;0.163813484;0.359361311;walk;55;
121.895;-0.075513816;-0.069513373;1.11424677;1.195444025;-1.644464672;-0.169806859;-1.313179877;0.061686979;-0.002016086;0.52638886;-1.594927814;-0.450393403;-1.205846698;0.168384654;-0.246891733;0.626641526;-0.630219669;-0.287861972;-1.137491227;-0.021113013;0.373631101;-0.234708273;-0.174328754;-0.182158794;walk;55;
121.995;-0.123836694;-0.259792239;0.842902404;1.427192218;-5.427267938;-1.763568712;-1.33985579;-0.048058222;0.007876187;0.330856867;-2.489714737;-0.543145947;-1.176547489;-0.13140451;-0.478904881;0.562398858;1.428898257;-0.349593234;-1.034917852;-0.061487515;0.160942097;-0.382571205;-0.028762229;-0.159230806;walk;55;
122.095;-1.280910458;-0.300832622;1.373136578;0.776270132;-3.523563808;0.638498277;-0.624982691;-0.026490673;0.682788267;-0.559068444;-1.297350157;0.131283224;-1.195489899;-0.174938175;-0.032794056;-0.438027968;2.76799199;-0.41198111;-0.973972125;0.018746082;0.14045372;-0.1760195;0.00871735;0.012012859;walk;55;
122.195;-0.206643778;-0.321687733;0.722526847;-1.506434787;4.005019054;1.986239515;-0.213849914;-0.105394083;0.586366427;-0.336634877;2.275529221;0.566710306;-0.995186617;-0.085488327;0.095621145;-0.65349174;2.001670948;-0.08362189;-0.90461023;-0.092037917;0.261531527;0.252030922;0.139326618;0.087323211;walk;56;
122.295;-0.47307939;-0.646163086;0.903035792;-1.969635097;5.05805674;2.069638111;-0.565491822;-0.111344918;0.4423824;-0.249416471;5.132980108;0.382818025;-0.727222983;-0.101037598;0.054871183;-0.461265577;0.48015822;0.045758252;-0.830821326;-0.136403584;0.310772747;0.158364694;0.046556486;-0.093156592;walk;56;
122.395;-1.450975167;-0.717208916;0.699453981;-2.969691941;3.458303759;-0.768841004;-1.299929046;-0.097148465;0.155266919;-0.43735722;4.033204878;0.295227958;-0.851193083;-0.041589365;-0.526165173;-0.511870285;-0.37176004;0.093125476;-0.88536652;-0.059252793;0.375946372;0.200221841;-0.024861207;-0.156851989;walk;56;
122.495;-1.023308365;-0.359725553;0.585578475;0.720319088;-1.325718238;-0.712627405;-1.283851239;-0.117413994;-0.062914474;0.920135092;-0.953855061;0.129932489;-1.036738086;-0.060342812;-0.609561893;0.872070068;-0.103423435;0.323686442;-1.125805002;-0.048715763;0.398585731;0.286296921;-0.030044127;0.156905256;walk;56;
122.595;-0.534001119;-0.402652797;1.13291305;0.282751829;-0.865436641;-0.320568824;-0.951847438;0.035207671;0.382931308;0.413194995;-1.640544892;0.210348636;-1.027498453;-0.029147128;-0.00444147;0.317341947;-0.735154267;0.331978358;-1.036147595;-0.068986622;0.202730418;0.208440362;0.041822024;0.247309152;walk;56;
122.695;-0.237297088;-0.15225961;0.9682863;-0.338717318;-0.154540245;-0.092015434;-0.973528335;0.078392659;0.158171395;-0.085346269;-0.901617582;0.221578604;-0.966025782;0.106964251;-0.144664186;-0.1588063;-1.153684772;0.176240545;-0.932938164;-0.069864576;0.129725044;0.156794708;-0.149779771;0.046441047;walk;56;
122.795;-0.254049339;-0.20816664;0.952664167;0.033154163;-0.117181606;0.055844643;-0.976885699;0.053705328;0.158452654;0.080950868;-0.75723481;0.093332749;-0.946003531;0.06394486;-0.176165518;0.045956265;-1.192109176;0.115129926;-0.950200782;-0.02028433;0.225634178;0.043922935;-0.033589878;-0.173118823;walk;56;
122.895;-0.238319008;-0.215946558;0.940625662;-0.271378316;-0.148403653;-0.012638752;-0.971993856;0.042303601;0.202903128;-0.331234202;-0.821395837;0.039948599;-0.946443004;0.025281813;-0.111963988;-0.329748019;-1.241487265;-0.053065353;-0.875203236;0.048912109;0.267643137;-0.189297366;0.107676741;0.079048377;walk;56;
122.995;-0.266720555;-0.103452096;1.02189923;0.023241989;-0.345794287;0.016218689;-1.039604351;0.061801283;0.173651779;-0.308794342;-1.061017791;-0.12381278;-1.001557812;0.147696182;-0.03495091;-0.268309817;-1.185493563;-0.197664105;-0.850633451;0.019969361;0.370968938;-0.293136211;0.149788191;0.336153736;walk;56;
123.095;-0.046849254;-0.135481457;1.106901192;1.413291732;-1.592053568;-0.155740187;-1.290998596;0.066710015;0.0804513;0.663607803;-1.688240789;-0.456484904;-1.198965679;0.132486608;-0.227859101;0.767208023;-0.574230168;-0.242864513;-1.13518924;-0.067218765;0.386135322;-0.221243877;-0.195966296;-0.210401924;walk;56;
123.195;-0.077808466;-0.226581114;0.789440591;1.381875611;-5.251520058;-1.829326204;-1.291718607;-0.032921219;0.069998345;0.094877999;-2.367591058;-0.470542605;-1.164106631;-0.109550115;-0.423247891;0.323270678;1.171502203;-0.386937629;-1.03682674;-0.079517904;0.184023652;-0.311196044;-0.084612415;-0.269608177;walk;56;
123.295;-1.393817777;-0.331779296;1.288961667;1.067925823;-4.275030173;0.319945076;-0.733511781;7.59438E-05;0.651055247;-0.556916554;-1.367198005;0.163860487;-1.209449951;-0.148681792;-0.101236597;-0.472939402;2.66496006;-0.380383352;-1.005711723;-0.033432264;0.104389692;-0.308476116;-0.048808866;-0.092929394;walk;56;
123.395;-0.272074012;-0.379143893;0.788879171;-1.71976023;3.774392081;1.864947746;-0.229775094;-0.094336427;0.582117437;-0.288377434;1.954200684;0.659207368;-1.011635034;-0.077532011;0.068460362;-0.720568141;2.179595072;-0.010436698;-0.895915889;-0.024884541;0.243757892;0.052279121;0.118181984;0.089429706;walk;56;
123.495;-0.390844039;-0.615057656;0.890056678;-2.264151399;5.433846219;1.642750123;-0.493476986;-0.131954195;0.43371977;-0.041904785;5.139270004;0.356616479;-0.723871679;-0.085230766;0.101637385;-0.31928689;0.591694056;0.162791587;-0.818954603;-0.08817653;0.324906104;0.189109991;0.031569893;-0.001395265;walk;56;
123.595;-1.575215749;-0.744644658;0.674249877;-2.538858089;3.811576484;-0.6881055;-1.316299466;-0.115585628;0.186973547;-0.032958876;4.291983043;0.102562919;-0.818767529;-0.059484719;-0.54134892;-0.071294719;-0.480174585;0.062683062;-0.912354306;-0.04525068;0.357043448;0.401669913;-0.015696782;-0.220567142;walk;56;
123.695;-1.081044103;-0.365910457;0.601241342;0.794978621;-1.360462776;-0.684167311;-1.287437236;-0.057633908;0.016944334;0.876931391;-1.063235706;0.10129261;-1.061694408;-0.079227947;-0.585936632;0.829302156;-0.0953616;0.296202968;-1.125882003;-0.126570419;0.37919051;0.371664234;0.039229548;0.044418997;walk;56;
123.795;-0.523964746;-0.43071472;1.098805863;-0.052274413;-0.76036456;-0.278711233;-0.951524725;0.025163369;0.431182562;0.13338891;-1.519655059;0.289198366;-1.038102066;-0.031483915;0.024092389;0.023505434;-0.821543915;0.312726214;-1.042015395;-0.027916076;0.193617034;0.28166144;0.044157045;0.119548779;walk;56;
123.895;-0.231197064;-0.179281477;0.953696754;-0.837147951;-0.123004172;-0.210250351;-0.979138488;0.063410632;0.198301682;-0.522889699;-0.802200165;0.237365695;-0.974681614;0.066484159;-0.126308645;-0.573694873;-1.23565378;0.0398092;-0.930351542;-0.0852434;0.141988269;0.054256529;-0.166857149;-0.041363398;walk;56;
123.995;-0.251768774;-0.06946469;0.96145201;-0.782848484;-0.124044557;-0.188740953;-0.98672416;0.077211604;0.135814271;-0.717466085;-0.63073752;0.093523495;-0.950805604;0.085915524;-0.15282153;-0.713663901;-1.245356945;-0.123993356;-0.901417152;0.05763962;0.21565239;-0.240296341;-0.044672415;0.046189979;walk;56;
124.095;-0.233898736;0.037888704;0.972788011;-0.342488902;-0.202425843;0.010267085;-0.989821109;8.68E-02;0.137963154;-0.564478761;-0.728956682;-0.050909057;-0.961241328;0.096869036;-0.101935438;-0.534755957;-1.189449141;-0.18869791;-0.892097706;0.102018692;0.270720954;-0.272508734;0.035375057;0.310456526;walk;56;
124.195;-0.305812324;0.047417877;1.04058383;0.290173217;-0.41247307;0.259929168;-1.05049044;0.042244263;0.124416254;-0.196862554;-0.95175751;-0.239477949;-1.010250395;0.151142563;-0.026209315;-0.142070539;-1.096042767;-0.276922433;-0.924792388;-0.048764932;0.328453237;-0.190900883;0.074436663;0.27712349;walk;57;
124.295;-0.095916924;-0.026796943;1.098261369;1.54542176;-1.631551893;0.12935896;-1.283514361;0.062898947;0.050319472;0.915924392;-1.622585656;-0.573335124;-1.200037809;0.13679517;-0.194958638;1.030222877;-0.498990926;-0.320731362;-1.112663846;-0.052025131;0.407418152;-0.367398387;-0.078541035;-0.149863345;walk;57;
124.395;-0.09505639;-0.196433709;0.788940418;1.697095897;-5.134463716;-1.234488786;-1.245474307;-0.007274518;0.036817936;0.558211101;-2.345621493;-0.606686316;-1.120869798;-0.092042036;-0.41133283;0.781827894;1.109940806;-0.31250095;-0.998103244;-0.017725778;0.201629944;-0.262996188;-0.049839639;-0.29372458;walk;57;
124.495;-1.365465818;-0.3315653;1.209262746;1.344544354;-4.315344314;0.303232389;-0.724434662;-0.008496662;0.624706338;-0.239760913;-1.504964999;-0.099515357;-1.160307333;-0.138648274;-0.049366839;-0.085290618;2.449276914;-0.270963532;-1.000198961;-0.054226348;0.079161452;-0.065209724;-0.011193675;-0.092274541;walk;57;
124.595;-0.356766453;-0.340446309;0.799079167;-1.080556573;3.684243027;2.19613224;-0.285111888;-0.098430421;0.619109448;-0.181234759;1.604651628;0.389670668;-1.041526792;-0.120193983;0.050039207;-0.430886915;2.10790808;0.002312301;-0.899783131;-0.074148873;0.257975243;0.13606167;0.108575663;0.135515568;walk;57;
124.695;-0.294494691;-0.554824681;0.802060892;-2.069326829;5.003113608;1.944588934;-0.48236936;-0.127873768;0.456026182;-0.126320295;4.686863228;0.324798934;-0.757266515;-0.109515105;0.071868345;-0.342311816;0.765331675;0.084010974;-0.835009401;-0.147564623;0.317757181;0.129972251;0.012768938;-0.031941214;walk;57;
124.795;-1.271533648;-0.864694765;0.811694001;-2.927012069;3.693870687;-0.240987665;-1.244388073;-0.117065841;0.239623219;-0.494211553;4.582549085;0.237275912;-0.827890277;-0.087322914;-0.436814902;-0.552863963;-0.326343661;0.005186921;-0.892084989;-0.045408601;0.348568114;0.222380542;-0.038099284;-0.188696503;walk;57;
124.895;-1.352768466;-0.418265571;0.483969735;0.600244639;-0.960701628;-0.453723472;-1.335792624;-0.102215583;0.025573626;0.587478948;-0.628560702;0.065188074;-1.052125262;-0.037311091;-0.605607313;0.557934577;-0.035106986;0.196596658;-1.142607841;-0.070721321;0.368553627;0.309013863;-0.012079722;0.084995257;walk;57;
124.995;-0.476703908;-0.427678494;1.092799315;0.308264276;-0.73744418;-0.178394561;-0.941626906;0.02735582;0.367516303;0.304794732;-1.657765006;0.152171336;-1.00910094;-0.025508036;-0.014929529;0.23329474;-0.738040872;0.243198067;-1.015617172;-0.077591367;0.229969945;0.250551735;0.053875469;0.109321659;walk;57;
125.095;-0.234994756;-0.18220866;0.967333637;-0.197530408;-0.131321774;-0.052228069;-0.96596653;0.064198413;0.175549899;-0.02927458;-0.982329845;0.139891047;-0.968332407;0.096923375;-0.133025082;-0.079117069;-1.104609133;0.11863081;-0.923449114;-0.036909575;0.141825148;0.049223405;-0.142748692;0.01009571;walk;57;
125.195;-0.23884932;-0.296837881;0.928222777;0.082383812;-0.09004431;0.098247383;-0.965575763;0.029568688;0.220693615;0.050830924;-0.74496005;0.045067795;-0.949580028;0.021364145;-0.152992173;0.031499414;-1.269948736;0.061785775;-0.940495566;0.035211569;0.228838132;0.023485051;-0.069855701;-0.084969887;walk;57;
125.295;-0.222620462;-0.24788306;0.939691908;-0.327633079;-0.104569589;-0.015363107;-0.972668341;0.033645296;0.181576301;-0.461898388;-0.816855557;-0.014500466;-0.931204117;0.031541557;-0.128760486;-0.439521107;-1.386860077;-0.144203609;-0.862163796;0.048082093;0.274508101;-0.158707511;0.169460058;0.197728986;walk;57;
125.395;-0.25017724;-0.115012121;1.063032066;0.46365815;-0.287179514;0.171602789;-1.089501701;0.064854385;0.131321176;-0.068270791;-1.1530643;-0.266811641;-1.035593086;0.19290811;-0.046902514;-0.000709582;-1.263796913;-0.276733993;-0.866163155;-0.030110863;0.402219963;-0.272307054;0.067233785;0.059540622;walk;57;
125.495;0.252182129;-0.074023288;1.157111741;2.985476479;-2.826758454;-0.191010565;-1.526313466;0.123936867;-0.126835228;1.089083418;-2.282635659;-0.461400184;-1.355575444;0.081414897;-0.520441924;1.178577237;0.173465969;-0.080834299;-1.306659945;-0.052071706;0.258758188;-0.322465986;-0.122288715;-0.27682588;walk;57;
125.595;-0.425757324;-0.717800375;0.988875693;2.908488886;-5.158890673;-1.244690307;-0.94869177;-0.138670306;0.384957397;-0.514411021;-1.930387481;0.159472784;-1.166013515;-0.311065473;-0.172412417;-0.480778324;2.33926902;-0.279120446;-0.92072827;0.018463957;0.114271575;-0.359867904;-0.067375622;-0.019638001;walk;57;
125.695;-0.395684696;-0.825386245;0.889996416;-1.934728019;0.803153173;0.449438462;-0.401576189;-0.174439088;0.633830364;-0.806532816;0.930668643;0.648115917;-1.070055536;-0.136537605;0.074250871;-0.974544577;2.363949052;-0.353816454;-0.973906722;-0.086977263;0.160674213;0.05080305;0.017683639;0.077257171;walk;57;
125.795;-0.300190215;-0.550417548;0.771484496;-2.714658947;4.490002959;0.554405024;-0.493038644;-0.154540128;0.496039405;-0.108720816;3.871206569;0.129024335;-0.852870261;-0.039145449;0.082215199;-0.162334878;1.174314271;-0.039016189;-0.876831386;-0.104833691;0.26997755;0.181054024;0.128587974;-0.017338575;walk;57;
125.895;-0.843172875;-0.820988331;0.974074076;-1.726065895;3.869434097;1.360340654;-1.007105479;-0.069306052;0.280137406;-0.303373688;4.771527792;0.026745375;-0.751992189;-0.172762644;-0.308410923;-0.283503446;-0.00854881;-0.07597351;-0.830297341;-0.078625673;0.322409237;0.400048169;0.032050358;-0.306585909;walk;57;
125.995;-1.515489579;-0.262870695;0.277298662;-1.560231293;1.277135921;-1.370000408;-1.217249169;-0.09522756;0.001145731;0.17165536;1.190765024;0.151654909;-0.891514534;0.065138659;-0.538080314;0.140389966;0.019915993;0.156852622;-0.957837448;-0.085669266;0.371601957;0.348127227;-0.026819782;-0.04883522;walk;57;
126.095;-0.352258201;-0.597771897;1.011674109;1.402056176;-1.773570558;-0.63025379;-1.142223911;-0.109706178;0.060206523;1.169387676;-1.710274935;0.116584698;-1.049030622;-0.192318872;-0.404694736;1.096068666;-0.367840233;0.411683992;-1.09703451;-0.100304259;0.460925989;0.205387009;-0.104668273;0.195862036;walk;57;
126.195;-0.441059319;-0.357916628;1.021802959;-0.238684806;-0.489616916;-0.341912368;-0.954216545;0.037188435;0.272251829;0.065405021;-1.294576292;0.257065146;-0.983560678;0.016083727;-0.078479507;-0.029122182;-1.007246912;0.262730182;-0.986877197;0.019749653;0.080440974;0.063310965;-0.09065117;0.242380841;walk;58;
126.295;-0.271718228;-0.204904355;0.979482827;0.116565777;-0.086584594;0.014485846;-0.98265798;0.055973018;0.130458239;0.274339041;-0.96296149;0.140430835;-0.963301519;0.117847722;-0.161555809;0.206419784;-1.006561196;0.228784069;-0.958229911;-0.024017889;0.135355491;0.096427441;-0.198040633;0.052700146;walk;58;
126.395;-0.200393797;-0.405192393;0.876924239;-0.075334613;-0.066794852;0.025826981;-0.947206999;0.001497085;0.281944622;0.001861478;-0.761841018;0.10195023;-0.94031503;-0.058246915;-0.137299315;-0.033647069;-1.317293395;0.102719581;-0.932912845;-0.001918186;0.247931295;0.079038768;0.005552224;-0.042539279;walk;58;
126.495;-0.227837117;-0.226898837;0.954496943;-0.698623741;-0.156986145;-0.088152905;-0.991131659;0.04309484;0.196426098;-0.872165272;-0.796317903;0.019806732;-0.945542647;0.062247197;-0.075704041;-0.847835153;-1.539695705;-0.211446419;-0.839204361;0.001980653;0.314168233;-0.401632895;0.276780531;0.362822432;walk;58;
126.595;-0.137884668;-0.071203448;1.152049387;0.886294323;-0.775903993;0.113138363;-1.286819464;0.046070859;-0.076489616;0.168343189;-1.369719371;-0.398223063;-1.172140386;0.221234422;-0.217548076;0.252927416;-1.066120091;-0.346380372;-1.036957777;-0.011390473;0.35544257;-0.324144624;-0.10384397;-0.124621698;walk;58;
126.695;0.201633014;-0.310726466;1.095763413;2.457546339;-4.383236087;-1.427909263;-1.503057647;-0.027052215;-0.118466389;0.785918598;-2.693050429;-0.604988561;-1.308093949;-0.109315732;-0.56095693;0.972823146;1.141596343;-0.266413329;-1.204171203;-0.092523278;0.177032114;-0.342524974;-0.009344711;-0.238576938;walk;58;
126.795;-0.689952493;-0.373646075;1.351371024;0.247745903;-2.648189553;-0.600787945;-0.626744718;-0.047327332;0.572822311;-0.480452435;-1.347970142;0.067347678;-1.138718016;-0.217653551;-0.001557899;-0.364699011;2.659995706;-0.363876313;-0.917515948;-0.003235777;0.111730432;-0.191599209;0.003596181;0.009119035;walk;58;
126.895;-0.127776431;-0.289810938;0.739871478;-0.961512383;2.395839618;1.777389019;-0.253390203;-0.104816452;0.62631368;-0.462632172;2.112024432;0.648440796;-0.999515263;-0.098503678;0.146680334;-0.79000376;1.922080276;-0.098927994;-0.91009618;-0.110934161;0.213850096;0.284564312;0.075494719;-0.011401651;walk;58;
126.995;-0.530371775;-0.700054704;0.857430995;-1.79793285;4.099966354;1.456781436;-0.636990088;-0.147519216;0.490653667;-0.079913642;4.474901666;0.319503846;-0.78191599;-0.084778314;0.040599577;-0.293818805;0.536901201;0.135250909;-0.870980618;-0.191470491;0.249201938;0.140109411;0.039471368;-0.05829438;walk;58;
127.095;-1.138146565;-0.666338499;0.7948955;-2.370722197;3.135298337;-0.683641024;-1.189806829;-0.090067401;0.257591816;-0.141499185;3.634646505;0.174625764;-0.873570072;-0.105078776;-0.410439135;-0.20060116;-0.244150269;0.111285515;-0.90236719;-0.045352846;0.331210999;0.084383219;-0.042167231;-0.186001404;walk;58;
127.195;-0.984915655;-0.259401444;0.490713318;0.089924218;-0.445693505;-0.763432919;-1.175581366;-0.118301807;-0.004891491;0.624707459;-0.247347306;0.149293326;-0.949535371;-0.025527524;-0.492662691;0.578884331;-0.302240017;0.278227995;-1.019516174;-0.047344931;0.376077445;0.299915192;-0.068865393;-0.031913769;walk;58;
127.295;-0.445651812;-0.439134418;1.160203341;0.755478816;-1.426875026;-0.522227819;-1.062257544;-0.017730063;0.088372716;0.72081374;-1.565622652;0.16596141;-1.024014421;-0.078443298;-0.286780889;0.640983543;-0.516053127;0.361660899;-1.081292929;-0.108408462;0.285245453;0.14022459;0.019617908;0.176463902;walk;58;
127.395;-0.342653911;-0.300891947;0.944626477;0.112883542;-0.136392171;-0.040016717;-0.93297865;0.038241782;0.247640536;0.391519305;-1.10917846;0.256937183;-0.959434811;0.048696018;-0.070255902;0.277857204;-0.967961592;0.37691095;-0.887542084;0.057042743;0.106468777;0.330553182;-0.131369198;0.069707325;walk;58;
127.495;-0.226732098;-0.312197623;0.926015046;-0.108216316;-0.056008224;-0.03565883;-0.971964438;0.045065974;0.265814588;0.102363283;-0.799664384;0.1671103;-0.982546659;0.036822708;-0.103728855;0.038867092;-1.135111609;0.193326199;-1.018960765;-0.095041906;0.172020172;0.309418707;-0.138955679;-0.15852352;walk;58;
127.595;-0.229462237;-0.253419337;0.923655052;-0.590545462;-0.166512504;-0.098480961;-0.970129436;0.044517995;0.21988127;-0.551243902;-0.679687697;0.12467289;-0.953511234;0.026066889;-0.096179553;-0.564549216;-1.255924746;-0.039340563;-0.878809256;0.011343127;0.233920401;-0.08607557;-0.024751853;-0.065948525;walk;58;
127.695;-0.25913022;-0.127337289;1.022374159;-0.149733735;-0.409726657;-0.037754878;-1.063756389;0.050607125;0.159230675;-0.385958282;-0.902910239;-0.024597939;-1.024532661;0.118876432;-0.064233541;-0.368521822;-1.231118811;-0.11973095;-0.918462456;0.052472265;0.304618646;-0.405661076;0.164227602;0.413387066;walk;58;
127.795;-0.09182287;-0.145934826;1.087364367;1.023752904;-1.523381879;-0.275665637;-1.274966812;0.04766359;-0.012009015;0.412349188;-1.571233874;-0.360687656;-1.159080567;0.145738175;-0.267439944;0.492159514;-0.673535301;-0.23670564;-1.089590853;-0.045194172;0.350629577;-0.197764019;-0.082834442;0.012611259;walk;58;
127.895;-0.089512194;-0.233350116;0.866510985;1.333851872;-5.108469904;-1.717257348;-1.329708322;-0.021924431;0.026820341;0.210503288;-2.506648822;-0.425415329;-1.185464745;-0.110472494;-0.461749513;0.396048328;1.344669916;-0.311246922;-1.052643565;-0.157262033;0.160833766;-0.434067585;-0.03572299;-0.139847464;walk;58;
127.995;-1.262193318;-0.367428986;1.294891097;0.437608708;-3.644218557;0.246934091;-0.649050866;-0.078356112;0.686082291;-0.700767558;-1.39584885;0.188099868;-1.19166693;-0.196474059;-0.014130015;-0.576397522;2.592681076;-0.473302432;-0.999245779;-0.019564313;0.089793094;-0.242165146;-0.046555017;-0.030164291;walk;58;
128.095;-0.189377544;-0.320926054;0.721572252;-1.236531478;3.699880189;2.177970188;-0.222605611;-1.20E-01;0.583434724;-0.461950843;1.988731935;0.541049211;-0.988434734;-0.097008531;0.090167142;-0.683692983;1.926689128;-0.197572421;-0.917525044;-0.112611976;0.200472217;0.044953531;0.180252911;0.122567655;walk;58;
128.195;-0.371156945;-0.592985445;0.887921383;-1.778452478;4.786155343;2.263186656;-0.54132734;-0.108873647;0.454754476;-0.325434602;4.920328604;0.343643631;-0.765620483;-0.082695408;0.07853746;-0.472110079;0.538820578;-0.050639818;-0.833515639;-0.185228008;0.266718267;0.077324369;0.045247348;-0.094129434;walk;59;
128.295;-1.483908124;-0.729196172;0.694947698;-2.832137231;3.331708232;-0.727860795;-1.27389178;-0.084461399;0.225250932;-0.31729351;4.070442669;0.23964388;-0.843420794;-0.027882077;-0.472107646;-0.380790719;-0.409950949;0.075016844;-0.932049856;-0.04695597;0.33099041;0.210844845;0.019578397;-0.314491018;walk;59;
128.395;-1.003486518;-0.363996207;0.607486108;0.762464205;-1.099193741;-0.865843004;-1.263949719;-0.104268947;-0.051407311;1.088279076;-0.883437298;0.106147423;-1.034113087;-0.066504811;-0.582131396;1.03779624;-0.190584761;0.343978116;-1.080308019;-0.072559265;0.385518442;0.326336443;0.032735592;-0.039158434;walk;59;
128.495;-0.479021136;-0.443062362;1.089474137;0.442437486;-0.860158505;-0.214188582;-0.952944908;0.009152345;0.323114057;0.486496532;-1.523517155;0.270444441;-1.008171084;-0.06337496;-0.064920193;0.367275136;-0.665644035;0.411978371;-1.00030624;-0.026912156;0.234412903;0.173623889;0.015994258;0.194163503;walk;59;
128.595;-0.270247956;-0.286061457;0.943666929;-0.203058084;-0.096952663;-0.061950436;-0.96995698;0.044097854;0.190598088;0.12220103;-0.966901049;0.281877171;-0.961728829;0.073249313;-0.140713844;0.012656181;-1.060874185;0.306920396;-0.95469499;-0.082605071;0.121232407;0.26319305;-0.16812702;-0.00040485;walk;59;
128.695;-0.217144044;-0.302291181;0.922684325;-0.35547153;-0.145709951;-0.039112725;-0.978067159;0.046419651;0.232441884;-0.221661334;-0.752277136;0.174296982;-0.96551705;0.028034196;-0.141003321;-0.268353688;-1.189802198;0.092602083;-0.94204229;0.007544251;0.212033505;-0.014960088;-0.049139826;-0.200819153;walk;59;
128.795;-0.258624276;-0.183800824;0.944659934;-0.489921328;-0.229586651;-0.056108643;-0.974089138;0.058655611;0.219095178;-0.564523554;-0.775235107;0.080450056;-0.956789978;0.060875144;-0.08104535;-0.563845459;-1.207684214;-0.087426437;-0.903525106;0.100927737;0.221508932;-0.239275;0.048694612;0.197455019;walk;59;
128.895;-0.253763754;-0.142512644;1.018521235;-0.253867604;-0.558654163;-0.185449937;-1.075575323;0.040005961;0.235491678;-0.568933362;-0.8805867;-0.112805666;-1.048707648;0.11395623;-0.000631537;-0.523904461;-1.289043611;-0.252367111;-0.923386226;-0.010965344;0.358080305;-0.274297379;0.114846848;0.364552809;walk;59;
128.995;-0.083729871;0.000383506;1.104726539;1.181424874;-1.986655669;-0.277744818;-1.326328306;0.078886218;-0.127724566;0.523555677;-1.6161613;-0.465797377;-1.197491143;0.164518474;-0.346425771;0.625696968;-0.482699247;-0.302442925;-1.129294911;-0.091089013;0.318903062;-0.269976521;-0.107984681;-0.213510499;walk;59;
129.095;-0.349867611;-0.277146354;0.862765847;1.504084584;-5.523124161;-1.380883108;-1.251851722;-0.031712278;0.103444631;0.273118192;-2.526507821;-0.41163818;-1.139065854;-0.141475703;-0.419758545;0.456473509;1.722533151;-0.257478375;-0.96956275;-0.071265032;0.148016299;-0.454414673;-0.074738191;-0.133039104;walk;59;
129.195;-1.098598886;-0.384471424;1.359948255;0.886206792;-2.238285634;1.330815598;-0.561406393;-0.050956853;0.704489298;-0.508588686;-1.102006029;0.269676485;-1.201632459;-0.160039315;0.002298049;-0.514483291;2.635734182;-0.295664366;-1.010881798;-0.012774699;0.122498453;-0.135849312;0.003815198;-0.042162865;walk;59;
129.295;-0.039781698;-0.35196292;0.665326363;-1.636463794;3.999379983;1.649140065;-0.218802123;-0.11967164;0.559247935;-0.097172632;2.60079454;0.34812408;-0.962419966;-0.049632574;0.126985963;-0.355547693;1.828252804;0.049223776;-0.891975417;-0.080688012;0.22083803;0.117017826;0.079336236;0.127920573;walk;59;
129.395;-0.5712738;-0.695800526;1.014197949;-1.733771021;4.889375639;1.842046935;-0.67343839;-0.112984231;0.451571472;0.081331957;5.331594905;0.052007429;-0.740094003;-0.139084812;0.013840962;0.005998691;0.223216401;0.110644964;-0.868253142;-0.123198664;0.291349824;0.269438017;0.015773369;-0.050063459;walk;59;
129.495;-1.725350438;-0.664687263;0.369199373;-2.555295205;2.523524194;-1.148776335;-1.340209214;-0.070857853;0.189960216;-0.200776641;3.10890953;0.158011198;-0.881073324;-0.014956878;-0.595264262;-0.234722569;-0.413906837;0.058810224;-0.944616381;-0.115994159;0.361239922;0.330157643;0.000313571;-0.291496409;walk;59;
129.595;-0.908552127;-0.508808916;0.89533615;0.813574613;-1.506029523;-0.261993341;-1.221933139;-0.062472521;0.143256549;0.532288507;-1.543976528;0.120585367;-1.087860232;-0.096649931;-0.392479752;0.483036666;-0.180044756;0.246340246;-1.181585872;-0.022187631;0.290787187;0.228480594;0.061608684;-0.075363663;walk;59;
129.695;-0.326777222;-0.284494479;0.989321839;-0.45212682;-0.2545697;-0.257159693;-0.920508689;0.026596053;0.354503848;-0.094301879;-1.19689756;0.241371246;-0.997827522;-0.001116078;0.019732586;-0.173349415;-1.08325659;0.192354142;-0.943599514;-0.000153498;0.132451739;0.443411232;0.054637626;-0.042521337;walk;59;
129.795;-0.245751605;-0.113501331;0.974841645;-0.392372914;-0.164098617;-0.106161591;-0.980444099;0.075037786;0.132696954;-0.192074088;-0.732999813;0.184625828;-0.962817809;0.101295923;-0.151267075;-0.241919727;-1.151977764;0.110692491;-0.93417365;-0.043658836;0.178868549;0.028004183;-0.086951791;-0.056622528;walk;59;
129.895;-0.253522502;-0.181757072;0.952505368;-0.167428981;-0.116906044;0.038717986;-0.980069358;0.039390006;0.140552107;-0.163640731;-0.738759111;0.079020705;-0.940474714;0.046126018;-0.160088757;-0.179861908;-1.196970134;0.030277603;-0.884770648;0.085911736;0.256727484;-0.099677245;0.057509215;0.008864513;walk;59;
129.995;-0.243262944;-0.132329385;0.985909699;-0.129986525;-0.187190923;0.030725983;-1.005861797;0.043826772;0.205640655;-0.296475032;-0.901789378;-0.022813757;-0.98564842;0.065338884;-0.044919024;-0.282055022;-1.212982345;-0.095163773;-0.873725191;0.060310449;0.317262123;-0.258171221;0.140638331;0.364072051;walk;59;
130.095;-0.194855644;-0.103321094;1.080931021;0.580602342;-0.897947149;-0.065142631;-1.17510363;0.052508604;0.13472087;0.119179189;-1.250169465;-0.291968317;-1.117339274;0.168301343;-0.079236961;0.185492202;-0.939043649;-0.252898619;-1.021402249;0.001669328;0.384388119;-0.266918402;-0.063518579;0.12865214;walk;59;
130.195;0.081352676;-0.090981224;1.01195929;1.764382923;-3.423039198;-0.809915515;-1.374177297;0.075975155;-0.131705574;0.741456408;-2.17647357;-0.538774807;-1.185963734;0.057458293;-0.50504559;0.883718472;0.270170511;-0.248748103;-1.106885049;-0.052637984;0.304157343;-0.299865469;-0.068765126;-0.258051224;walk;60;
130.295;-0.890981261;-0.309715399;1.020114619;1.540838732;-6.148772612;-1.087803915;-1.057062692;-0.023663425;0.370285084;-0.21946035;-2.282808242;-0.142594747;-1.177704976;-0.170197811;-0.272752895;-0.06385056;2.407580836;-0.297655954;-0.940526103;-0.030391712;0.114288585;-0.287090918;-0.100973553;-0.174739313;walk;60;
130.395;-0.668801541;-0.518049805;1.335642691;-0.632221511;1.780751601;1.660609966;-0.327213573;-0.080132713;0.635329062;-0.329533745;0.701000863;0.483388023;-1.147918408;-0.111480452;0.046978794;-0.585450855;2.566483831;-0.084424452;-0.989859345;-0.017030382;0.172802549;0.002869565;0.080994507;0.084123947;walk;60;
130.495;-0.155900596;-0.471591346;0.71381146;-2.150799941;5.620749188;1.831256925;-0.338224248;-0.146152662;0.487652772;-0.061214241;4.628540385;0.298012275;-0.796406408;-0.079580413;0.171550379;-0.289346378;1.243107903;0.085969837;-0.837972235;-0.070265874;0.269352187;0.112621353;0.094971699;0.103920948;walk;60;
130.595;-1.320032088;-0.899290392;0.894667297;-2.284445876;4.239388429;0.451176034;-1.176719472;-0.110615575;0.326841119;-0.121131058;5.169096745;0.030831884;-0.760605397;-0.086987909;-0.346924474;-0.126711498;-0.272092372;-0.029739936;-0.891930463;-0.084051571;0.362853878;0.38893359;0.091128862;-0.276373117;walk;60;
130.695;-1.482664532;-0.355125935;0.335223945;-0.143438361;-0.291357887;-1.024343589;-1.329191197;-0.032475169;0.091549062;0.530485442;-0.101288881;0.045336096;-1.019637029;-0.031041309;-0.630255374;0.505937605;-0.178554634;0.164074951;-1.036726281;-0.065177855;0.427758493;0.311796798;-0.034085819;-0.062166067;walk;60;
130.795;-0.568519958;-0.441037065;1.167162205;0.504678791;-1.232507773;-0.12190457;-1.014625616;0.004010703;0.314988129;0.299520114;-1.756918729;0.233763256;-1.054379348;-0.045970775;-0.085581574;0.201353747;-0.592811861;0.317241354;-1.102750601;0.015717374;0.19846171;0.235164473;-0.003366437;0.187296294;walk;60;
130.895;-0.247771931;-0.257305434;0.944128257;-0.646217859;-0.166039629;-0.176558079;-0.959295908;0.051868091;0.258415064;-0.291780091;-0.987431588;0.282126489;-0.976824214;0.046765399;-0.102702055;-0.376873747;-1.211087335;0.152544413;-0.94623775;-0.097065972;0.138105029;0.260055423;-0.142561329;0.040349602;walk;60;
130.995;-0.248789553;-0.159416735;0.951491642;-0.569503821;-0.176619581;-0.079178173;-0.977066992;0.072582482;0.180417305;-0.493352091;-0.695165264;0.141057307;-0.949554185;0.077013526;-0.152941711;-0.513265347;-1.348792215;-0.029318011;-0.91910404;0.042763892;0.214360248;-0.124987736;-0.045798703;-0.076515648;walk;60;
131.095;-0.264781088;-0.071352057;0.972006972;-0.333985595;-0.181218799;0.021077837;-0.984147141;0.066854347;0.142029538;-0.482699553;-0.772466924;0.012334236;-0.949351707;0.083838144;-0.114947801;-0.468170462;-1.312204066;-0.119827348;-0.868265648;0.098850206;0.239928152;-0.19897891;0.048730086;0.228159103;walk;60;
131.195;-0.271297119;-0.08157402;1.01956734;0.046439101;-0.383721529;0.010512199;-1.04989444;0.035471073;0.179116555;-0.299829163;-1.013255921;-0.17189185;-1.012882643;0.11697811;-0.022165982;-0.252033511;-1.197515671;-0.237653321;-0.887883533;-0.032375214;0.3465378;-0.266882634;0.075582592;0.379857062;walk;60;
131.295;-0.052417674;-0.00242709;1.128123861;1.440823416;-1.790762286;-0.094364297;-1.329089647;0.094632072;-0.042994748;0.798362914;-1.740445272;-0.507365157;-1.210542166;0.182996409;-0.294989922;0.905029113;-0.443225417;-0.260370518;-1.150699899;-0.065453516;0.361667401;-0.369890353;-0.181667955;-0.159260942;walk;60;
131.395;-0.17600894;-0.266666235;0.850312397;1.817377016;-5.673454119;-1.622673575;-1.328657112;-0.022187762;0.050405252;0.493753022;-2.565990135;-0.546361466;-1.171182183;-0.111818936;-0.485460578;0.716727153;1.491389974;-0.250663681;-1.017763925;0.000608771;0.17399323;-0.212112473;-0.010239925;-0.289853591;walk;60;
131.495;-1.216182522;-0.39017315;1.511715094;1.116234554;-2.847594489;0.76746049;-0.614361464;0.010447436;0.657087828;-0.315115644;-1.119535111;0.051781985;-1.216798318;-0.125382355;-0.054507498;-0.224989411;2.762849235;-0.261143891;-1.00205505;-0.028407072;0.103243673;0.000613296;0.009826996;-0.104936147;walk;60;
131.595;-0.10803531;-0.328568564;0.693287694;-1.566304916;4.4882841;2.704407462;-0.177543615;-0.088686878;0.576616697;-0.181521616;2.914090796;0.465385498;-0.980600431;-0.074633899;0.149703235;-0.497936387;2.00281612;0.019870488;-0.872052121;-0.081713687;0.257536472;0.104704083;0.121584183;0.131012026;walk;60;
131.695;-0.644376785;-0.861984091;0.936129286;-2.753370715;5.091304528;1.385599335;-0.704787037;-0.152538231;0.458478943;-0.066517222;5.647207843;0.164796902;-0.706892414;-0.094802169;0.052616604;-0.174837129;0.223383826;0.053450724;-0.852043;-0.082522256;0.300674636;0.16313137;-0.005341335;-0.027439569;walk;60;
131.795;-1.934577301;-0.648393435;0.266296092;-1.866573415;2.321647403;-1.343776524;-1.366623677;-0.092890209;0.265006655;0.219662685;2.565851526;-0.073243525;-0.90405244;-0.045374453;-0.595985851;0.236162912;-0.471977133;-0.026028078;-0.959751646;-0.071762136;0.373533055;0.337628201;-0.002955838;-0.208590693;walk;60;
131.895;-0.684688473;-0.400907885;1.005650208;0.523277796;-1.635094675;-0.382626102;-1.18494609;-0.020784588;0.135740752;0.311206446;-1.619713734;0.134416029;-1.094807576;-0.116108636;-0.357749024;0.261881256;-0.37358578;0.20207188;-1.152741055;-0.078796591;0.274788998;0.229455302;-0.013257991;0.074202748;walk;60;
131.995;-0.37186791;-0.242341051;1.007019563;-0.444987718;-0.308322629;-0.210672182;-0.934013274;0.034447926;0.315995561;-0.122048189;-1.220800206;0.258716662;-0.985336785;0.037575879;-0.011599744;-0.205677274;-1.0358387;0.19863833;-0.964225979;-0.019998476;0.134026095;0.224130145;0.04352773;0.092852286;walk;60;
132.095;-0.2368283;-0.118484055;0.974785108;-0.400505035;-0.121241873;-0.063722925;-0.98324779;6.37E-02;0.155630487;-0.27018652;-0.756901633;0.139408636;-0.965336688;0.085825053;-0.146819164;-0.301467843;-1.245161535;0.041292176;-0.935982799;-0.037836911;0.196016868;-0.033378186;-0.073917321;-0.101424642;walk;60;
132.195;-0.249870571;-0.090545027;0.976237723;0.015842816;-0.145075737;0.096404114;-0.984680144;0.051710449;0.080765129;-0.055394865;-0.830457366;0.02290639;-0.935297096;0.089077847;-0.182054261;-0.059663893;-1.144263335;0.004989194;-0.879627365;0.093423809;0.241608142;-0.189712553;0.058890714;-0.01992488;walk;61;
132.295;-0.251136106;-0.193694297;0.970646573;0.371947179;-0.221717348;0.162381547;-0.982956372;0.023189952;0.249636124;0.166929293;-1.06106605;-0.08077702;-0.968487056;0.04589729;-0.042589213;0.18248123;-1.161563462;-0.032324099;-0.878568477;0.122909467;0.308805685;-0.184775049;0.239172563;0.358134074;walk;61;
132.395;-0.166960729;-0.161004533;1.07826567;0.754412161;-0.962908625;-0.211707167;-1.178244229;0.068803354;0.188597994;0.283842478;-1.415772106;-0.346951849;-1.121860607;0.162915063;-0.091813578;0.3698103;-0.971242077;-0.251559118;-0.982435196;-0.051932831;0.452674412;-0.155524009;-0.017254465;0.01137725;walk;61;
132.495;0.140879546;-0.14070398;0.971039182;1.734646267;-4.002918325;-1.065967609;-1.412934749;0.025734161;-0.045913593;0.403526625;-2.211983582;-0.471982582;-1.241901721;-0.027057264;-0.497782875;0.562532281;0.372389819;-0.281643667;-1.146236824;-0.030010114;0.302430204;-0.302609128;-0.120516988;-0.322534976;walk;61;
132.595;-1.106302387;-0.35839035;0.986144896;1.830542627;-6.265782172;-0.826356327;-0.967386365;-0.037169623;0.43901595;-0.369641992;-1.953407316;-0.018702871;-1.17349383;-0.175944975;-0.219188455;-0.249421822;2.506492306;-0.312651399;-0.956572532;-0.039920333;0.084720418;-0.24230524;-0.156787503;-0.132779447;walk;61;
132.695;-0.683399863;-0.683144504;1.088793738;-1.102507213;2.281136484;1.938758838;-0.304743881;-0.125323819;0.666655953;-0.369497276;0.910502611;0.573030676;-1.125502313;-0.131259153;0.054541228;-0.679514276;2.531817704;-0.095830921;-0.953024837;-0.041100304;0.19931121;-0.023607764;0.106181049;0.10033161;walk;61;
132.795;-0.189952998;-0.494059151;0.683557753;-2.647939268;5.620865909;1.707861652;-0.306285328;-0.147400799;0.509063054;-0.075153642;4.659446994;0.319051749;-0.804549999;-0.091541769;0.188894472;-0.314484469;1.176810599;0.08173764;-0.857187825;-0.056198976;0.281756559;0.041111693;0.019542384;0.149406808;walk;61;
132.895;-1.399596285;-0.930386183;0.769989464;-2.640626367;4.284446817;0.32158207;-1.172598272;-0.120689793;0.348537669;-0.161002514;5.123754476;0.101431255;-0.750336855;-0.075829349;-0.337047965;-0.195913518;-0.453233917;0.001933429;-0.882571694;-0.082898533;0.36042061;0.386734164;0.031198;-0.224793111;walk;61;
132.995;-1.374465782;-0.430771195;0.401689395;0.074821211;-0.501942382;-1.050479657;-1.32485395;-0.055286654;0.077434744;0.666638401;-0.338002867;0.035501285;-1.032048455;-0.077382153;-0.632817812;0.640039767;-0.253229573;0.186094117;-1.044292378;-0.064245349;0.382691297;0.307584811;-0.036822035;-0.045651096;walk;61;
133.095;-0.526912851;-0.426133794;1.144988834;-0.002765061;-1.061160847;-0.130500996;-1.003746719;-0.008108756;0.358078869;-0.095727616;-1.581903907;0.261664316;-1.058566217;-0.060258699;-0.039103466;-0.178573123;-0.678209233;0.209017979;-1.089577415;0.063672366;0.198303711;0.366766572;-0.063220026;0.19360677;walk;61;
133.195;-0.237451979;-0.136948712;0.964479667;-0.640412183;-0.122720604;-0.224620715;-0.969330654;0.081033468;0.177631187;-0.306581581;-0.857509953;0.215119425;-0.966149242;0.103897704;-0.119873501;-0.362653944;-1.308860903;0.094807862;-0.934191638;-0.153171957;0.160181466;0.399006773;-0.148295778;-0.00629028;walk;61;
133.295;-0.248253071;-0.123456232;0.975111932;-0.126714887;-0.188566761;0.038602146;-0.995956507;0.063880839;0.067413162;-0.129633112;-0.725720636;0.081794668;-0.94120748;0.091015872;-0.213297857;-0.148338202;-1.251959975;0.03922251;-0.915527706;0.018037589;0.210438176;-0.115408232;-0.08112625;-0.143785803;walk;61;
133.395;-0.257149386;-0.17804519;0.967151931;0.186188223;-0.179517254;0.135625168;-0.983553213;0.025342931;0.175540235;0.023223111;-1.004407592;-0.041648964;-0.955119009;0.046738361;-0.098671848;0.033412177;-1.122970708;-0.034043712;-0.887961415;0.137994476;0.253951003;-0.229751926;0.109102088;0.193676865;walk;61;
133.495;-0.228699016;-0.180661558;1.014694295;0.270360643;-0.599205587;-0.185027952;-1.073995346;0.036749666;0.226837733;-0.019989223;-1.151985722;-0.216103898;-1.042988866;0.111630702;-0.022998094;0.035917514;-1.168208326;-0.214041086;-0.929296631;-0.020329424;0.360017808;-0.262704413;0.126810898;0.376154826;walk;61;
133.595;-0.035276297;-0.069471976;1.094363542;1.515006017;-2.207103156;-0.388815332;-1.322860669;0.112102947;-0.051415729;0.622968362;-1.873455412;-0.498965513;-1.18270491;0.151053933;-0.368285178;0.746286649;-0.362806208;-0.27648851;-1.123209327;-0.058613341;0.328042937;-0.306499785;-0.082512181;-0.25041261;walk;61;
133.695;-0.374319037;-0.305359292;0.86645096;1.889199776;-5.874000107;-1.628184276;-1.281054144;-0.039288958;0.148222351;0.14008574;-2.500121146;-0.395347975;-1.190078286;-0.142414785;-0.429073931;0.350903146;1.873451935;-0.27892763;-1.009414114;-0.06727264;0.123644283;-0.391507693;-0.009025027;-0.258097562;walk;61;
133.795;-1.123655182;-0.573019433;1.335028831;0.764214115;-1.604205467;1.108057512;-0.444690467;-0.061695001;0.739170082;-0.419687988;-0.633490194;0.277898335;-1.205499975;-0.158200772;0.034036046;-0.458884925;2.733563499;-0.242188505;-1.000850696;0.03272765;0.136101541;-0.047303025;0.05070225;-0.108127643;walk;61;
133.895;-0.056269343;-0.417932372;0.547940451;-2.252881163;4.826011044;1.705161603;-0.196094167;-0.155755395;0.557186462;-0.12097753;3.182541391;0.322421491;-0.914213581;-0.081745506;0.145565997;-0.34307473;1.701844961;0.011873883;-0.868954786;-0.081994574;0.262898354;0.11114257;0.146027349;0.165340571;walk;61;
133.995;-0.767749779;-0.824032426;0.966121486;-1.966423739;4.902815597;1.675652507;-0.78184404;-0.135047246;0.445226628;-0.025888387;5.457102391;-0.051939533;-0.719178829;-0.130502521;-0.044828318;0.008866941;-0.008694942;-0.045301345;-0.859313457;-0.08450182;0.319144586;0.16673408;0.08665467;-0.067344398;walk;61;
134.095;-1.757510186;-0.544010702;0.273550055;-1.916437351;1.850481837;-1.186285482;-1.360294894;-0.057242915;0.20793057;-0.025527309;2.205045889;0.052164689;-0.94207308;-0.044636366;-0.620561961;-0.031587921;-0.391807777;0.024227182;-0.931795774;-0.092421227;0.399929387;0.257661579;-0.008276864;-0.138401161;walk;61;
134.195;-0.719664181;-0.471703033;1.045259827;0.719159577;-1.562840914;-0.195234366;-1.155349053;-0.059854214;0.131812167;0.401363701;-1.659109355;0.192912932;-1.065606809;-0.095393886;-0.340866174;0.32438614;-0.218532743;0.298804395;-1.149571925;-0.037201451;0.306506372;0.161407528;-0.013603944;0.147789165;walk;62;
134.295;-0.305451165;-0.297644733;0.961442017;-0.438754439;-0.136171984;-0.255200388;-0.921990683;0.031734804;0.343188017;0.011132026;-1.122719773;0.286182203;-0.987239368;0.010466578;-0.038322302;-0.099375983;-1.038711068;0.26848772;-0.947409632;0.000839055;0.184176671;0.376099465;-0.074195479;0.08595117;walk;62;
134.395;-0.205648005;-0.16418595;0.96072603;-0.549863598;-0.172364977;-0.055466278;-0.991377313;0.070563494;0.171015502;-0.401773603;-0.639143095;0.210837519;-0.970786924;0.080027886;-0.16886836;-0.45093552;-1.282999609;0.057814645;-0.935152913;-0.06844747;0.234250274;-0.11905474;-0.153557297;-0.00102682;walk;62;
134.495;-0.268367003;-0.101381745;0.976674046;-0.178883477;-0.216390251;0.105003964;-0.98835979;0.066948777;0.057566498;-0.294826824;-0.745453144;0.064383244;-0.925835324;0.107530445;-0.207653946;-0.300916544;-1.153264835;-0.025757164;-0.871710929;0.097039645;0.233421809;-0.212546872;-0.070054144;0.040666598;walk;62;
134.595;-0.263456117;-0.170870426;0.967899759;0.217765567;-0.167454828;0.208541644;-0.973402292;0.035712798;0.247662052;-0.023331984;-0.986775413;-0.049937003;-0.961546111;0.047092156;-0.044413609;-0.009152657;-1.170449273;-0.05419743;-0.893761133;0.088905575;0.296185039;-0.176031495;0.095117646;0.293807546;walk;62;
134.695;-0.146273901;-0.128594493;1.107661904;0.833517856;-0.903994927;0.048512615;-1.230360171;0.061222705;0.02868182;0.266396665;-1.459332434;-0.274425189;-1.122392938;0.173327614;-0.226940961;0.330433416;-0.915466128;-0.187845546;-1.000936958;-0.075146448;0.399308481;-0.18537651;0.008005601;0.117980726;walk;62;
134.795;0.244085188;-0.178809691;0.973061618;1.923233698;-4.446962529;-1.288863052;-1.46152109;0.021944749;-0.050922841;0.401528584;-2.571252411;-0.450111017;-1.252512733;-0.0330594;-0.568889012;0.570625176;0.856946869;-0.252018937;-1.165397814;-0.079746428;0.280116563;-0.404593677;0.013818106;-0.251774307;walk;62;
134.895;-1.258344486;-0.431911435;1.031045565;1.662157151;-5.88239717;-0.781568194;-0.827588608;-0.036389657;0.596281705;-0.447987082;-1.760828376;-0.015025868;-1.207164123;-0.157395604;-0.124812119;-0.277311679;2.582066894;-0.383478783;-0.941598596;-0.007154121;0.134422788;-0.377213979;-0.073051231;-0.102107966;walk;62;
134.995;-0.479301837;-0.525144644;0.891026502;-1.592972962;3.110834932;1.751890325;-0.220515445;-0.115968471;0.629077808;-0.401013298;1.269134443;0.487804054;-1.043889379;-0.11423432;0.051528931;-0.605809362;2.178396692;-0.184927359;-0.927491748;-0.027893022;0.23300126;0.137259302;0.036891469;0.05154516;walk;62;
135.095;-0.20204543;-0.440548866;0.76941403;-2.149670938;5.269591657;1.640151059;-0.355262335;-0.118849983;0.446842153;-0.171466748;4.705792784;0.295501128;-0.740988519;-0.104213093;0.117040339;-0.34254386;0.778675124;0.004161519;-0.826019277;-0.171729246;0.294420405;0.075678577;-0.031586771;-0.005981237;walk;62;
135.195;-1.363158632;-0.926556455;0.814492602;-2.610629095;3.86056955;0.657520981;-1.220361559;-0.091601842;0.250154695;-0.63575022;4.890685125;0.298708521;-0.785301707;-0.057951548;-0.426474319;-0.705229593;-0.487149038;-0.033395953;-0.886246862;-0.059156306;0.326693782;0.114890955;-0.04577787;-0.184697918;walk;62;
135.295;-1.37103692;-0.378025737;0.443408688;0.416977175;-0.78997864;-1.160676748;-1.368329568;-0.08362553;-0.048791026;0.985631027;-0.622755303;0.09884617;-1.053631658;-0.000502616;-0.674158319;0.933782883;-0.059898454;0.331541314;-1.140246312;-0.055972722;0.326978183;0.2132603;0.043086807;0.104398705;walk;62;
135.395;-0.527502693;-0.546129784;1.07935987;0.472927753;-0.778644044;-0.23438479;-0.92259199;0.015201341;0.467302178;0.523152591;-1.788125178;0.216546916;-1.026503;-0.07200242;0.005258815;0.403523335;-0.633893237;0.386933753;-1.027285528;0.003714067;0.24597485;0.357883688;0.095716258;0.147687079;walk;62;
135.495;-0.234976343;-0.238550926;0.951729496;-0.612251467;-0.14180393;-0.103151685;-0.977354764;0.069724659;0.268429852;-0.336534009;-0.889340415;0.248847794;-0.996625239;0.084280339;-0.109101422;-0.408498181;-1.345760252;0.094498019;-0.963569971;-0.134939076;0.175204275;0.07324439;-0.144278958;0.024476253;walk;62;
135.595;-0.259015362;-0.173817839;0.95063403;-0.190162309;-0.184464134;0.04843092;-0.97775562;0.06922552;0.118951082;-0.223369684;-0.729195149;0.085242546;-0.929226518;0.099949653;-0.193759452;-0.239449725;-1.339818777;0.003161934;-0.876635907;0.10337524;0.176738719;-0.077645706;-0.099724878;-0.091765844;walk;62;
135.695;-0.258240734;-0.196551654;0.960085687;0.084918138;-0.240282143;0.13776928;-0.985792691;0.05420933;0.20788645;-0.134199793;-0.93541683;-0.013484115;-0.963238344;0.052476676;-0.112089024;-0.124146176;-1.21135082;-0.052733647;-0.899064202;0.084071034;0.254304743;-0.050448046;0.027607628;0.164429783;walk;62;
135.795;-0.221540439;-0.230331016;1.022877205;0.435649879;-0.731618084;-0.04466454;-1.107255165;0.020119624;0.187201204;-0.039333792;-1.197681907;-0.191707952;-1.050840737;0.125850402;-0.084403383;0.016206526;-1.192601392;-0.195043835;-0.933811161;-0.032182181;0.388974258;-0.084401037;0.068062636;0.235799392;walk;62;
135.895;0.069205038;-0.09428539;1.06245158;1.760019651;-2.79579146;-0.891435291;-1.389812398;0.103921279;-0.104132202;0.685150273;-2.071565832;-0.525165981;-1.209747009;0.119880697;-0.476433125;0.825541037;-0.181149755;-0.247451855;-1.138693737;-0.105034251;0.335128755;-0.186093908;-0.067470053;-0.300866758;walk;62;
135.995;-0.762948634;-0.389142881;0.925032855;2.192931167;-6.182182234;-1.473922233;-1.160783782;-0.019880788;0.299128588;-0.106842853;-2.366772751;-0.178444317;-1.197982052;-0.183126445;-0.351275999;0.039075392;2.126491192;-0.259452028;-0.972112164;-0.085607286;0.125410928;-0.501707121;-0.097917638;-0.177520196;walk;62;
136.095;-0.801188519;-0.712878065;1.258305551;-0.63694683;0.470491552;1.376001085;-0.380942479;-1.08E-01;0.694377331;-0.592360723;0.075600141;0.618262544;-1.189239191;-0.144521847;0.047331912;-0.828472797;2.624295757;-0.247646232;-0.987556373;0.027738337;0.141665959;-0.141586536;-0.015508143;0.069973315;walk;62;
136.195;-0.049953403;-0.388571572;0.668785289;-2.880492134;5.245532417;0.747972666;-0.245969511;-0.126383917;0.521330035;-0.069235226;4.042454553;0.323430598;-0.866146791;-0.041004144;0.197814684;-0.317292281;1.529827198;0.070027721;-0.866191468;-0.145086513;0.214991837;-0.016227237;-0.016298376;0.156285166;walk;63;
136.295;-1.330383552;-0.780465304;0.980039077;-1.902640065;4.892506262;0.699444113;-0.989790214;-0.092069013;0.475118477;0.013440966;5.479755405;0.017416033;-0.738374602;-0.102444384;-0.151185588;-0.006801398;-0.253633084;0.033873206;-0.908867141;-0.122224819;0.324610855;0.082408327;-0.013073697;-0.262127843;walk;63;
136.395;-1.635316347;-0.393945048;0.197029684;-0.559190434;0.395327387;-0.721382548;-1.344963228;-0.066356166;0.126898325;0.237712392;0.610016409;0.131073802;-0.977742455;-0.038394981;-0.650111713;0.200350501;-0.455808844;0.177832616;-1.01383434;0.042344975;0.32507149;0.349035749;-0.023629051;-0.181116289;walk;63;
136.495;-0.595154143;-0.440120241;1.184688581;0.466370941;-1.241237723;-0.265428558;-1.051954514;0.000519603;0.254967748;0.40572183;-1.831967267;0.221246838;-1.061886812;-0.042758315;-0.143872258;0.310991389;-0.438693129;0.334950827;-1.133138736;-0.005463052;0.129837732;0.51063599;0.147024776;0.106007089;walk;63;
136.595;-0.254900949;-0.251830517;0.942241978;-0.539174902;-0.140393366;-0.127852062;-0.950935711;0.068295354;0.354320983;-0.24135394;-0.966771268;0.251307377;-1.007915039;0.06068959;-0.031611156;-0.319697844;-1.199948703;0.141454651;-0.955847698;-0.084371459;0.186617847;0.31508665;0.010926712;-0.023635356;walk;63;
136.695;-0.249229599;-0.124876771;0.952346421;-0.632686957;-0.185777284;-0.097586656;-0.978238476;0.081241445;0.176971619;-0.596672176;-0.617007574;0.118147109;-0.958207659;0.080478913;-0.140264292;-0.603162161;-1.304938109;-0.083949529;-0.88593326;0.045954006;0.193204717;-0.230255721;-0.033412272;0.010948547;walk;63;
136.795;-0.280964515;-0.034279639;0.976094963;-0.313723306;-0.207369487;0.047924637;-0.988699963;0.087024165;0.168233812;-0.540940961;-0.686878011;-0.027067448;-0.963473379;0.118380294;-0.084812516;-0.51370625;-1.207767332;-0.173986812;-0.89737441;0.159568609;0.233550534;-0.219408824;0.017623223;0.289610784;walk;63;
136.895;-0.272228109;-0.06861271;1.012170837;0.184085306;-0.43255506;0.060122608;-1.054710477;0.022450382;0.162174539;-0.246523438;-0.894735916;-0.24955755;-1.019069021;0.10460976;-0.037924544;-0.182731213;-1.106931499;-0.300628869;-0.913242785;0.014101608;0.312119921;-0.018017559;-0.022212263;0.277736676;walk;63;
136.995;-0.168453656;-0.014472818;1.092782176;1.441516618;-1.502477951;-0.104805902;-1.236814387;0.069127334;0.042407121;0.887520647;-1.483465974;-0.570419966;-1.163568713;0.160432063;-0.17419871;1.003256938;-0.578192613;-0.315548058;-1.124203955;-0.075806294;0.339759292;-0.030602902;-0.115113915;-0.143228683;walk;63;
137.095;-0.07114147;-0.199809912;0.843035159;2.063023096;-4.752821228;-1.177096488;-1.298608457;0.029575234;-0.022502305;0.688857334;-2.355899916;-0.556494993;-1.133860231;-0.071664536;-0.491597386;0.87218902;1.105868163;-0.22100407;-0.998377049;-0.079765265;0.210533327;-0.198496325;-0.006836413;-0.251374704;walk;63;
137.195;-1.301661499;-0.463207731;1.22590487;1.539109553;-4.25628036;0.146558531;-0.742513871;-0.019260346;0.644430527;-0.294114041;-1.594142364;0.033241324;-1.193393913;-0.160924333;-0.06572325;-0.217429817;2.576491787;-0.239206561;-0.99832102;-0.032524533;0.090900337;-0.098779491;-0.044730018;-0.104778106;walk;63;
137.295;-0.226374795;-0.419803156;0.805350337;-1.552833364;3.622134305;2.063492387;-0.261583004;-0.106237827;0.596667625;-0.195525704;1.758692873;0.440314322;-1.045857143;-0.083906753;0.077973217;-0.482910622;2.135345631;0.005518111;-0.917976461;-0.106081308;0.221923316;0.011671383;0.078700207;0.125535494;walk;63;
137.395;-0.334393219;-0.597593479;0.872817326;-2.17366802;5.05031694;1.733981229;-0.498124936;-0.13151397;0.463014466;0.051849251;5.046919746;0.15652135;-0.745237806;-0.105005988;0.107546595;-0.099480492;0.643779205;0.129196737;-0.857760167;-0.095305237;0.271183684;0.072337472;-0.005204083;0.017853533;walk;63;
137.495;-1.635860964;-0.799623549;0.554745974;-2.548576069;3.275572241;-0.689875233;-1.320996022;-0.09372539;0.261597553;-0.069037026;4.014236087;0.08606233;-0.847507518;-0.060023826;-0.525805288;-0.094641297;-0.395497729;0.0356428;-0.929387793;-0.079255438;0.350060709;0.258627659;0.013945184;-0.223640525;walk;63;
137.595;-1.211515737;-0.546217959;0.679147858;0.460371183;-1.160270023;-0.54604986;-1.274518473;-0.056518417;0.206949038;0.473727817;-1.240132961;0.115898255;-1.08239831;-0.103549785;-0.462001071;0.425370934;-0.1136538;0.230657532;-1.168208413;-0.081034758;0.314300164;0.150967394;0.048897537;0.059254666;walk;63;
137.695;-0.345649305;-0.283958737;1.023227927;-0.614373695;-0.314241146;-0.295080762;-0.919788772;0.030804674;0.389359576;-0.244362656;-1.306082159;0.25585221;-1.006325793;0.004273623;0.029608329;-0.321550671;-1.073639873;0.146609794;-0.977676699;0.014398715;0.145858205;0.404440699;-0.007555169;-0.030834195;walk;63;
137.795;-0.225731986;-0.089275327;0.976899561;-0.657950096;-0.138113976;-0.164671898;-0.989417355;0.083059318;0.152148416;-0.47360593;-0.749091336;0.163409965;-0.967785532;0.099681363;-0.157644948;-0.501293741;-1.262339228;-0.009355242;-0.9447524;-0.057811536;0.155510119;-0.006382758;-0.111330439;-0.085216613;walk;63;
137.895;-0.234907354;-0.070692655;0.965838538;-0.361566174;-0.192397497;-0.021292203;-0.985605652;0.06379656;0.14143876;-0.47527041;-0.734473453;0.010355753;-0.950012454;0.07348755;-0.146487992;-0.458165624;-1.23326457;-0.128650572;-0.882608633;0.092897134;0.227168129;-0.241886435;0.018069616;0.038590605;walk;63;
137.995;-0.265334463;-0.017531038;0.981497965;-0.041223896;-0.36088476;0.257569891;-0.986173844;0.064408735;0.190764653;-0.461030184;-0.804907521;-0.061516037;-0.967477896;0.076457597;-0.05361754;-0.431579003;-1.247045684;-0.174190956;-0.891889757;0.094753604;0.258660418;-0.376804617;0.131284985;0.452870433;walk;63;
138.095;-0.253661135;-0.049134738;1.09473401;0.830921416;-0.789339693;0.203230255;-1.170694992;0.016062553;0.040007485;0.289213265;-1.33927286;-0.371975171;-1.08376009;0.181482859;-0.127379686;0.368985343;-0.871667744;-0.286888917;-0.987982546;-0.02004311;0.357618354;-0.241758819;0.033728827;0.156945087;walk;63;
138.195;0.149949399;-0.116923987;1.009801986;2.123951872;-3.5432792;-0.72883712;-1.395838243;0.068650884;-0.039747059;1.062621639;-2.314196943;-0.666423405;-1.232944954;0.037768615;-0.454944516;1.237792498;0.368357023;-0.229711359;-1.155310321;-0.029215811;0.31185837;-0.092847189;0.006490273;-0.368220987;walk;64;
138.295;-0.994655564;-0.368915704;1.038890763;1.628051763;-5.893933045;-1.216657992;-1.016585569;-0.010435279;0.416285808;0.009963697;-2.184791053;-0.363221308;-1.160618719;-0.153803336;-0.242127224;0.264115448;2.348867763;-0.296914495;-0.925688678;-0.062143732;0.096581858;-0.11064493;-0.107016377;-0.237326726;walk;64;
138.395;-0.636831527;-0.418640644;1.194901335;-0.159333472;1.8385777;2.367642863;-0.321757353;-0.079400397;0.693999961;-0.308174578;0.636253469;0.362274097;-1.17942663;-0.139921042;0.034490589;-0.465123045;2.592102654;-0.131365498;-0.99363284;-0.025011731;0.180821335;0.086750526;-0.00551005;0.018291062;walk;64;
138.495;-0.061918861;-0.438359935;0.649834335;-2.320506342;4.906848722;1.942205885;-0.2360851;-0.139401765;0.530468832;-0.114587153;4.490595898;0.363616515;-0.804406433;-0.122365063;0.208658136;-0.377081902;1.279889161;0.071357519;-0.815265934;-0.120237202;0.25160326;0.125794927;-0.103342429;0.124641559;walk;64;
138.595;-1.388204968;-1.0638141;0.804526623;-2.868218207;4.235187403;0.316682467;-1.117682999;-0.155377059;0.391391184;-0.317465568;5.208659989;0.168532642;-0.731601345;-0.07913752;-0.282854399;-0.366863219;-0.413857907;-0.045492244;-0.959116596;-0.125262177;0.292045921;0.172194829;-0.050912802;-0.197682865;walk;64;
138.695;-1.396840407;-0.457312413;0.377779699;0.11322132;-0.389360633;-0.6349816;-1.360856004;-0.053738844;0.082704113;0.389590849;-0.181388018;0.000444427;-1.042127609;-0.069058582;-0.663413152;0.377333625;-0.360184937;0.09508233;-1.072266909;-0.010540793;0.328488945;0.158146417;0.083853417;-0.036092899;walk;64;
138.795;-0.520715171;-0.409393559;1.142070681;-0.046705911;-0.891986426;-0.223177188;-0.995095765;-0.006882099;0.308220218;-0.050423977;-1.577985537;0.208249817;-1.037332094;-0.041553457;-0.069177483;-0.119715264;-0.635625472;0.175409111;-1.073336259;0.027487815;0.171682826;0.202936489;0.023083524;0.204389639;walk;64;
138.895;-0.212099785;-0.204391241;0.951149756;-0.478106999;-0.067403198;-0.107800827;-0.966059098;0.058275604;0.219732844;-0.228755597;-0.904167023;0.179503576;-0.971137675;0.058966746;-0.126714905;-0.278971319;-1.272282544;0.0848524;-0.945060877;-0.091962975;0.163919325;0.218752752;-0.045401072;0.065073024;walk;64;
138.995;-0.216810177;-0.126702657;0.959665754;-0.331943035;-0.228937818;0.012682636;-0.982797072;0.063876446;0.091683413;-0.381314208;-0.728790837;0.084143846;-0.932323883;0.083260341;-0.202204096;-0.388808065;-1.263941688;-0.040497937;-0.885286149;0.020895169;0.218381773;-0.210751684;0.015134494;0.007229273;walk;64;
139.095;-0.269602766;-0.159017237;0.989622957;0.119116004;-0.194573635;0.130496166;-0.996749049;0.027754141;0.177538824;-0.098945845;-0.91677463;-0.06115864;-0.96631724;0.065110363;-0.094307779;-0.078478458;-1.231771197;-0.086752247;-0.889563054;0.11433326;0.265762518;-0.221011768;0.106398352;0.28160043;walk;64;
139.195;-0.211583138;-0.176358031;1.03453072;0.648928196;-0.616655508;0.031859236;-1.100191852;0.03609765;0.162294808;0.169222556;-1.256107531;-0.291310528;-1.045436397;0.137359656;-0.079978026;0.239870104;-1.067108984;-0.235558176;-0.954186273;0.018602008;0.333114128;-0.174447457;0.113477299;0.21979859;walk;64;
139.295;0.053408002;-0.127234324;1.076019847;2.028841202;-2.568256893;-0.558039564;-1.36768198;0.090316775;0.000315721;0.815058117;-1.953913801;-0.603491117;-1.236034496;0.105099723;-0.367517416;0.971070782;-0.287867887;-0.291233208;-1.149569347;-0.038355687;0.36131514;-0.120548006;-0.077806092;-0.249243319;walk;64;
139.395;-0.622249421;-0.383812433;0.926781171;2.567579504;-5.780901385;-1.380890977;-1.188208417;6.16472E-05;0.209794509;0.024291198;-2.341237932;-0.283540151;-1.169823902;-0.155542236;-0.3812631;0.193112347;1.973407309;-0.256632297;-0.980160387;-0.125569326;0.101263355;-0.305032234;-0.087097231;-0.19341623;walk;64;
139.495;-0.791360678;-0.750370671;1.170966148;0.308155563;-0.377496508;1.411946679;-0.417779838;-0.097836382;0.691282634;-0.385972521;-0.298507352;0.438785397;-1.155853272;-0.156969274;0.03639314;-0.579474278;2.612001029;-0.129492267;-0.959854666;0.000302319;0.148976624;0.002780093;-0.026949113;0.001037282;walk;64;
139.595;0.051490019;-0.411843267;0.67334154;-3.171466415;4.615974533;0.890111556;-0.259813221;-0.139843636;0.48666124;-0.037033394;3.522521881;0.333431696;-0.868748553;-0.071939457;0.118025917;-0.314111657;1.592881465;0.103037593;-0.887891428;-0.123599432;0.23942708;0.0619967;0.080514277;0.124241563;walk;64;
139.695;-0.837498846;-0.906866564;1.106299653;-2.425100962;4.778064521;1.102767498;-0.89607345;-0.116025106;0.375302046;-0.121731728;5.63861438;0.090055731;-0.703235785;-0.13949024;-0.138353705;-0.168789867;-0.055993395;0.02233629;-0.839821713;-0.086553252;0.331393332;0.142663685;0.053787469;-0.056330382;walk;64;
139.795;-1.788321058;-0.391867517;0.231019969;-1.637196723;1.542870854;-1.355468199;-1.373248951;-0.060328321;0.080876411;0.162244765;1.687480533;0.087069385;-0.948806702;0.040445471;-0.660462807;0.142467425;-0.243018137;0.093001588;-0.998143199;-0.097287216;0.380594029;0.191273188;0.096596014;-0.109893353;walk;64;
139.895;-0.698051239;-0.523266499;1.096822401;1.164060976;-1.777446195;-0.514430596;-1.135324464;-0.035572155;0.179025451;0.978103367;-1.975887686;0.130524945;-1.069832642;-0.093489548;-0.298877893;0.894068861;-0.275079994;0.404456112;-1.157585058;-0.052921212;0.321561543;0.099423594;0.174295652;0.22875317;walk;64;
139.995;-0.335113464;-0.345096907;0.956049838;-0.174336821;-0.233966702;-0.165870298;-0.909050807;0.04137914;0.376773497;0.163206811;-1.303055297;0.271387564;-0.983422726;0.024615762;-0.008233989;0.043387277;-1.1316948;0.312975957;-0.927987562;-0.064740007;0.133744326;0.371111462;0.015047024;0.03108985;walk;64;
140.095;-0.242267178;-0.224298034;0.957618088;-0.287901378;-0.145365927;-0.027674307;-0.975528173;5.95E-02;0.245058376;-0.1506459;-0.829477968;0.167913162;-0.978469082;0.064286086;-0.128051879;-0.202974402;-1.333914287;0.100160805;-0.973272421;-0.064873492;0.202024959;-0.102738735;0.035584625;-0.212928844;walk;64;
140.195;-0.24538715;-0.219959128;0.931673694;-0.451296681;-0.164967959;-0.008965173;-0.967468291;0.039181623;0.23055859;-0.496056629;-0.713338202;0.101660291;-0.948826174;0.026581457;-0.097153005;-0.504198165;-1.45416438;-0.055393793;-0.813672233;0.128323786;0.278679193;-0.099790889;0.055564811;-0.001377783;walk;65;
140.295;-0.252746697;-0.114615662;1.020566026;-0.30410153;-0.469492147;-0.049895051;-1.065644813;0.042786854;0.180562091;-0.612446445;-0.910101739;-0.031468852;-1.029320243;0.099406834;-0.044507515;-0.585855069;-1.344830538;-0.184267838;-0.873137685;0.023534475;0.352149323;-0.210334884;0.0792702;0.405199828;walk;65;
140.395;-0.113321655;0.01941141;1.133436216;1.478894446;-1.667276259;-0.085118935;-1.307925314;0.1193312;-0.110300633;0.841059743;-1.673878373;-0.422594544;-1.176091654;0.246191908;-0.313891112;0.921306608;-0.54730028;-0.170612346;-1.111526281;-0.060258962;0.360586306;-0.117703641;-0.285051865;-0.136033541;walk;65;
140.495;-0.10064765;-0.288689935;0.901012294;2.477964932;-5.371928155;-1.193444005;-1.338003343;0.012604713;0.059392822;0.408319989;-2.6808628;-0.333172015;-1.186074455;-0.138320451;-0.518888793;0.537985248;1.630392521;-0.14265944;-1.043664336;-0.064505678;0.163161804;-0.14726378;-0.046075347;-0.422358773;walk;65;
140.595;-1.065142322;-0.713988248;1.278197394;1.071019653;-3.365297304;0.102884227;-0.578681217;-0.11379114;0.726036696;-0.635131659;-1.056122344;0.378615533;-1.258403198;-0.191738049;0.011178464;-0.667592188;2.847326352;-0.347453508;-0.997080029;-0.006582209;0.14054647;-0.057018951;-0.036657045;-0.125118449;walk;65;
140.695;-0.234837154;-0.499513167;0.698532434;-2.818248252;4.646666034;0.978144553;-0.189322126;-0.134624089;0.572170655;-0.317192349;2.828314406;0.459557496;-0.948414852;-0.080919003;0.119463005;-0.545941186;1.963315754;-0.11578059;-0.895848551;-0.078376386;0.260213929;0.046328288;0.111504243;0.132565134;walk;65;
140.795;-0.628647945;-0.745584085;0.897292378;-1.633877221;5.059346308;2.341892939;-0.65835162;-0.131765508;0.432186259;-0.313351281;5.363997228;0.158514399;-0.696426515;-0.103710524;0.005462421;-0.336303216;0.261175211;-0.125528764;-0.81233268;-0.105853425;0.337879942;0.090138888;0.002147848;-0.104864247;walk;65;
140.895;-1.665948473;-0.606922014;0.432995759;-2.44191409;2.807167724;-0.904184666;-1.337877183;-0.062298197;0.16261237;-0.211973908;3.185405925;0.068536348;-0.886114047;0.004488941;-0.593742217;-0.212619485;-0.421608262;-0.041079535;-0.950133236;-0.030488647;0.374811616;0.209408462;-0.018689487;-0.134499372;walk;65;
140.995;-0.805160689;-0.40794355;0.815366699;1.034499339;-1.608251665;-0.419335342;-1.2306906;-0.056699808;0.010253343;0.795369092;-1.416118499;0.111145684;-1.057582405;-0.089753574;-0.516769326;0.740568217;-0.266564016;0.30347363;-1.132353772;-0.06836872;0.388466936;0.202891759;-0.015554586;0.158180987;walk;65;
141.095;-0.44491809;-0.412503477;1.0281799;-0.178426003;-0.531655446;-0.295005012;-0.92767489;0.03331386;0.364727309;0.091134347;-1.422713218;0.268663129;-0.987784673;-0.013565046;-0.023763448;-0.010078943;-0.94005787;0.280366258;-0.97064683;0.04712013;0.159692203;0.374041323;-0.071908198;0.154144951;walk;65;
141.195;-0.238096949;-0.155472898;0.970670021;-0.696697328;-0.154939411;-0.177573049;-0.991357897;0.079897736;0.183710948;-0.457032564;-0.843960657;0.18438085;-0.979638593;0.104180617;-0.131387149;-0.493189039;-1.280164644;0.012801016;-0.975232576;-0.141619962;0.162646249;0.024806986;-0.141829365;-0.03620536;walk;65;
141.295;-0.263088578;-0.100326701;0.968569479;-0.143518742;-0.164571421;0.060554214;-0.976429012;0.062034219;0.103713021;-0.208940317;-0.735277499;0.040775738;-0.936717821;0.09511418;-0.162814399;-0.211652192;-1.27120735;-0.024986352;-0.884144626;0.089241637;0.207731503;-0.166443873;-0.052915283;-0.118360635;walk;65;
141.395;-0.258007611;-0.179116856;0.959895731;0.090249205;-0.173459883;0.048506332;-0.983849746;0.019954869;0.227810917;-0.050208519;-0.89290677;-0.05760951;-0.968463915;0.021319243;-0.051376524;-0.034161521;-1.308982842;-0.06789075;-0.886059432;0.101157315;0.267367672;-0.178476729;0.142793046;0.236449684;walk;65;
141.495;-0.228824403;-0.129900614;1.065458347;0.475793138;-0.671568982;-0.086729146;-1.137983254;0.030196712;0.091311391;0.129285755;-1.218613919;-0.243183577;-1.071865514;0.154113693;-0.090435191;0.181116184;-1.135601198;-0.206616642;-0.945189425;-0.012694935;0.365285925;-0.127131249;0.046561886;0.212387498;walk;65;
141.595;0.165615772;-0.114083285;1.058450718;1.925916695;-3.067412307;-0.907456411;-1.427327303;0.093620791;-0.132022107;0.993569281;-2.299478958;-0.548001447;-1.238135042;0.091275915;-0.501890256;1.121442524;0.203560419;-0.189590071;-1.188746943;-0.049693198;0.307399457;-0.170778939;-0.059894668;-0.30093196;walk;65;
141.695;-0.797995593;-0.350853716;0.830871105;1.473138601;-6.73242885;-1.795275484;-1.083899435;-0.06157716;0.388133877;-0.261994426;-2.291547035;-0.222830638;-1.207424682;-0.208716076;-0.257024647;-0.036893839;2.368963132;-0.394382008;-0.967177768;-0.042982645;0.107206571;-0.259858447;0.032031363;-0.17596438;walk;65;
141.795;-1.057067053;-0.501705053;1.266205478;-0.533549965;1.070254097;1.534647959;-0.315236332;-0.053520825;0.715576683;-0.565739146;0.254799445;0.437460913;-1.146498904;-0.100895084;0.061537276;-0.650749957;2.61117503;-0.318891542;-0.97077762;0.007238044;0.184772707;-0.006420684;0.1017248;0.032154113;walk;65;
141.895;-0.079140911;-0.347251616;0.547804013;-1.779785271;5.359740559;2.43749179;-0.248652914;-0.120666771;0.514445601;-0.164932064;3.965880694;0.392032161;-0.853282452;-0.066497836;0.156361118;-0.42218648;1.380231384;0.016994758;-0.837637462;-0.122080006;0.292949001;0.07866976;0.125996786;0.135202027;walk;65;
141.995;-1.001411117;-0.990763;0.940884008;-2.601648943;4.53797893;1.360003389;-0.997280184;-0.101396395;0.384020903;-0.24360459;5.471310752;0.157973227;-0.730483918;-0.100386505;-0.198251843;-0.298782138;-0.255781014;-0.003926564;-0.877365469;-0.113794218;0.337433975;0.130743706;0.022613001;-0.164130838;walk;65;
142.095;-1.621993614;-0.394397691;0.287478055;-1.458094568;0.909939993;-1.785386428;-1.340247229;-0.076186037;0.120408232;0.420050568;0.975288533;0.115765254;-0.978258943;-0.004357971;-0.603132488;0.383815703;-0.38273705;0.195246769;-0.953229859;-0.008792882;0.420464275;0.236360477;-0.055843032;-0.07975518;walk;65;
142.195;-0.507416483;-0.459361151;1.153556381;1.016984742;-1.78407233;-0.127891626;-1.112638633;-0.021319028;0.119949759;0.539267329;-1.658934977;0.176611083;-1.064133648;-0.074214137;-0.284973768;0.464910238;-0.441337531;0.317703563;-1.167881044;-0.042707054;0.232568278;0.279183966;-0.037354162;0.160864638;walk;66;
142.295;-0.320257901;-0.284769901;0.961673868;-0.374539648;-0.181257179;-0.224282843;-0.935647812;0.056985132;0.278947398;0.000892112;-1.098862634;0.255073009;-0.973210975;0.045018347;-0.06042435;-0.089672309;-1.004114989;0.238436419;-0.92258951;-0.031146442;0.14330657;0.261222969;-0.024756749;0.070238664;walk;66;
142.395;-0.244554902;-0.185320077;0.969520434;-0.206908888;-0.154703851;-0.015755867;-0.989455113;0.060818219;0.158775605;-0.090862517;-0.746009993;0.149929414;-0.971014318;0.081947098;-0.16559384;-0.13646646;-1.092107035;0.109927752;-0.967845348;-0.037946295;0.212040084;-0.032976428;-0.127251563;-0.133463508;walk;66;
142.495;-0.239181971;-0.227977155;0.932285701;-0.389462972;-0.128568105;-0.033943908;-0.967986115;0.037034215;0.190367889;-0.391972303;-0.737398711;0.075303226;-0.939003291;0.01984003;-0.142046037;-0.397368523;-1.199261195;-0.043367488;-0.866868411;0.096808717;0.275725311;-0.079037828;0.035935943;-0.01687598;walk;66;
142.595;-0.258831674;-0.097355296;0.986840621;-0.35052094;-0.235211585;-0.047482296;-1.003969803;0.057452067;0.19492615;-0.557374345;-0.842670062;-0.0254889;-0.978726379;0.091739309;-0.047028493;-0.532905884;-1.26578343;-0.167442914;-0.876629465;0.062845234;0.305465425;-0.211057668;0.110742145;0.409305166;walk;66;
142.695;-0.221984197;-0.042848155;1.099802362;0.803060883;-0.790920006;-0.004288568;-1.171597446;0.062543906;0.09595867;0.385543907;-1.261387956;-0.33774317;-1.11417418;0.198583851;-0.082806304;0.455175349;-0.957250022;-0.232163059;-1.017527032;-0.059702649;0.387703378;-0.14938322;-0.024512242;0.065269961;walk;66;
142.795;0.180590848;-0.119265586;1.004754364;2.174104888;-3.664332119;-0.692758679;-1.43107284;0.085096748;-0.134828342;0.80844433;-2.284738845;-0.47600406;-1.224867092;0.02296853;-0.565572537;0.930441804;0.465730349;-0.168588935;-1.133050587;-0.030064103;0.296490216;-0.279896183;-0.07113386;-0.27132957;walk;66;
142.895;-1.000003334;-0.394624914;0.977062338;2.087777828;-6.371536812;-0.993691876;-0.993161915;-0.028161057;0.447860879;-0.386812612;-2.1490654;-0.030612737;-1.202105332;-0.168712587;-0.217307116;-0.251609711;2.660506412;-0.337230923;-0.935401081;-0.042983729;0.104750259;-0.177920242;-0.093767115;-0.226695446;walk;66;
142.995;-0.65281548;-0.7549825;1.100317464;-0.831378915;1.932948174;2.321565282;-0.273413813;-0.094575379;0.6619439;-0.360481665;0.919697061;0.514002383;-1.122323612;-0.080015949;0.067600189;-0.622018836;2.531810731;-0.115549454;-0.97847867;0.004853037;0.218018371;0.138044074;0.08309486;-0.008862939;walk;66;
143.095;-0.141210741;-0.451493628;0.695549906;-3.04798418;5.67840513;1.29996533;-0.338409436;-0.135886505;0.450720733;0.053972845;4.682294084;0.084696151;-0.752142386;-0.071643722;0.141628875;-0.048100541;1.017767607;0.075652392;-0.827884524;-0.12080934;0.325906686;0.143469915;0.104791922;-0.00339797;walk;66;
143.195;-1.308828206;-0.949617143;0.882048147;-2.613146787;4.164043851;0.698289122;-1.204591273;-0.071809039;0.295893603;-0.363232348;5.118276566;0.070321227;-0.782377234;-0.098526591;-0.403172174;-0.355468732;-0.376461012;-0.086677783;-0.859226176;-0.019377629;0.3632268;0.292004062;0.022273974;-0.247713255;walk;66;
143.295;-1.404162248;-0.305048244;0.345720438;-0.342315514;-0.209239209;-1.482707899;-1.298182859;-0.064325278;0.060522127;0.771958275;-0.111486687;0.102983063;-1.007409574;-0.004773295;-0.577852692;0.7317899;-0.274864061;0.264321246;-1.053700805;-0.080674636;0.424673628;0.391535296;-0.086249267;-0.014657701;walk;66;
143.395;-0.516627133;-0.498805906;1.173893154;0.841923497;-1.451689915;-0.213253144;-1.040367598;-0.004532156;0.195795007;0.553189424;-1.751758476;0.239021787;-1.033223537;-0.068283535;-0.196442818;0.449994137;-0.609751074;0.393355074;-1.094906962;-0.024347051;0.235336047;0.231547964;0.020375505;0.207181325;walk;66;
143.495;-0.28987537;-0.336089264;0.931495596;-0.521531084;-0.162045506;-0.192360746;-0.949558478;0.052047714;0.310003572;-0.10983555;-1.097443659;0.312789712;-0.98021946;0.04164874;-0.054379353;-0.21535176;-1.21972802;0.253055108;-0.935842915;-0.056433576;0.150225651;0.285515838;-0.092436151;0.088123302;walk;66;
143.595;-0.232000278;-0.203224593;0.942894026;-0.752400624;-0.221293654;-0.148803943;-0.985038603;0.076998807;0.208861545;-0.623205512;-0.73189791;0.174580526;-0.969801993;0.066048803;-0.11765462;-0.647634604;-1.342439173;-0.031738068;-0.916529673;-0.0057596;0.198253207;-0.196525707;-0.111217625;-0.08302995;walk;66;
143.695;-0.283232492;-0.057694783;0.978462489;-0.438777355;-0.267054642;-0.030051952;-0.991428037;0.072342641;0.130513969;-0.595965764;-0.795229041;0.012258048;-0.957585739;0.106680267;-0.101954543;-0.577713032;-1.214198296;-0.148838876;-0.882883099;0.095384381;0.224206088;-0.304651518;-0.097007921;0.14567967;walk;66;
143.795;-0.281276502;-0.078116411;1.018577525;0.170616359;-0.533181594;0.053485557;-1.05765633;0.024127757;0.162037056;-0.158246257;-1.034080564;-0.141009005;-1.021255296;0.100658742;-0.050343968;-0.119907228;-1.13498964;-0.175507619;-0.938070193;-0.01255783;0.309091993;-0.436932723;0.114104747;0.478275922;walk;66;
143.895;-0.042973574;-0.043782439;1.098033041;1.317552101;-1.99276196;-0.286065438;-1.328757555;0.097754177;-0.108750654;0.722183235;-1.90778125;-0.4525483;-1.166179102;0.168334625;-0.40265975;0.822608861;-0.307565065;-0.212970371;-1.101512161;-0.087322863;0.352894473;-0.334181385;-0.087048251;-0.107168019;walk;66;
143.995;-0.315462412;-0.267260579;0.849319912;1.362875567;-6.057916384;-1.65766548;-1.301577497;-0.040670962;0.16431937;0.19424438;-2.614672173;-0.440727779;-1.201732431;-0.139002019;-0.439511686;0.42682214;1.799356877;-0.296688485;-1.022174559;-0.040425523;0.16587457;-0.431010264;0.019481176;-0.289510074;walk;66;
144.095;-1.223421141;-0.335593104;1.477747195;0.315185378;-1.952131176;0.662932648;-0.500888204;-3.70E-02;0.712352303;-0.500787187;-0.755459781;0.172634993;-1.212510933;-0.143247929;-0.011423484;-0.408356624;2.678144088;-0.364220216;-0.98711301;0.034819707;0.143211399;-0.019172863;0.009128409;-0.091446779;walk;66;
144.195;-0.133498132;-0.25888637;0.649839898;-1.313150755;5.172486585;2.084982006;-0.174650401;-0.097691337;0.545324842;-0.188801368;3.172922084;0.43415379;-0.933066251;-0.073432051;0.142900025;-0.470614972;1.75750939;-0.004350216;-0.888839968;-0.103160903;0.247987474;0.124463613;0.139335805;0.169562358;walk;67;
144.295;-0.843433577;-0.844056481;0.91591876;-1.752107771;4.985712658;2.354662739;-0.767320499;-0.115447164;0.455490888;-0.241391423;5.572742763;0.255636723;-0.701928364;-0.092108931;-0.026279809;-0.362178656;-0.035415107;0.018938865;-0.865587582;-0.114192978;0.345942642;0.183799735;0.004653981;0.007311392;walk;67;
144.395;-1.793207616;-0.571700908;0.19491112;-1.635797308;1.693909216;-1.414490244;-1.369842054;-0.085071604;0.204904091;0.390490473;1.807467618;0.074689906;-0.927394385;-0.026669269;-0.633349964;0.357155734;-0.584671302;0.15996269;-0.940530133;-0.070468233;0.38676892;0.267015448;0.113740702;-0.116061428;walk;67;
144.495;-0.688650894;-0.505199129;1.111325111;0.560767299;-1.490633264;-0.304855697;-1.135049013;-0.024259616;0.263528092;0.33516305;-1.703713949;0.172799776;-1.104720544;-0.083950561;-0.206326764;0.266399072;-0.471694529;0.258817643;-1.18508525;-0.02919321;0.199135483;0.466988393;0.169850091;0.125439579;walk;67;
144.595;-0.276510973;-0.250895775;0.962967355;-0.652681908;-0.126414224;-0.22333466;-0.943923856;0.05889315;0.326114054;-0.28494753;-1.006349647;0.247462565;-0.998249036;0.043832793;-0.018212219;-0.35533156;-1.166855041;0.129195612;-0.903855779;-0.159221225;0.22149;0.28782195;0.033177081;-0.04531138;walk;67;
144.695;-0.220502686;-0.104615656;0.960476024;-0.58023292;-0.139154043;-0.077896823;-0.980156149;0.083502421;0.159470415;-0.53277047;-0.653105862;0.114774663;-0.958332796;0.094512181;-0.143354517;-0.542218705;-1.216920038;-0.061029535;-0.903340972;0.013786047;0.25159848;-0.230448244;-0.108355181;-0.130308952;walk;67;
144.795;-0.252069145;-0.055126563;0.987099728;-0.107869281;-0.206069166;0.092551405;-0.994160363;0.052804705;0.100464023;-0.301225869;-0.720510531;-0.022044884;-0.952008407;0.092145941;-0.143404943;-0.284553561;-1.209919992;-0.103171304;-0.865370267;0.107986508;0.30113544;-0.220295958;-0.022237308;0.039051421;walk;67;
144.895;-0.266921404;-0.126245662;1.007528674;0.438950632;-0.289719233;0.213847074;-1.022991012;0.022979737;0.166727992;0.074258295;-1.05408928;-0.178163339;-0.986667401;0.085472476;-0.055307303;0.114216409;-1.108451617;-0.155761579;-0.887381027;0.053489026;0.325529271;-0.138916753;0.096058532;0.226157824;walk;67;
144.995;-0.08858381;-0.105201141;1.110273495;1.464793342;-1.384342343;-0.064506002;-1.261244386;0.081687396;0.086537826;0.776829896;-1.668551218;-0.472732683;-1.178970619;0.165402125;-0.186525687;0.877355856;-0.579390442;-0.231715851;-1.059178748;-0.010571873;0.442096698;-0.196686732;-0.151894733;-0.050391554;walk;67;
145.095;-0.005151206;-0.234340644;0.89591272;2.219179525;-4.979505839;-1.402109003;-1.373806752;0.011547674;0.016985036;0.415523175;-2.447443346;-0.445584265;-1.20147994;-0.099689532;-0.52233825;0.587597981;1.130879247;-0.227941503;-1.092219031;-0.050465091;0.21699003;-0.246382645;-0.076847246;-0.19665618;walk;67;
145.195;-1.213048802;-0.599098069;1.237315278;1.858107122;-4.288711277;0.286372734;-0.718165128;-0.0381319;0.644698421;-0.519853747;-1.494115728;0.223161405;-1.209617588;-0.165694383;-0.081570978;-0.494681084;2.737236704;-0.315801898;-0.968471424;-0.029494722;0.132435563;-0.128119708;-0.086216949;-0.114698555;walk;67;
145.295;-0.160324108;-0.49726891;0.736015263;-2.581800647;3.623262834;1.379041267;-0.186655035;-0.12150718;0.594459878;-0.273471078;2.079036298;0.578830961;-1.016988716;-0.093632823;0.105790865;-0.640027832;2.144291508;-0.031640628;-0.930085069;-0.079708666;0.229357845;0.075758967;0.072984075;0.078913125;walk;67;
145.395;-0.432720994;-0.691462137;0.85267541;-2.557460294;5.132867332;1.565455571;-0.493170199;-0.134853555;0.456559763;-0.220096923;5.202557465;0.323460512;-0.693081771;-0.099140162;0.099575492;-0.402198847;0.482499949;0.016525544;-0.806127371;-0.106815307;0.323318568;0.068105735;0.046783899;-0.047026868;walk;67;
145.495;-1.752539355;-0.730296218;0.457734898;-2.164302668;2.99632157;-0.464702808;-1.35937572;-0.093278814;0.293708655;-0.056391952;3.617381889;0.104632906;-0.896116219;-0.016878118;-0.515784721;-0.082742044;-0.535675695;0.033455418;-0.910680747;-0.00517502;0.386289014;0.191963145;-0.023428481;-0.080711609;walk;67;
145.595;-0.981073171;-0.541149272;0.797459741;0.822824773;-1.246969025;-0.787872174;-1.239641568;-0.049703001;0.105684404;0.920178227;-1.36903396;0.094313694;-1.058309958;-0.081037098;-0.491003396;0.855878032;-0.265227436;0.344948969;-1.158877902;-0.13672791;0.342934687;0.192009833;-0.035092993;0.208090214;walk;67;
145.695;-0.354824571;-0.376340748;0.979583435;-0.253523281;-0.34087342;-0.15634288;-0.911130427;0.026911132;0.369071965;-0.009099836;-1.334613918;0.245244442;-0.979758574;-0.014748064;-0.027484553;-0.101428586;-0.990050492;0.221154224;-0.959136824;0.031300043;0.17083278;0.339965906;-0.029846713;0.090646628;walk;67;
145.795;-0.24821883;-0.177477444;0.971348605;-0.350843345;-0.126277311;-0.054147335;-0.985996766;0.084481059;0.215551485;-0.213927936;-0.821509763;0.140175196;-0.982908408;0.116968646;-0.125034193;-0.250822955;-1.295315602;0.051038382;-0.964263458;-0.09520631;0.216453593;0.053097465;-0.107801891;-0.122178328;walk;67;
145.895;-0.247628007;-0.188699663;0.948672553;-0.187064964;-0.184040284;0.020210365;-0.980429465;0.049545396;0.165098084;-0.282814975;-0.742929358;0.023829644;-0.948477746;0.054451013;-0.144660911;-0.276741227;-1.349724265;-0.064795;-0.861777025;0.093566146;0.22660067;-0.066298356;-0.048082809;-0.095640802;walk;67;
145.995;-0.242604063;-0.202718487;0.988087957;0.001425831;-0.439221355;-0.043560748;-1.039693339;0.011282153;0.201266557;-0.268681168;-0.955437723;-0.08442257;-1.004309981;0.057047267;-0.070213088;-0.237258672;-1.2956737;-0.152939096;-0.913220186;0.109405022;0.28677935;-0.093807129;0.156118092;0.358233173;walk;67;
146.095;-0.164772839;-0.100237673;1.093800098;1.180503585;-1.315340479;-0.292784945;-1.230557001;0.087657888;-0.01619835;0.630156533;-1.588869894;-0.44406835;-1.116533144;0.204173955;-0.247998086;0.727469318;-0.744108755;-0.247342069;-1.004446446;-0.092452483;0.402530328;-0.149126446;-0.089245709;0.049596572;walk;67;
146.195;0.062919323;-0.173011614;0.942208927;2.213318689;-4.925651509;-1.433170796;-1.43230137;0.053069598;-0.051926784;0.482258738;-2.601346597;-0.475368755;-1.230741467;-0.049746374;-0.584101052;0.65945455;1.258441082;-0.221408123;-1.12641876;-0.098845174;0.183134919;-0.33220392;-0.01757885;-0.303507657;walk;68;
146.295;-1.273733351;-0.594915313;1.071598375;2.109985253;-4.844221935;-0.020790859;-0.641281171;-0.051137163;0.722857977;-0.43204138;-1.385710364;0.170206565;-1.224733868;-0.175261716;-0.009596871;-0.394771959;2.723500685;-0.281712707;-0.976349796;0.037998817;0.134225949;-0.139333014;0.04042786;-0.119738269;walk;68;
146.395;-0.414138742;-0.603229763;0.611873795;-2.46745849;3.900786062;1.7328902;-0.175907423;-0.128930376;0.63353106;-0.278067953;1.868378199;0.454080226;-1.000801671;-0.090404103;0.116815625;-0.526159454;1.959740928;-0.083501366;-0.914052621;-0.113592878;0.211754374;0.178938009;0.047563926;0.023781697;walk;68;
146.495;-0.332377234;-0.599029425;0.70415015;-2.254047079;5.0719503;1.952284039;-0.487423375;-0.150747605;0.483911208;-0.0766139;4.808365812;0.125109637;-0.751127398;-0.106683407;0.081470736;-0.152560141;0.479654264;0.002675149;-0.842615299;-0.11563485;0.310397853;-0.053776563;0.028476072;0.058023657;walk;68;
146.595;-1.560383471;-0.773830582;0.582124867;-2.647887714;3.420468569;-0.69043854;-1.288268676;-0.08374063;0.294351823;-0.036241941;3.925604282;0.005143327;-0.856132791;-0.046615279;-0.479661237;-0.028206221;-0.559254658;-0.031837582;-0.922474467;-0.082993564;0.347070137;0.029503038;0.008260207;-0.062881077;walk;68;
146.695;-1.044110692;-0.420735022;0.6688122;0.446710592;-1.111483012;-0.649625249;-1.243453999;-0.038823174;0.123881587;0.545671067;-0.969207943;0.098220675;-1.049027253;-0.097210302;-0.504931935;0.498277334;-0.305035831;0.236603967;-1.103523718;-0.051182471;0.355951298;0.102585007;-0.001768396;0.105981277;walk;68;
146.795;-0.427880285;-0.348023972;1.051671895;-0.061458433;-0.488905495;-0.192596302;-0.949315207;0.016208527;0.31699303;0.176210261;-1.295526439;0.288414256;-1.004011188;-0.002166034;-0.036597006;0.063360085;-0.935799423;0.331518399;-0.973702492;0.025951608;0.195081671;0.365243855;-0.016328443;0.146675257;walk;68;
146.895;-0.232996947;-0.236986548;0.950067897;-0.520403256;-0.125671165;-0.146359332;-0.987866218;0.058113064;0.2021926;-0.225313985;-0.801215175;0.237674457;-0.977188774;0.064174117;-0.135867054;-0.293371152;-1.213981661;0.147850726;-0.962830202;-0.120322167;0.180979429;0.272614284;-0.154889625;-0.079108579;walk;68;
146.995;-0.254002025;-0.149485019;0.961147119;-0.430578766;-0.195535476;-0.060527792;-0.988565655;0.062668957;0.125592198;-0.416229937;-0.769070715;0.094954583;-0.946545451;0.087085199;-0.156866278;-0.426157562;-1.179951147;-0.032586106;-0.892910062;0.052365625;0.22151382;-0.078490289;-0.055948734;-0.101269734;walk;68;
147.095;-0.245723713;-0.160058964;0.962259815;-0.118649657;-0.328655444;0.029254975;-0.995958407;0.045609053;0.260225795;-0.363222592;-0.906599764;-0.041387788;-0.983593992;0.045379841;-0.043983214;-0.339326311;-1.165945447;-0.136291291;-0.899614659;0.143694002;0.297356202;-0.203816795;0.08264402;0.320139578;walk;68;
147.195;-0.264011042;-0.059557931;1.064552164;0.251941619;-0.906800578;-0.25051646;-1.135416002;0.036080075;0.149189176;-0.147538153;-1.104478734;-0.322500945;-1.09013093;0.172429636;-0.028526567;-0.064151715;-1.117425198;-0.349095117;-1.00058311;-0.107575179;0.354884344;-0.168664215;-0.02624711;0.192533813;walk;68;
147.295;0.027059407;-0.049430348;1.037056737;1.947743527;-3.201833444;-0.371790831;-1.376728183;0.099200857;-0.162748464;0.887563478;-2.071709058;-0.554873021;-1.196676419;0.075306592;-0.509724136;1.020009671;0.182333601;-0.234596105;-1.117162395;-0.08459603;0.291973871;-0.409993478;-0.009883416;-0.269058258;walk;68;
147.395;-0.839926366;-0.349918899;0.951015137;1.879798562;-5.926257594;-0.68374144;-1.054786527;-0.045353328;0.39601351;-0.209897232;-2.355500143;-0.150077654;-1.173383532;-0.198318508;-0.246039124;-0.057680728;2.324382604;-0.299010801;-0.981565527;-0.015427332;0.097250385;-0.386065613;-0.004313117;-0.112772302;walk;68;
147.495;-0.731523599;-0.616573398;1.167484325;0.140140911;0.359201002;1.944941884;-0.344311091;-0.085150127;0.685086968;-0.390970358;0.221198509;0.495534653;-1.147426104;-0.112437444;0.065674053;-0.627342253;2.442528406;-0.12212584;-0.945296031;-0.024274723;0.214438493;0.124730184;0.131051181;0.034778337;walk;68;
147.595;-0.15315974;-0.412565221;0.593286415;-2.873724249;5.120207516;1.134578756;-0.27518629;-0.120323636;0.512851238;0.060063808;3.790063581;0.27767433;-0.834214289;-0.073788928;0.138463438;-0.216468798;1.319955654;0.173779092;-0.854843185;-0.165101155;0.275196459;0.152611295;0.061836058;0.049553409;walk;68;
147.695;-0.893646899;-0.88227785;1.06685589;-2.658861657;4.57434667;0.900618286;-0.987919865;-0.088830963;0.376128449;-0.310090221;5.447599176;0.248341168;-0.764817155;-0.139604277;-0.194348242;-0.412347761;-0.228555732;0.058561356;-0.841773293;-0.124649399;0.371799189;0.110904493;-0.011057116;-0.182771675;walk;68;
147.795;-1.728222585;-0.439547975;0.227797738;-1.081505146;0.839667356;-1.095170439;-1.390054065;-0.11665591;0.03417438;0.199840069;1.104158507;0.150505591;-0.980064659;0.020021631;-0.678189678;0.16355321;-0.241161852;0.166312083;-1.038348317;-0.031753591;0.362963329;0.192996853;-0.066134384;-0.071040455;walk;68;
147.895;-0.608716132;-0.462850317;1.13014272;1.029172553;-1.549820562;0.021121285;-1.054290128;0.024070795;0.22613112;0.52830773;-1.904485717;0.155641102;-1.037261815;-0.048415627;-0.195397198;0.455419447;-0.307930298;0.296805854;-1.111393903;-0.016477143;0.237678479;0.301354356;0.17993827;0.164898473;walk;68;
147.995;-0.299161468;-0.30282463;0.949229227;-0.390123436;-0.130359178;-0.11540929;-0.939796798;0.063245199;0.368460761;-0.110868815;-1.13876394;0.205153434;-1.005784508;0.070617264;-0.006569061;-0.18099352;-1.101256258;0.146699938;-0.966209328;-0.100473077;0.205182074;0.298630504;0.004215065;0.000680143;walk;68;
148.095;-0.23832509;-0.205160236;0.941349425;-0.386452812;-0.12633025;-0.020377435;-0.973672282;7.05E-02;0.206314703;-0.381639623;-0.638556266;0.068566106;-0.965001033;0.06485058;-0.135213198;-0.383116413;-1.348529926;-0.064612768;-0.899271197;0.003168212;0.212606816;-0.17611822;-0.056691176;-0.173526342;walk;68;
148.195;-0.254804673;-0.132982795;0.960442419;-0.350192404;-0.129867177;-0.013804751;-0.982016655;0.053613044;0.141681985;-0.507101071;-0.707231081;-0.031426732;-0.944334017;0.06782065;-0.135651988;-0.478115911;-1.253631269;-0.173378129;-0.870421357;0.123239247;0.263132317;-0.211384298;0.000404312;0.126769831;walk;69;
148.295;-0.268425192;-0.111242627;1.011357883;0.072356315;-0.263650568;0.006809712;-1.030150283;0.033549987;0.186968885;-0.300379759;-0.928019069;-0.212732236;-1.001075943;0.112999544;-0.010504853;-0.241746526;-1.232808034;-0.279485292;-0.83823308;0.036720641;0.371620629;0.010649769;0.008752243;0.199435089;walk;69;
148.395;-0.083132485;-0.063301038;1.129118219;1.643512075;-1.351578288;-0.002864629;-1.305625746;0.062991095;-0.008807231;0.907275529;-1.497082297;-0.545177231;-1.218669226;0.159000287;-0.214384485;1.014606698;-0.568103834;-0.289571122;-1.175847898;-0.052755295;0.295754371;-0.060222234;-0.322352115;-0.212669807;walk;69;
148.495;-0.035347694;-0.320778653;0.918551599;2.151724659;-4.971699633;-1.684725597;-1.376438029;-0.01341627;-0.023055233;0.519352416;-2.569159516;-0.517517419;-1.176825029;-0.138571905;-0.559738592;0.719447345;1.669434334;-0.255651983;-1.017006598;-0.085920367;0.143274936;-0.385557942;-0.125132541;-0.083575169;walk;69;
148.595;-1.011307938;-0.480451312;1.366175609;1.202629697;-3.085835332;0.624978617;-0.583613871;-0.034985663;0.682555712;-0.515023985;-1.149119687;0.205689509;-1.220304048;-0.156626785;-0.016300327;-0.470963204;2.816348328;-0.333688645;-1.024228753;0.032973805;0.123959179;-0.051317385;-0.08556917;-0.096085694;walk;69;
148.695;-0.091732663;-0.420869766;0.66700903;-1.704844528;3.618788941;1.863971156;-0.166167964;-0.117025061;0.55854929;-0.120671834;2.699499245;0.365951371;-0.914928671;-0.080533382;0.151630027;-0.381781825;1.733804267;0.04181218;-0.879407557;-0.137558164;0.229792866;0.086435403;0.187740959;0.234358855;walk;69;
148.795;-0.737499599;-0.80153727;0.77504542;-2.44016802;4.665020402;1.485705548;-0.716789485;-0.127185476;0.473008732;-0.052399242;4.923882722;0.120381255;-0.738362763;-0.088251374;-0.020831285;-0.127164543;0.16391308;0.032866618;-0.864601152;-0.155862562;0.297681157;-3.23387E-05;0.05380799;-0.111481765;walk;69;
148.895;-1.56894075;-0.560414231;0.401568171;-2.267671886;2.399396664;-1.349022662;-1.296552982;-0.057127624;0.299051864;0.15997111;2.601475262;0.111698426;-0.933318103;-0.061656702;-0.511313729;0.117317631;-0.544939588;0.150181673;-0.934746603;-0.027120186;0.392791956;0.032195983;-0.01223971;-0.080158157;walk;69;
148.995;-0.761114045;-0.449048332;0.899408381;0.613517007;-1.238853076;-0.622187961;-1.190509303;-0.074455763;0.037662336;0.746511377;-1.307747641;0.182601161;-1.033370352;-0.073719689;-0.456075033;0.664614671;-0.437956254;0.384633149;-1.130822644;-0.033448677;0.284398453;0.248422587;-0.089385824;0.134892201;walk;69;
149.095;-0.357856954;-0.348170173;0.97316921;-0.002458791;-0.33147407;-0.155153703;-0.911446292;0.030499119;0.314089764;0.279525233;-1.279668094;0.273194909;-0.95953266;-0.003279434;-0.054811278;0.16256979;-0.928822689;0.353876216;-0.947828814;0.026496008;0.126687265;0.530150031;0.025568474;-0.018747111;walk;69;
149.195;-0.249502995;-0.241715599;0.954277461;-0.410624015;-0.115731066;-0.122745526;-0.985384457;0.059865159;0.282193848;-0.150677482;-0.791667774;0.210205737;-1.005410632;0.076691555;-0.070378847;-0.215743786;-1.250832724;0.144179242;-0.986305119;-0.105040773;0.194124182;0.287120963;-0.05762949;-0.155367954;walk;69;
149.295;-0.250368613;-0.177217293;0.954735684;-0.332755665;-0.196758619;-0.099711922;-0.989479013;0.055801489;0.15675674;-0.290359869;-0.67994286;0.086549975;-0.960386017;0.067878124;-0.128450623;-0.303452715;-1.302629857;-0.002134744;-0.883352556;0.047841713;0.202420796;0.006970049;-0.005809768;-0.193415653;walk;69;
149.395;-0.244294921;-0.165323105;0.982620966;-0.099959031;-0.507339907;-0.032373345;-1.034480824;0.046549983;0.215309472;-0.321716136;-0.93945962;-0.001111755;-1.008766471;0.057437118;-0.068469871;-0.311164867;-1.147313324;-0.082342133;-0.927119027;0.121678387;0.289274203;-0.231931838;0.144960164;0.332213764;walk;69;
149.495;-0.250698046;-0.099136338;1.044714136;0.533920235;-1.281174829;-0.259742074;-1.144693161;0.052913457;0.090414811;0.097879174;-1.369511123;-0.26642579;-1.073033522;0.166579246;-0.123042392;0.163266609;-0.876137745;-0.227938562;-0.972370197;-0.103954518;0.387632233;-0.258122231;0.047237842;0.143374578;walk;69;
149.595;-0.016072932;-0.16424971;0.94792576;1.498554094;-3.926785507;-0.954882117;-1.339274961;0.032537047;-0.022255016;0.482700385;-2.295273563;-0.428049263;-1.18069215;-0.01233199;-0.457003152;0.619393201;0.659789278;-0.212278887;-1.102754645;-0.067141858;0.234353482;-0.521750374;-0.017965681;-0.242723353;walk;69;
149.695;-1.109781732;-0.329432224;1.056338466;1.117762034;-5.424830025;-0.533170578;-0.908406872;-0.051570097;0.558780483;-0.410064244;-1.96021056;-0.029473556;-1.20272487;-0.171471828;-0.131766846;-0.261211122;2.417359193;-0.349018919;-1.001030516;0.0332324;0.089919359;-0.341356595;-0.010463616;-0.032172128;walk;69;
149.795;-0.557716787;-0.486489335;1.058410591;-0.744433055;2.326116087;2.01722721;-0.286192076;-0.114469029;0.665944693;-0.426517067;1.005810211;0.480251713;-1.118082244;-0.112651867;0.075144732;-0.618716947;2.334386527;-0.183929786;-0.936021655;-0.076762841;0.219665656;-0.020251104;0.092961614;0.143684091;walk;69;
149.895;-0.231003399;-0.505056496;0.721601344;-1.763062629;5.326558042;2.163667151;-0.358638075;-0.154271211;0.525806199;-0.096047846;4.594477736;0.159389912;-0.824186409;-0.089768864;0.171679114;-0.186887998;1.031462566;-0.0120905;-0.844518335;-0.075491056;0.293726675;-0.071434124;-0.034687109;0.239369748;walk;69;
149.995;-1.451982952;-0.889353787;0.713320268;-2.65812446;4.039717197;0.365846436;-1.151638987;-0.061400817;0.383083702;-0.285605488;4.840503848;0.072529384;-0.764854405;-0.070833261;-0.344581897;-0.283621385;-0.403429913;-0.064620228;-0.902676552;-0.124842776;0.335420323;0.163767421;-0.089647215;-0.038364695;walk;69;
150.095;-1.298914173;-0.363576151;0.451225254;-0.283633724;-0.493999793;-1.283634998;-1.291323905;-0.067292694;0.068382002;0.588823397;-0.364025769;0.114699276;-1.016617747;-0.046142113;-0.579712909;0.543460687;-0.304876022;0.252349932;-1.046503959;-0.095851558;0.349491729;0.17743621;-0.043242213;-0.024328861;walk;69;
150.195;-0.493870069;-0.349104004;1.134334631;0.298758404;-0.864778424;-0.164620179;-0.98306402;0.017140784;0.327213673;0.345495634;-1.518137493;0.241777025;-1.041312651;-0.020876339;-0.045286032;0.242155967;-0.663478919;0.34249341;-1.087497153;0.011180921;0.16021164;0.346556662;0.056924733;0.09578989;walk;70;
150.295;-0.253830683;-0.23583538;0.953198743;-0.344054864;-0.129006487;-0.108408984;-0.971419077;0.048010048;0.193389139;-0.033572044;-0.887715058;0.260712284;-0.96355663;0.061941054;-0.144523008;-0.124491367;-1.12334985;0.231964977;-0.922690587;-0.109631648;0.169048111;0.362399738;-0.119573427;-0.064145004;walk;70;
150.395;-0.223693871;-0.195379526;0.963742009;-0.088364828;-0.112025869;0.04135321;-0.986746028;0.056643229;0.14397906;-0.022651275;-0.786527217;0.115497759;-0.952455952;0.077229101;-0.178109837;-0.059412783;-1.158105235;0.101982757;-0.949202531;-0.007308021;0.206343493;0.079908923;-0.001911948;-0.277522708;walk;70;
150.495;-0.209242732;-0.205123351;0.953325033;-0.106520956;-0.232798903;0.056493629;-0.983072621;0.044447288;0.226505538;-0.231060376;-0.843640748;0.045022669;-0.974615242;0.034905571;-0.090886545;-0.234316844;-1.088603923;-0.024736103;-0.894633996;0.130969191;0.247747252;-0.179500506;0.131269925;0.118384893;walk;70;
150.595;-0.215805603;-0.16384954;1.022615046;0.038859347;-0.658784413;-0.115783281;-1.079222466;0.047275381;0.226448281;-0.311107277;-0.946479046;-0.111938318;-1.056464511;0.119001861;-0.042502254;-0.268358426;-1.061752881;-0.193873968;-0.95213183;0.0220899;0.362603155;-0.164188966;0.139115927;0.333423183;walk;70;
150.695;-0.141420413;-0.083375274;1.060666191;1.198166238;-1.829822563;-0.344483008;-1.22986758;0.086036501;0.030214073;0.479264598;-1.475678598;-0.435508746;-1.139744681;0.153847592;-0.253066782;0.588785979;-0.460198422;-0.262475779;-1.048322237;-0.063996091;0.366486383;-0.177635864;-0.107003047;-0.134000456;walk;70;
150.795;-0.302903076;-0.275827157;0.831218494;1.513010993;-4.567062991;-1.272701038;-1.199787799;-0.011928671;0.142018093;0.18377033;-2.17958368;-0.425093618;-1.104361004;-0.091712625;-0.369487606;0.380572783;1.283103979;-0.299401327;-1.012744812;-0.085560306;0.12809683;-0.223487155;-0.076794043;-0.307868684;walk;70;
150.895;-1.132287989;-0.406574411;1.15692802;1.277708458;-3.303052581;0.502308018;-0.675748923;-0.030945191;0.684014338;-0.364027912;-1.319938924;0.100634113;-1.186147833;-0.143957877;-0.036781114;-0.307495641;2.463685194;-0.250962605;-0.982065725;-0.021930528;0.123220929;-0.168926681;-0.059019245;-0.11464788;walk;70;
150.995;-0.285027837;-0.442975501;0.707120275;-1.359592005;3.241862038;2.090922968;-0.305413679;-0.114316138;0.626429899;-0.218407334;1.782650395;0.477698806;-1.026260875;-0.098757737;0.021367293;-0.525666004;1.937988504;-0.003421501;-0.942912256;-0.046393186;0.249443797;0.143827483;-0.013360497;0.08403056;walk;70;
151.095;-0.311541617;-0.625739703;0.756871494;-1.968008669;4.360853239;1.853074577;-0.573819926;-0.143210272;0.465694965;0.024042818;4.419589962;0.174287352;-0.775514128;-0.092487138;-0.018550826;-0.130576759;0.577847521;0.10938628;-0.906698441;-0.090011221;0.301659727;0.156283092;0.037430672;0.076256053;walk;70;
151.195;-1.288954619;-0.818744575;0.69254096;-2.753764451;3.452391921;-0.835456537;-1.191963735;-0.119766454;0.298265879;0.071960379;3.897227219;-0.012914324;-0.809777999;-0.089574477;-0.437945286;0.069753488;-0.441740635;0.012969929;-0.921915247;-0.050466005;0.346161601;0.177425607;0.109945524;0.029439659;walk;70;
151.295;-0.960226374;-0.380845884;0.560828638;0.172263598;-0.462570923;-0.426852166;-1.157220508;-0.0123382;0.133516249;0.341505425;-0.496820443;0.037862093;-0.953888945;-0.078304036;-0.494899868;0.317590774;-0.345093676;0.12798172;-0.938790204;-0.102586183;0.359895831;0.224559095;0.103251243;0.151058823;walk;70;
151.395;-0.354326003;-0.312475116;1.137092457;0.030505048;-0.706313135;0.026947454;-1.037824731;-0.002698972;0.200430748;-0.075415249;-1.023371708;0.230595809;-1.060780973;-0.009621591;-0.143222587;-0.149855486;-0.601045527;0.191867855;-1.127707265;-0.130759578;0.186010067;0.112543534;0.048284235;0.093457808;walk;70;
151.495;-0.16509038;-0.203033962;0.951392188;-0.547203048;-0.105499738;-0.169779399;-0.982119233;0.044036852;0.124444241;-0.257630056;-0.577389918;0.218154183;-0.96744606;0.046976335;-0.189105775;-0.316536416;-0.853534445;0.118551866;-0.910746005;-0.034966595;0.19527272;0.151346425;0.007265147;0.068083654;walk;70;
151.595;-0.186288195;-0.146562236;0.975288191;-0.274247025;-0.192329585;-0.0909289;-1.005045178;0.071657738;0.075635293;-0.187186728;-0.42054131;0.113839314;-0.963654718;0.08485092;-0.232443664;-0.213353858;-0.870302546;0.052051304;-0.957088596;-0.060136417;0.292815157;-0.001354229;-0.019387662;-0.15583992;walk;70;
151.695;-0.22325314;-0.137755656;0.972838406;-0.214106535;-0.18052474;-0.053987438;-0.985290216;0.041357657;0.06304946;-0.224229383;-0.599479521;0.038240293;-0.942115822;0.054298925;-0.209966567;-0.22618184;-0.73076141;-0.024473703;-0.899200497;0.029338035;0.295694277;-0.246199493;0.073618663;0.088437707;walk;70;
151.795;-0.224628354;-0.120443981;0.988465593;-0.031736486;-0.066189604;0.040770814;-0.990296706;0.060012306;0.182783089;-0.187030694;-0.692469618;-0.07249618;-0.975268663;0.093542545;-0.08332017;-0.161584648;-0.84597007;-0.119276086;-0.876808081;-0.034993674;0.418137733;-0.355591889;0.129257977;0.22190403;walk;70;
151.895;-0.232985125;-0.091498539;1.029134093;0.631953476;-0.124478817;0.285605185;-1.032865612;0.068822423;0.167837518;0.181639227;-0.815245482;-0.269277924;-1.014036946;0.138002107;-0.050646301;0.242631212;-0.885621773;-0.216387516;-0.909381835;-0.019186903;0.377751312;-0.339756901;-0.127827705;-0.24504542;walk;70;
151.995;0.042457359;-0.20697514;1.101547503;1.807298602;-1.465020815;0.156773632;-1.334306683;0.004666794;-0.032657629;0.766826367;-1.544362428;-0.391072852;-1.221929815;0.00965715;-0.360453007;0.847124565;-0.010287864;-0.144274117;-1.199717855;0.073418184;0.164001739;-0.150772427;-0.065425562;-0.339087625;walk;70;
152.095;-0.192579893;-0.375516;0.914904834;1.689005812;-4.337456123;-1.307079122;-1.130262163;-5.36E-02;0.247122717;-0.108186377;-2.237927403;-0.131430092;-1.101441254;-0.190796467;-0.339277265;-0.004263341;1.980932372;-0.220414145;-0.916362412;-0.051485854;0.156492;-0.102259447;0.059039612;-0.011738041;walk;70;
152.195;-0.603428677;-0.488708398;1.099033933;0.596527696;-1.738538183;0.990369961;-0.513154656;-0.079563861;0.687389076;-0.67835872;-0.529442039;0.521162164;-1.161907703;-0.127808665;0.000448475;-0.813848227;2.365789594;-0.295060909;-1.015607641;-0.031458071;0.23585521;0.088536262;0.066633805;-0.072446444;walk;71;
152.295;-0.082717948;-0.525325104;0.705413895;-1.648244752;2.789356759;1.439049579;-0.351283863;-0.10627027;0.524991352;-0.16751077;2.772829587;0.327935532;-0.89091253;-0.010502668;0.047420037;-0.366487768;1.253787642;-0.000615192;-0.872857729;-0.060551133;0.335194257;0.080851238;0.07953456;0.127349934;walk;71;
152.395;-0.765088858;-0.733966262;0.807155154;-1.998178765;3.947419565;0.535754004;-0.885628779;-0.119520619;0.407459089;0.405558027;4.23186462;-0.206081645;-0.779712721;-0.061272538;-0.178503498;0.441609104;-0.157965278;0.099121764;-0.920125412;-0.084711997;0.358885553;0.142393951;0.086972871;-0.059087625;walk;71;
152.495;-1.240751285;-0.532775186;0.449652238;-1.583449602;1.820983201;-1.462540193;-1.155698219;-0.031995707;0.276562989;0.439558795;1.789081072;-0.083501327;-0.874117234;-0.13825366;-0.510781228;0.441920863;-0.538189833;0.097220035;-0.874789329;-0.038674141;0.416587979;0.168711413;0.024175829;-0.061039351;walk;71;
152.595;-0.270925469;-0.347147604;0.921915554;0.147303357;-0.929958492;0.331921147;-1.091808059;-0.07630478;-0.056488569;-0.307724198;-0.578286444;0.242220368;-0.985020479;-0.124663536;-0.441367288;-0.363841648;-0.55336635;0.144773392;-0.955308382;0.007619197;0.353229048;0.29067702;-0.078692535;0.166113967;walk;71;
152.695;-0.346993103;-0.224593343;1.052458296;-0.097223318;-0.416507837;-0.134120206;-1.030504556;0.026516009;0.053970141;0.045463641;-0.65732039;0.250853018;-1.008517446;0.061880828;-0.212293666;-0.033102722;-0.428389691;0.254341601;-1.058308406;-0.174537563;0.216977832;0.169478892;0.025127134;0.256234106;walk;71;
152.795;-0.183579979;-0.302315668;0.923958147;-0.527022185;-0.078082475;-0.257363695;-0.979376215;0.027255547;0.11807697;-0.170631159;-0.389954864;0.212353912;-0.967096099;-0.001453385;-0.199095883;-0.227637488;-0.500263712;0.150800686;-0.955694338;-0.013491872;0.158952189;0.309385046;-0.061692981;-0.248042199;walk;71;
152.895;-0.24240406;-0.12251423;0.991884035;-0.641652171;-0.052024219;-0.170829876;-1.007462901;0.062010738;0.088350233;-0.41454299;-0.214063322;0.169038241;-0.993923343;0.092875659;-0.174357921;-0.445953678;-0.382877127;0.038950981;-1.007690304;-0.010557545;0.229878396;0.094531035;0.081562361;-0.010834993;walk;71;
152.995;-0.216814413;-0.09223447;0.977262262;-0.156861756;0.074290311;0.014210402;-1.000144224;0.076050377;0.04097288;-0.117789937;-0.149999593;0.033512592;-0.971672139;0.100435236;-0.209917199;-0.122569549;-0.33777454;-0.000181984;-0.919837084;0.004885498;0.296069407;0.074633827;0.044815984;-0.149682932;walk;71;
153.095;-0.180129848;-0.066506021;0.966108144;-0.021133499;0.025840762;0.025901732;-0.99606092;0.070906262;0.04246429;-0.036867718;-0.192050104;-0.011255693;-0.975636595;0.080247949;-0.203913114;-0.032524903;-0.151182566;-0.020678465;-0.948944446;-0.009562408;0.272231759;-0.031943861;0.009363089;-0.061231514;walk;71;
