time_ms,left_accel_x,left_accel_y,left_accel_z,left_gyro_x,left_gyro_y,left_gyro_z,right_accel_x,right_accel_y,right_accel_z,right_gyro_x,right_gyro_y,right_gyro_z
10,-0.971,-0.1,0.182,-0.00556,0.00111,-0.00556,-1.0,-0.086,-0.081,-0.01556,-0.00111,-0.00444
110,-0.971,-0.101,0.185,-0.01,0.0,0.00778,-0.996,-0.091,-0.073,0.00444,-0.00111,-0.00778
210,-0.973,-0.1,0.177,0.0,0.0,-0.00889,-0.999,-0.09,-0.077,0.00778,0.0,-0.00556
311,-0.976,-0.099,0.181,-0.00889,-0.00111,-0.00111,-0.998,-0.09,-0.076,-0.00556,-0.00222,0.0
411,-0.975,-0.099,0.186,-0.00556,0.0,-0.00111,-0.997,-0.091,-0.075,0.00111,-0.00444,-0.00889
512,-0.972,-0.104,0.179,0.01444,0.0,0.0,-0.994,-0.091,-0.076,0.01111,0.0,-0.00889
611,-0.976,-0.099,0.18,0.01444,0.0,-0.00444,-0.991,-0.095,-0.079,0.01333,0.0,-0.01111
710,-0.972,-0.104,0.175,0.02111,0.00111,-0.00778,-1.0,-0.088,-0.08,0.01444,0.00222,0.00667
810,-0.97,-0.101,0.182,0.00222,0.00222,0.00222,-0.996,-0.093,-0.075,-0.00333,0.00111,0.00111
910,-0.975,-0.099,0.18,0.0,0.00222,-0.00333,-1.001,-0.088,-0.082,0.00778,-0.00111,-0.00333
1010,-0.972,-0.105,0.176,-0.01889,-0.00333,0.01,-0.999,-0.091,-0.077,-0.01,0.0,0.00778
1110,-0.973,-0.098,0.184,-0.00444,0.0,0.00333,-0.998,-0.094,-0.072,-0.01,0.0,-0.00111
1212,-0.975,-0.1,0.175,0.00556,0.00556,0.00556,-0.998,-0.089,-0.081,0.00889,0.00444,0.00556
1310,-0.973,-0.101,0.177,-0.00667,-0.00111,0.00778,-1.001,-0.089,-0.077,-0.01,0.00222,0.00333
1411,-0.977,-0.095,0.18,-0.00889,0.0,0.00556,-0.997,-0.088,-0.078,-0.01,0.00111,0.00111
1510,-0.974,-0.097,0.181,-0.00333,0.0,0.0,-1.0,-0.087,-0.077,-0.00778,0.0,0.0
1612,-0.975,-0.095,0.18,0.01222,0.0,0.0,-0.998,-0.083,-0.078,-0.00667,0.0,0.0
1710,-0.972,-0.099,0.181,-0.00111,0.0,0.00778,-0.995,-0.085,-0.08,-0.00111,-0.00111,0.0
1812,-0.974,-0.098,0.185,0.00111,0.00111,-0.00556,-0.997,-0.088,-0.074,-0.00556,0.0,-0.00778
1911,-0.974,-0.098,0.176,-0.00333,0.00111,-0.01,-0.997,-0.086,-0.077,0.00889,0.0,-0.00111
2013,-0.971,-0.097,0.182,-0.00333,0.0,-0.00444,-0.997,-0.088,-0.077,-0.00778,0.0,-0.00556
2110,-0.973,-0.098,0.181,0.00111,0.0,-0.00333,-0.996,-0.09,-0.077,0.00444,0.00111,-0.00222
2210,-0.971,-0.094,0.184,0.00222,0.0,0.00222,-1.0,-0.088,-0.078,-0.00556,-0.00111,-0.00444
2310,-0.975,-0.097,0.185,0.01,0.0,-0.01,-1.002,-0.089,-0.08,-0.00556,0.0,-0.00111
2412,-0.973,-0.099,0.178,-0.01333,-0.00111,0.00222,-0.996,-0.093,-0.078,0.00222,0.0,0.00111
2503,-0.975,-0.095,0.178,-0.00111,-0.00333,0.00333,-0.995,-0.092,-0.074,-0.00889,0.0,0.00222
2612,-0.972,-0.096,0.176,0.00333,-0.00222,0.01,-0.997,-0.09,-0.077,0.00889,-0.00111,0.00444
2710,-0.973,-0.097,0.182,0.00556,-0.00222,0.01,-0.998,-0.086,-0.081,-0.00111,-0.00444,-0.00111
2812,-0.972,-0.093,0.185,0.00222,-0.00556,0.00444,-0.996,-0.089,-0.076,-0.00556,0.00111,0.01444
2910,-0.973,-0.096,0.181,0.00889,-0.00333,-0.00111,-0.997,-0.082,-0.079,-0.01,0.0,0.00778
3012,-0.97,-0.092,0.183,-0.01778,-0.01,0.00333,-0.994,-0.083,-0.072,-0.01,0.0,0.00667
3110,-0.974,-0.092,0.185,0.01,-0.00444,0.0,-0.997,-0.086,-0.077,-0.00889,0.0,0.00667
3210,-0.974,-0.092,0.185,0.02,-0.00556,0.00444,-0.999,-0.085,-0.084,0.00111,-0.00111,0.00556
3312,-0.971,-0.097,0.185,0.0,-0.00444,-0.00222,-0.995,-0.084,-0.079,-0.00444,0.0,0.01222
3410,-0.975,-0.091,0.189,0.00222,0.0,-0.00889,-0.998,-0.079,-0.073,-0.03444,-0.00333,-0.01222
3511,-0.975,-0.09,0.188,-0.00556,0.00111,0.0,-1.0,-0.079,-0.08,-0.01889,0.0,0.00111
3610,-0.972,-0.097,0.185,-0.00111,0.00222,0.0,-1.0,-0.088,-0.073,-0.00556,0.0,-0.01333
3712,-0.974,-0.092,0.177,0.00778,0.00222,-0.00333,-0.995,-0.088,-0.079,0.00889,0.00333,-0.00333
3812,-0.969,-0.092,0.182,-0.00333,0.0,0.00333,-0.994,-0.084,-0.072,-0.02,0.00222,0.00222
3910,-0.976,-0.086,0.185,-0.00111,0.0,0.00222,-1.0,-0.079,-0.081,-0.01111,0.00222,0.0
4012,-0.969,-0.1,0.185,-0.01889,0.00222,-0.00333,-0.997,-0.087,-0.079,-0.00333,0.0,0.00111
4110,-0.973,-0.085,0.189,0.01,0.00333,0.0,-1.001,-0.077,-0.076,0.00111,0.00222,-0.00778
4210,-0.975,-0.086,0.176,0.00333,0.00333,-0.00556,-1.0,-0.084,-0.087,0.00778,0.00333,0.0
4315,-0.978,-0.091,0.181,-0.00444,0.00111,-0.00778,-0.996,-0.081,-0.08,-0.00778,-0.00222,-0.00556
4411,-0.975,-0.09,0.184,-0.00667,-0.00333,-0.01,-0.997,-0.085,-0.077,-0.01778,-0.00333,-0.01222
4510,-0.974,-0.097,0.179,0.0,0.00222,-0.00667,-0.997,-0.089,-0.08,0.00222,-0.00333,-0.01333
4609,-0.977,-0.098,0.178,-0.01667,-0.00111,-0.00222,-0.998,-0.085,-0.079,-0.01333,-0.00333,-0.00556
4746,-0.977,-0.085,0.185,0.01,0.00222,-0.00333,-0.999,-0.087,-0.079,-0.00444,-0.00111,-0.00556
4811,-0.973,-0.09,0.183,0.00778,0.0,-0.00778,-0.996,-0.086,-0.083,0.00667,-0.00222,-0.00444
4914,-0.972,-0.097,0.183,-0.00667,0.0,0.00556,-0.999,-0.085,-0.073,-0.00556,0.00111,0.01
5008,-0.974,-0.096,0.183,-0.00444,-0.00222,0.00667,-1.0,-0.086,-0.081,-0.00778,0.00333,0.00778
5114,-0.973,-0.092,0.179,-0.00222,0.0,0.00222,-1.001,-0.083,-0.085,0.0,-0.00111,-0.00111
5212,-0.971,-0.096,0.183,0.0,-0.00333,0.00111,-1.0,-0.084,-0.083,0.0,-0.00333,-0.00444
5313,-0.971,-0.098,0.183,-0.00444,0.0,-0.00222,-0.997,-0.089,-0.079,-0.00111,-0.00222,-0.00889
5411,-0.975,-0.09,0.181,-0.00667,0.0,0.0,-1.001,-0.085,-0.077,0.00333,-0.00333,0.0
5510,-0.975,-0.093,0.179,0.00333,-0.00111,0.00222,-0.997,-0.087,-0.081,0.00333,-0.00111,-0.01111
5611,-0.974,-0.094,0.18,-0.00111,0.0,0.00111,-0.999,-0.084,-0.079,0.01333,0.0,0.0
5711,-0.972,-0.089,0.189,0.00444,-0.00111,-0.00111,-0.996,-0.087,-0.076,-0.00889,0.0,-0.00333
5810,-0.973,-0.093,0.178,0.00778,0.00222,-0.01,-0.996,-0.084,-0.082,0.01444,0.00222,0.0
5910,-0.973,-0.095,0.183,-0.00333,0.0,-0.00444,-1.0,-0.087,-0.076,0.0,0.0,-0.01222
6010,-0.977,-0.093,0.18,-0.01222,0.0,-0.00111,-0.995,-0.088,-0.08,0.01,0.0,0.0
6110,-0.97,-0.095,0.178,-0.00111,-0.00222,0.00222,-0.997,-0.086,-0.077,0.0,0.00111,-0.00444
6208,-0.978,-0.095,0.182,-0.00667,0.0,0.00222,-0.997,-0.089,-0.082,0.0,0.0,0.0
6314,-0.976,-0.09,0.179,0.00111,0.00333,-0.00222,-1.001,-0.086,-0.082,-0.01,-0.00111,-0.00333
6409,-0.969,-0.097,0.184,0.01,0.00444,-0.00667,-0.999,-0.088,-0.08,-0.00111,0.00111,0.00111
6509,-0.971,-0.093,0.178,0.00667,0.00111,0.0,-0.998,-0.088,-0.076,0.00222,0.0,-0.00333
6610,-0.974,-0.09,0.175,-0.00111,0.00444,0.0,-0.997,-0.087,-0.08,0.00889,0.0,-0.00444
6712,-0.971,-0.096,0.173,-0.00222,0.0,0.00333,-0.994,-0.086,-0.081,0.00111,-0.00111,-0.00444
6802,-0.976,-0.092,0.18,-0.00222,-0.00667,0.00778,-0.999,-0.088,-0.076,-0.00333,0.0,0.00222
6910,-0.974,-0.097,0.184,0.0,-0.00222,-0.00333,-0.998,-0.087,-0.082,0.0,0.0,0.00333
7010,-0.975,-0.098,0.184,-0.01,-0.00111,0.00111,-1.002,-0.084,-0.08,-0.00111,-0.00222,0.0
7110,-0.974,-0.087,0.184,0.00778,0.0,0.0,-0.999,-0.087,-0.081,0.00444,0.0,-0.00556
7210,-0.973,-0.094,0.182,-0.00556,-0.00222,0.0,-0.996,-0.088,-0.078,0.01333,0.0,0.0
7313,-0.971,-0.096,0.184,-0.00778,-0.00333,0.00222,-0.997,-0.088,-0.074,0.00222,0.0,0.00556
7417,-0.973,-0.09,0.187,0.0,-0.00333,0.0,-0.998,-0.085,-0.075,-0.00444,0.00111,0.00222
7517,-0.974,-0.1,0.189,0.01,0.0,-0.00667,-1.001,-0.082,-0.08,-0.00667,0.00111,0.0
7616,-0.972,-0.094,0.186,-0.01778,-0.00222,0.0,-0.997,-0.083,-0.082,-0.01556,-0.00333,-0.00111
7713,-0.975,-0.093,0.183,-0.00667,0.0,0.0,-0.997,-0.083,-0.077,-0.01333,-0.00222,-0.00333
7810,-0.975,-0.093,0.185,-0.00556,0.0,-0.00444,-0.998,-0.085,-0.077,0.00111,-0.00111,0.0
7911,-0.974,-0.088,0.184,0.00222,0.00111,-0.00556,-1.0,-0.081,-0.078,0.01,-0.00111,-0.00778
8010,-0.973,-0.096,0.183,-0.01222,-0.00111,0.0,-0.996,-0.084,-0.079,0.0,-0.00111,-0.00222
8117,-0.977,-0.089,0.186,-0.00222,-0.00111,-0.00778,-0.998,-0.087,-0.075,-0.00778,-0.00111,-0.00111
8214,-0.975,-0.097,0.182,0.00111,0.00111,-0.00889,-1.0,-0.082,-0.081,0.0,0.0,-0.00111
8310,-0.976,-0.094,0.183,-0.01222,0.00111,0.0,-0.998,-0.083,-0.081,-0.00889,-0.00222,-0.00444
8415,-0.974,-0.092,0.178,-0.00333,-0.00111,0.0,-0.998,-0.085,-0.08,-0.01,-0.00111,0.0
8515,-0.975,-0.094,0.182,0.00111,0.0,0.0,-0.997,-0.085,-0.079,-0.00222,0.0,0.0
8614,-0.972,-0.09,0.181,0.0,0.0,-0.00222,-0.997,-0.083,-0.076,0.00222,0.0,-0.00444
8714,-0.971,-0.09,0.183,-0.00111,0.00111,-0.01,-0.995,-0.086,-0.075,0.00333,0.00111,-0.00444
8808,-0.973,-0.094,0.182,-0.00333,0.00111,0.0,-0.997,-0.082,-0.076,0.01,-0.00111,-0.01
8910,-0.976,-0.094,0.175,-0.00889,0.0,0.00333,-0.996,-0.086,-0.083,0.00444,0.0,0.00333
9009,-0.973,-0.097,0.182,0.0,-0.00111,0.00222,-0.997,-0.09,-0.079,-0.00667,0.0,-0.00111
9107,-0.975,-0.092,0.187,0.00444,-0.00111,-0.00667,-0.999,-0.084,-0.081,-0.01444,-0.00222,-0.00444
9207,-0.976,-0.092,0.187,-0.00222,0.00222,-0.01,-0.999,-0.085,-0.082,-0.00222,0.0,0.0
9310,-0.973,-0.094,0.185,-0.00222,-0.00333,0.00111,-0.997,-0.083,-0.075,-0.00222,-0.00111,0.0
9408,-0.976,-0.093,0.187,0.01,0.0,-0.01,-1.0,-0.083,-0.082,-0.00444,-0.00222,-0.00556
9502,-0.972,-0.088,0.183,-0.01,-0.00222,-0.00111,-0.997,-0.088,-0.077,0.01333,-0.00333,-0.00778
9608,-0.972,-0.093,0.178,-0.00667,-0.00222,-0.00333,-0.997,-0.087,-0.074,0.00222,-0.00111,-0.00667
9708,-0.974,-0.096,0.181,-0.01333,-0.00556,0.0,-0.997,-0.088,-0.075,-0.01333,-0.00222,0.0
9809,-0.974,-0.09,0.187,0.00778,0.0,-0.00222,-0.998,-0.087,-0.078,0.00778,0.00111,0.0
9907,-0.972,-0.095,0.178,0.01333,0.00111,-0.00667,-1.0,-0.085,-0.081,0.01,-0.00111,-0.00222
9996,-0.973,-0.094,0.182,0.01333,0.0,-0.00889,-1.0,-0.083,-0.079,-0.00556,0.0,0.0
10093,-0.975,-0.096,0.183,-0.01,-0.00222,0.0,-0.999,-0.084,-0.081,-0.00222,0.0,-0.00444
10210,-0.974,-0.094,0.185,-0.01333,0.0,-0.00667,-1.0,-0.086,-0.075,-0.00667,-0.00333,-0.01222
10307,-0.971,-0.094,0.184,0.0,0.0,-0.00222,-0.994,-0.088,-0.068,0.02111,0.0,-0.00333
10399,-0.972,-0.099,0.176,0.01444,-0.00333,-0.00444,-0.999,-0.085,-0.08,0.00667,0.0,0.0
10507,-0.974,-0.097,0.185,-0.01,-0.00222,0.0,-0.997,-0.088,-0.081,-0.01222,0.0,0.0
10610,-0.972,-0.093,0.186,-0.00556,-0.00111,0.00444,-0.996,-0.085,-0.073,-0.00889,-0.00111,-0.00222
10710,-0.971,-0.091,0.188,0.00889,0.0,-0.00444,-0.999,-0.089,-0.076,0.00889,0.0,-0.00667
10807,-0.974,-0.089,0.179,0.00444,0.0,-0.01111,-0.998,-0.09,-0.077,0.01889,-0.00333,-0.00222
10907,-0.972,-0.091,0.186,0.03111,0.00222,-0.03,-0.992,-0.09,-0.073,0.05333,0.0,-0.00222
11009,-0.974,-0.099,0.184,0.03333,0.0,-0.01889,-0.996,-0.072,-0.089,-0.00222,0.00111,-0.01444
11107,-0.975,-0.102,0.193,-0.04,0.00222,-0.01333,-0.996,-0.092,-0.076,-0.01111,-0.00444,-0.00667
11211,-0.969,-0.103,0.187,0.01111,0.00444,-0.01333,-0.992,-0.095,-0.055,0.0,0.00556,0.00667
11311,-0.977,-0.111,0.166,0.01333,-0.00222,0.01,-0.997,-0.092,-0.089,-0.00556,0.00556,-0.00111
11408,-0.973,-0.09,0.182,-0.05333,-0.00667,0.02,-0.997,-0.085,-0.081,-0.02889,0.0,0.00333
11510,-0.972,-0.095,0.182,-0.01556,0.0,0.01333,-0.996,-0.084,-0.076,-0.02556,0.0,0.00111
11607,-0.971,-0.1,0.19,-0.02,0.0,0.00778,-1.0,-0.086,-0.071,-0.02222,0.00111,0.0
11707,-0.971,-0.097,0.177,-0.04889,-0.00111,0.01667,-0.994,-0.089,-0.089,-0.04,-0.00111,-0.00778
11795,-0.972,-0.084,0.188,-0.03,0.0,0.00444,-1.0,-0.086,-0.071,-0.05111,0.0,-0.02
11908,-0.976,-0.083,0.182,0.04111,0.00333,-0.00333,-0.995,-0.089,-0.076,0.03778,0.00778,0.00667
12006,-0.978,-0.096,0.17,0.03333,0.00556,-0.01,-0.998,-0.082,-0.084,0.03556,0.00778,0.02222
12110,-0.968,-0.098,0.174,-0.01,-0.00889,0.01333,-0.987,-0.097,-0.079,0.02111,0.0,0.01
12210,-0.975,-0.087,0.182,0.02,-0.00556,-0.00778,-0.996,-0.083,-0.079,-0.01222,0.00333,0.00778
12307,-0.975,-0.083,0.187,0.02444,0.00111,0.00222,-1.001,-0.087,-0.082,0.03889,-0.00111,0.02556
12407,-0.971,-0.085,0.177,0.07889,0.00222,-0.02,-0.997,-0.078,-0.088,0.05333,0.00222,0.01111
12508,-0.971,-0.088,0.188,0.03333,0.0,-0.01111,-0.998,-0.073,-0.073,0.06556,-0.00444,0.00222
12605,-0.973,-0.086,0.173,-0.01111,-0.00444,-0.00111,-0.999,-0.066,-0.091,0.02444,0.0,-0.00222
12709,-0.971,-0.076,0.199,-0.01333,-0.00556,-0.00778,-1.003,-0.075,-0.068,-0.01889,0.0,-0.00667
12805,-0.963,-0.091,0.191,0.04,0.01111,-0.03222,-0.992,-0.088,-0.065,0.09556,0.01444,0.01333
12907,-0.969,-0.094,0.171,0.09,0.00333,-0.03,-0.994,-0.083,-0.083,0.1,0.01,0.00111
13004,-0.98,-0.091,0.169,0.07222,-0.00556,-0.02222,-0.994,-0.069,-0.101,0.07111,0.00222,0.01
13110,-0.973,-0.107,0.156,-0.02111,-0.01222,-0.01444,-0.991,-0.068,-0.109,-0.08889,-0.02222,-0.07444
13206,-0.972,-0.101,0.186,-0.1,-0.02333,0.02667,-1.004,-0.062,-0.07,-0.11889,-0.01,0.0
13308,-0.967,-0.088,0.187,-0.17,-0.02889,0.04333,-0.992,-0.083,-0.088,-0.15,-0.01889,-0.01333
13408,-0.972,-0.074,0.226,-0.09111,-0.01,0.00556,-1.006,-0.097,-0.025,-0.06111,-0.00333,-0.00222
13509,-0.963,-0.087,0.2,0.11,0.01889,-0.03,-0.99,-0.098,-0.049,0.16111,0.03,0.03444
13605,-0.975,-0.093,0.18,0.18333,0.02,-0.04,-0.993,-0.072,-0.094,0.19111,0.02556,0.02
13707,-0.972,-0.117,0.171,0.06,0.00889,-0.00667,-1.0,-0.056,-0.107,0.06,0.01222,0.00444
13806,-0.98,-0.091,0.174,-0.03444,0.0,0.01,-0.998,-0.072,-0.089,-0.01778,0.01,0.01556
13907,-0.965,-0.063,0.182,-0.07444,-0.01556,0.0,-0.994,-0.08,-0.084,-0.06111,0.00111,-0.00111
14005,-0.978,-0.102,0.153,-0.05111,0.0,0.0,-1.011,-0.073,-0.085,-0.09,-0.01111,-0.00667
14108,-0.967,-0.081,0.189,-0.03111,0.0,0.03444,-0.999,-0.073,-0.07,-0.08,-0.00556,0.02222
14213,-0.963,-0.082,0.199,0.05444,0.01333,0.01,-0.987,-0.09,-0.059,0.02667,0.0,0.00333
14304,-0.968,-0.103,0.175,0.02,0.02333,-0.06444,-0.995,-0.08,-0.088,0.04667,-0.00889,-0.04778
14406,-1.007,-0.136,0.192,-0.05444,0.04889,-0.10889,-1.022,-0.108,-0.117,0.0,-0.02333,-0.15889
14505,-0.949,-0.152,0.202,-0.24333,0.01889,-0.02556,-1.0,-0.096,-0.012,0.00778,-0.02,-0.07222
14608,-0.957,-0.147,0.162,0.06111,0.03,-0.12333,-0.974,-0.168,-0.048,0.09556,0.02,-0.06778
14705,-0.961,-0.187,0.169,0.06667,0.04889,-0.14222,-0.99,-0.156,-0.069,0.1,0.0,-0.15667
14807,-0.981,-0.176,0.161,0.01,0.04,-0.09,-0.994,-0.154,-0.066,0.05667,0.02,-0.12667
14906,-0.963,-0.176,0.19,-0.06111,0.02,0.05444,-0.976,-0.166,-0.065,0.03222,0.03778,-0.11
15007,-0.953,-0.152,0.215,-0.01,0.01444,0.10778,-0.978,-0.168,-0.055,-0.08778,0.04444,-0.18111
15110,-1.13,0.081,0.36,0.54889,-0.19,0.69556,-0.983,-0.276,-0.088,-0.30333,-0.04444,-0.23444
15208,-1.202,0.29,-0.114,1.12667,0.01889,2.29778,-0.964,-0.177,-0.164,-0.72333,-0.07333,-0.22111
15307,-0.879,0.124,0.407,0.61,-0.14,1.52444,-1.028,-0.122,-0.118,0.39556,0.02,-0.31667
15405,-0.515,0.193,0.101,0.14222,-0.04556,0.16444,-0.936,-0.227,-0.2,0.05,0.01,-0.31333
15505,-0.637,0.262,0.012,-0.29333,0.12556,-1.35444,-0.952,-0.082,-0.049,0.23667,-0.03444,-0.43333
15607,-1.789,0.723,0.769,-0.64333,0.04889,-0.87222,-1.065,-0.049,-0.53,0.33222,-0.28,-0.24222
15708,-1.832,0.372,1.035,-1.19444,0.16444,0.00889,-1.329,0.092,-0.342,0.03222,0.22778,0.94222
15807,-1.331,0.145,0.461,0.46222,0.47667,-1.05889,-1.328,-0.19,0.298,0.16111,0.33556,2.75889
15906,-1.068,0.0,0.249,-0.61,-0.05111,-1.17,-1.062,-0.226,-0.316,-0.78,0.65556,1.85222
16006,-0.929,-0.061,0.189,-0.36222,-0.08667,-0.83444,-0.699,-0.035,-0.03,-1.74111,0.21444,1.06222
16107,-0.895,-0.158,0.224,-0.72111,0.01889,-0.62,-0.626,0.068,0.131,0.61889,0.32444,-0.30667
16206,-0.81,-0.078,0.324,-0.51111,0.16556,-0.63667,-1.036,0.225,-0.34,-0.58,-0.42222,-0.98889
16310,-0.961,-0.224,0.125,-0.36333,0.09778,-0.56333,-0.97,0.426,0.052,0.21556,0.19889,0.98222
16405,-0.974,0.071,0.369,-0.59889,0.01444,0.00111,-0.993,0.377,0.041,-0.93667,-0.05,-0.23
16504,-1.176,-0.094,0.288,-0.2,0.04,2.37333,-0.82,-0.335,0.124,0.69556,0.0,-1.00778
16605,-1.304,-0.205,0.032,2.35,-0.72778,1.85222,-0.934,0.028,-0.154,0.23333,0.12889,-1.28667
16701,-0.783,-0.031,0.212,0.69,-0.47111,1.71556,-0.836,-0.113,-0.175,1.52,0.09444,-1.55222
16805,-0.54,-0.098,0.022,1.44,0.12,0.41,-1.164,0.082,-0.266,-0.36333,-0.21667,-0.86222
16900,-0.665,0.404,0.061,-1.08444,0.54889,-1.05222,-0.95,-0.065,-0.195,0.31778,-0.04111,-0.64
16995,-1.106,0.502,0.462,0.65889,-0.38111,0.58778,-0.952,-0.295,-0.225,0.28778,-0.11444,-0.23
17106,-1.186,0.297,0.272,0.31222,0.03667,-0.58444,-1.389,0.024,-0.3,0.89333,0.08222,0.19111
17207,-0.775,0.152,0.032,-0.10778,0.30444,-0.69444,-1.412,-0.276,-0.184,0.25222,0.10556,3.01333
17303,-0.998,0.046,0.061,0.22,-0.02444,-1.49444,-1.081,-0.246,-0.091,-2.38444,0.65111,1.92556
17407,-0.831,-0.232,0.201,-1.31667,0.07333,-1.38667,-0.468,-0.034,-0.072,-0.85,0.48111,1.26444
17506,-0.922,0.03,0.09,-0.47,0.19556,-0.81111,-0.469,-0.164,-0.007,-0.48333,-0.04111,-0.20333
17610,-0.935,0.01,0.258,-1.0,-0.00222,-0.51,-1.502,1.028,-0.48,0.4,-0.47,-1.14111
17713,-1.042,0.026,0.114,-0.63333,-0.15778,-0.21667,-0.599,0.411,0.14,-0.52333,0.36111,0.55778
17810,-1.383,0.233,0.22,-0.27111,-0.17667,1.72778,-0.612,-0.122,0.293,-0.55556,0.65778,0.65889
17907,-1.593,-0.229,0.507,-0.36778,-1.10889,2.54111,-1.005,-0.352,-0.297,-0.11556,-0.08889,-1.46889
18014,-0.86,-0.1,0.062,3.05,-0.52111,1.69444,-0.958,0.037,-0.202,1.97556,0.30333,-1.20222
18106,-0.435,-0.124,-0.03,1.12444,-0.03889,0.65889,-0.924,-0.007,-0.286,1.1,-0.23444,-0.87333
18209,-0.428,0.229,0.03,-0.79,0.28,-0.97778,-0.934,0.064,-0.109,0.04667,-0.03889,-1.05889
18311,-0.886,0.571,0.186,1.03444,-0.64778,0.65,-0.996,-0.289,-0.421,0.28667,0.01111,0.01111
18406,-1.193,0.541,0.185,0.05333,-0.12333,-0.31556,-1.256,0.18,-0.283,0.84556,-0.09,0.27111
18505,-0.795,-0.339,0.398,-0.18778,0.40111,-0.12556,-1.437,-0.173,-0.014,-0.07667,0.04222,2.87444
18612,-0.985,-0.022,0.136,-0.05667,0.01778,-1.52333,-1.018,-0.184,-0.206,-1.59333,0.83444,1.98111
18705,-0.853,-0.123,0.265,-1.51,0.14,-1.18444,-0.441,-0.011,-0.014,-1.38333,0.48778,1.25667
18805,-0.979,0.047,0.283,-0.19222,0.26222,-0.84,-0.52,-0.09,0.077,-0.33889,0.03556,-0.33111
18906,-0.865,-0.045,0.364,-0.69222,0.03889,-0.54,-1.649,1.167,-0.642,0.63556,-0.53778,-1.52
19010,-1.021,0.04,-0.012,-0.45,-0.14,-0.33667,-0.575,0.304,0.183,0.21333,0.40667,0.65333
19105,-1.382,0.202,0.149,0.03556,0.02667,2.27222,-1.345,-0.069,-0.102,-0.30444,0.46778,-0.36111
19203,-1.465,-0.177,0.472,0.63667,-1.06111,2.38556,-1.062,-0.14,-0.428,0.75556,-0.08111,-1.3
19304,-0.75,-0.025,0.048,2.40556,-0.37889,1.81222,-0.936,-0.031,-0.104,1.12333,0.15,-1.24889
19405,-0.369,-0.105,0.037,0.62889,0.07667,0.54556,-0.854,-0.096,-0.273,1.94222,-0.09444,-1.32778
19503,-0.47,0.243,0.141,-0.43,0.4,-1.49889,-1.043,0.145,-0.168,-0.00111,-0.17444,-1.00667
19603,-1.036,0.61,0.295,-0.30889,-0.61,-0.15111,-0.997,-0.271,-0.389,0.73667,-0.06222,-0.25
19704,-1.24,0.042,0.809,1.49,-0.39222,-0.04333,-1.46,0.025,-0.316,0.4,-0.06333,0.59556
19806,-0.722,-0.192,0.564,-0.69333,-0.65889,-1.36444,-1.316,-0.216,0.04,-0.27444,-0.11667,3.06111
19910,-0.98,0.054,0.085,-0.70111,-0.13444,-1.36889,-1.091,-0.236,-0.178,-2.04,0.63556,2.05444
20005,-0.847,-0.157,0.238,-1.05889,0.1,-1.28889,-0.56,0.0,-0.011,-1.08,0.39778,1.11778
20107,-0.968,-0.018,0.29,-0.87111,0.30556,-0.78,-0.423,-0.123,0.008,-0.12444,0.04556,-0.43667
20204,-0.942,0.056,0.192,-0.87778,0.0,-0.47222,-1.797,1.25,-0.514,-0.19556,-0.24556,-0.88778
20300,-1.079,0.079,0.079,-0.81889,-0.12,-0.12889,-0.755,0.418,0.174,-1.12111,0.26778,0.29111
20403,-1.297,0.187,0.305,-0.17,0.06889,2.38,-0.831,0.0,0.228,-0.53556,0.64889,0.52889
20507,-1.433,-0.212,0.524,0.83889,-1.12556,2.22889,-1.061,-0.174,-0.382,0.14444,-0.04,-1.68
20602,-0.866,-0.097,-0.006,2.28111,-0.51778,1.82667,-0.89,-0.016,-0.073,1.35778,0.12,-1.57889
20704,-0.444,-0.108,0.069,1.06111,0.02444,0.30444,-1.057,0.112,-0.265,0.51,-0.18111,-0.71667
20805,-0.633,0.331,0.089,-0.89778,0.54,-1.73444,-0.959,0.005,-0.138,0.08222,-0.04778,-0.82333
20908,-1.065,0.668,0.407,0.30111,-0.57,-0.04111,-0.993,-0.331,-0.298,0.62444,-0.02333,-0.28556
21004,-1.172,-0.041,0.736,1.93667,-0.25,-0.21667,-1.343,-0.001,-0.343,0.92889,0.1,0.72667
21106,-0.922,0.133,0.351,0.33444,-0.26111,-1.13,-1.472,-0.202,-0.052,0.16667,0.01,3.06778
21206,-0.997,-0.023,0.36,-0.69889,-0.16111,-1.50333,-1.075,-0.233,-0.231,-2.00222,0.68778,2.00889
21309,-0.874,-0.104,0.081,-1.31,0.07,-1.41,-0.507,-0.006,0.005,-1.18,0.51,1.13667
21396,-0.95,0.018,0.294,-0.50667,0.33667,-0.85556,-0.458,-0.119,0.04,-0.17556,-0.14889,-0.39333
21505,-0.909,-0.027,0.196,-0.75444,0.02,-0.49889,-1.908,1.317,-0.62,0.31,-0.50889,-1.33444
21605,-1.226,0.031,0.16,-1.13444,-0.21889,-0.09667,-0.886,0.305,0.1,-0.72111,0.16333,0.12667
21704,-1.29,0.164,0.289,-0.11222,-0.14333,2.38333,-0.874,-0.103,0.313,0.22667,0.53111,0.06667
21807,-1.369,-0.106,0.419,0.46889,-1.02667,2.36667,-1.029,-0.215,-0.409,0.45556,-0.05889,-1.21
21905,-0.838,-0.064,0.092,2.3,-0.44,1.74444,-0.937,0.021,-0.102,1.53667,0.14778,-1.04
22002,-0.415,-0.055,-0.027,0.89222,0.12222,0.23222,-0.89,-0.115,-0.369,1.59333,-0.14556,-1.19
22102,-0.525,0.277,0.091,-0.54333,0.26778,-1.45,-0.955,0.088,-0.151,-0.10778,-0.05889,-1.06111
22205,-0.963,0.813,0.178,0.20778,-0.52889,0.12111,-1.112,-0.219,-0.376,0.70111,-0.13333,-0.27667
22304,-1.041,0.258,0.628,0.58,-0.22889,-0.09778,-1.357,0.042,-0.258,0.8,0.04778,0.82
22398,-0.81,-0.05,0.553,0.2,-0.07333,-0.83444,-1.378,-0.391,-0.233,0.39889,0.38556,2.87333
22490,-0.965,0.024,0.176,-0.32556,-0.10889,-1.32778,-1.068,-0.187,-0.064,-2.13778,0.54111,1.81778
22604,-0.894,-0.145,0.206,-1.17,0.08111,-1.17889,-0.509,-0.025,-0.02,-1.0,0.40556,1.20667
22697,-0.912,-0.076,0.266,-0.61,0.26889,-0.85556,-0.528,-0.088,0.057,-0.37556,0.08889,-0.46
22806,-0.98,-0.003,0.33,-0.91222,0.13778,-0.62778,-1.649,1.008,-0.615,0.26778,-0.3,-1.27
22905,-1.077,0.03,0.189,-0.82333,-0.07667,-0.17,-0.711,0.344,0.199,-0.6,0.3,0.54444
23004,-1.333,0.2,0.201,-0.28222,-0.03889,2.07778,-0.853,-0.224,0.295,-1.03889,0.52889,0.31
23102,-1.524,-0.176,0.441,0.43444,-1.14889,2.44333,-1.023,-0.249,-0.512,0.01333,-0.09333,-1.35444
23206,-0.828,-0.053,0.136,2.20111,-0.55667,1.88,-0.939,-0.054,-0.044,1.39667,0.28222,-1.32333
23307,-0.33,-0.088,-0.006,0.84333,0.00889,0.40889,-0.936,-0.158,-0.301,1.69111,-0.10889,-1.49778
23404,-0.512,0.161,0.197,0.05333,0.57556,-1.94333,-0.982,0.161,-0.165,0.17111,0.16,-1.03444
23504,-0.836,0.366,0.352,-0.03111,-0.95333,0.44556,-1.0,-0.299,-0.299,0.55222,-0.04222,-0.14444
23606,-1.08,0.101,1.134,2.39667,-0.58222,0.22111,-1.412,-0.015,-0.21,0.77556,0.12889,0.60667
23693,-0.927,-0.266,0.594,-1.22333,-0.44,-1.49889,-1.392,-0.357,-0.352,0.64333,0.09667,3.09778
23803,-0.982,0.019,0.236,-0.22111,-0.12889,-1.48778,-1.017,-0.201,-0.061,-2.25778,0.62667,1.87333
23904,-0.898,-0.146,0.284,-1.41778,0.12,-1.16889,-0.52,-0.04,-0.067,-0.91444,0.46,1.23444
24006,-0.932,-0.042,0.151,-0.47889,0.23,-0.89889,-0.502,-0.092,0.029,-0.26889,0.04778,-0.45
24104,-0.934,-0.023,0.316,-0.86,0.06889,-0.56111,-1.793,1.116,-0.623,0.26889,-0.49111,-1.28333
24205,-1.219,-0.061,0.301,-0.82889,-0.07889,-0.21,-1.096,0.341,0.108,-0.34222,-0.09,-0.08889
24303,-1.29,0.223,0.196,-0.08111,-0.18111,2.11556,-0.667,-0.715,0.424,0.66111,0.41,0.04778
24404,-1.48,-0.185,0.507,0.96,-1.10889,2.51,-0.977,-0.244,-0.165,-0.13778,-0.1,-1.35
24503,-0.811,-0.026,0.144,2.08889,-0.44222,2.04667,-0.847,-0.045,-0.207,1.58111,0.25556,-1.38667
24594,-0.312,-0.12,0.0,0.96889,0.02333,0.41556,-1.118,0.053,-0.173,0.16,-0.09333,-0.86556
24705,-0.65,0.172,0.192,-0.87111,0.77889,-1.86333,-0.94,-0.045,-0.293,0.05667,-0.11111,-0.88333
24806,-1.076,0.349,0.311,-0.61778,-0.84444,0.04111,-1.035,-0.167,-0.263,0.32444,-0.07556,-0.25778
24900,-1.235,0.283,0.885,2.02,-0.39,-0.62222,-1.443,0.154,-0.09,0.26667,0.09333,1.11
25004,-1.044,-0.04,0.57,-0.34889,-0.36778,-1.55556,-1.396,-0.541,-0.513,1.02222,0.50889,2.96
25104,-0.896,-0.055,0.195,-0.86889,-0.14778,-1.46778,-1.05,-0.151,0.023,-2.40556,0.50222,1.77889
25206,-0.875,-0.108,0.248,-1.41889,0.13222,-1.11111,-0.418,0.001,0.0,-0.72111,0.37667,0.74222
25305,-1.005,-0.007,0.37,-0.29667,0.19556,-0.81444,-0.493,-0.071,0.036,-0.15778,-0.05667,-0.84667
25400,-0.894,-0.123,0.514,-1.02111,0.03222,-0.44667,-1.593,1.114,-0.411,-1.29,-0.01889,-0.43
25504,-1.25,-0.038,0.457,-1.15444,0.00556,-0.28,-0.937,0.212,-0.05,-1.66111,-0.03889,0.03111
25606,-1.393,0.1,0.159,-0.53333,-0.04,1.92556,-1.01,-0.573,0.503,1.06667,0.15111,-0.24111
25703,-1.421,-0.194,0.484,0.36333,-0.85778,2.34,-1.056,-0.171,-0.463,0.31111,-0.08,-0.98889
25804,-0.91,-0.058,0.072,2.36556,-0.38333,1.76444,-0.962,-0.03,-0.163,1.31444,0.16667,-1.25222
25904,-0.457,-0.093,0.066,1.00222,-0.19889,0.63889,-0.878,-0.128,-0.267,1.71778,-0.07889,-1.27
25999,-0.541,0.279,0.114,-0.09889,0.20889,-1.00778,-0.981,0.13,-0.168,0.22111,-0.12778,-1.15889
26102,-1.261,0.87,0.447,0.12,-0.28556,-0.15,-0.998,-0.233,-0.439,0.91556,-0.08889,-0.25333
26205,-1.08,0.277,0.264,0.07889,-0.20111,-0.17889,-1.36,-0.034,-0.294,0.70444,0.05,0.17556
26300,-0.948,0.059,0.258,-0.74889,0.23778,-0.83,-1.254,0.02,0.31,-0.47,-0.16,2.87667
26398,-0.919,0.052,0.111,0.05556,0.00556,-1.29444,-1.052,-0.247,-0.283,-1.57889,0.77111,2.24222
26504,-0.832,-0.159,0.167,-1.23556,0.00556,-1.24667,-0.691,0.003,-0.141,-1.2,0.55222,1.49444
26603,-0.938,-0.002,0.252,-0.51889,0.28778,-0.96,-0.48,-0.159,-0.02,-0.50111,-0.02111,-0.06
26703,-0.893,-0.018,0.201,-0.62778,0.03333,-0.64444,-1.264,0.832,-0.21,0.62667,-0.55556,-1.85
26801,-0.972,-0.187,0.06,-0.64,-0.19889,-0.19333,-0.592,0.347,0.049,-0.06667,0.4,0.62
26901,-1.354,0.09,0.327,-0.77111,-0.07778,1.50222,-1.439,0.77,-0.211,-1.66444,0.61,0.51
27003,-1.443,-0.256,0.405,-0.12778,-1.00667,2.63444,-1.103,-0.334,-0.649,0.20444,0.06222,-1.43556
27101,-1.03,-0.142,0.042,3.0,-0.59444,1.62333,-1.015,0.037,-0.044,1.32889,0.17556,-1.35556
27202,-0.452,-0.031,0.041,1.10222,-0.25,0.76333,-0.886,-0.042,-0.242,1.77556,-0.02111,-1.12222
27304,-0.476,0.125,-0.035,-0.21333,0.13556,-0.83,-0.98,0.046,-0.136,0.0,-0.18556,-1.09667
27402,-1.644,1.064,0.446,0.71222,0.24778,-0.86,-0.986,-0.132,-0.484,1.14556,-0.12,-0.30889
27504,-1.054,0.47,0.187,0.72,-0.18333,-0.24778,-1.25,0.02,-0.231,0.52111,0.00222,-0.18889
27605,-1.213,-0.204,-0.466,-1.40778,0.21222,-1.13222,-1.207,0.174,0.437,-0.54778,-0.22111,2.32
27701,-0.906,-0.03,0.301,0.22889,0.10556,-1.20444,-1.284,-0.248,-0.408,-0.18333,0.81556,2.27444
27797,-0.881,-0.067,0.115,-1.2,-0.08222,-1.25778,-0.879,-0.006,-0.077,-1.82111,0.45444,1.49889
27904,-0.873,-0.024,0.308,-0.82111,0.19,-1.05556,-0.479,-0.168,0.008,-1.05111,0.08556,0.33333
28003,-0.906,-0.006,0.333,-0.36778,0.23444,-0.98556,-0.895,0.405,-0.167,0.50556,-0.28,-1.68222
28104,-0.976,-0.219,0.286,-0.76,-0.08778,-0.29556,-0.866,0.544,-0.012,0.71444,0.61444,1.09444
28205,-1.473,0.047,0.325,-0.8,-0.14889,0.65889,-1.201,0.072,-0.225,-2.04333,0.19889,-0.64444
28310,-1.403,-0.314,0.364,-0.05,-0.57667,2.89111,-0.941,-0.009,-0.657,0.24,0.23222,-0.96
28405,-1.031,-0.275,0.226,2.91333,-0.68111,1.87222,-0.947,0.071,-0.068,0.7,0.19778,-1.45
28510,-0.515,-0.007,0.068,1.25222,-0.37333,1.27444,-0.928,-0.035,-0.201,1.64778,-0.00889,-1.27
28605,-0.473,0.009,-0.047,0.00556,-0.08556,-0.38667,-0.991,-0.093,-0.153,0.18333,-0.23,-1.0
28711,-1.588,1.135,0.589,0.34222,0.70222,-1.40556,-0.962,-0.056,-0.272,0.89,-0.19778,-0.59556
28811,-0.985,0.447,-0.172,0.18667,-0.25667,-0.06667,-1.234,0.005,-0.187,0.51,-0.05,-0.30111
28910,-1.018,-0.266,-0.277,-1.19111,-0.59778,-0.63,-1.212,0.086,0.116,-0.08,0.08222,2.03444
29009,-0.905,-0.125,0.497,-0.75444,0.24556,-0.93778,-1.414,-0.259,-0.465,-0.40556,1.09222,2.35667
29110,-0.971,-0.013,0.073,-1.02667,-0.06333,-1.36778,-1.006,-0.04,0.019,-1.92,0.48556,1.66
29211,-0.885,-0.036,0.319,-1.19778,0.12111,-1.06778,-0.443,-0.153,-0.01,-1.11667,0.08778,0.59444
29308,-0.985,0.098,0.302,-0.32556,0.10667,-0.79444,-0.595,0.188,-0.013,0.50889,-0.29778,-1.32778
29409,-0.921,-0.354,0.33,-0.66,0.04778,-0.49222,-1.013,0.813,-0.047,-0.50778,0.62,0.96667
29499,-1.196,0.154,0.39,-1.28667,-0.07,0.12556,-0.812,0.129,-0.102,-1.47778,-0.10667,-0.3
29602,-1.342,-0.257,0.146,-0.15444,-0.28667,2.91333,-1.253,-0.118,-0.297,1.29,0.28667,-1.21889
29695,-1.213,-0.312,0.391,2.59,-0.94,1.95222,-0.909,0.034,-0.036,0.42111,0.20333,-1.35111
29804,-0.509,-0.007,0.052,1.28222,-0.46333,1.49778,-0.882,0.01,-0.191,1.95222,0.12778,-1.13444
29901,-0.467,-0.159,-0.004,0.36444,0.07556,-0.23889,-0.958,-0.088,-0.225,0.45778,-0.29,-1.16556
30000,-1.515,1.242,0.354,0.43444,0.83,-1.92667,-1.016,0.043,-0.289,0.47,-0.10889,-0.76
30100,-0.791,0.397,-0.026,-0.26111,-0.42667,0.39556,-1.26,-0.118,-0.195,0.50556,0.09778,-0.18778
30205,-0.557,-0.168,-0.639,-0.81778,-1.09,-0.10556,-1.275,0.007,-0.082,0.04,0.05,1.65556
30302,-0.971,-0.168,0.633,-0.63556,0.13222,-1.07,-1.45,-0.426,-0.589,1.27222,0.74556,2.46
30404,-0.99,-0.048,0.061,-0.95111,-0.10333,-1.5,-1.036,-0.108,-0.025,-2.47111,0.44333,1.67444
30503,-0.87,-0.119,0.284,-1.36,0.15222,-1.20333,-0.442,-0.078,-0.004,-1.02333,0.29,0.56222
30603,-0.987,0.103,0.274,-0.12889,0.22111,-0.95889,-0.51,0.113,0.061,0.28,-0.18667,-1.10778
30702,-0.895,-0.133,0.506,-1.04778,-0.05111,-0.38222,-1.611,1.105,-0.545,-1.33222,0.40111,0.08556
30804,-1.201,0.089,0.293,-1.13222,-0.05667,-0.08778,-0.867,0.169,0.067,-1.93,-0.00778,-0.07111
30904,-1.279,0.005,0.054,0.12778,0.03111,2.59444,-1.341,-0.411,-0.29,0.98667,0.30111,-0.94889
31010,-1.116,-0.286,0.366,1.95667,-0.93667,2.09333,-0.893,-0.004,0.087,0.68889,0.22333,-1.48333
31101,-0.659,0.015,0.117,1.59444,-0.31,1.67,-0.913,-0.02,-0.237,1.92,0.08,-1.08556
31206,-0.528,-0.112,0.01,0.64444,-0.00222,0.29556,-0.961,-0.016,-0.305,0.41667,-0.16,-0.74333
31301,-0.649,0.395,0.259,-0.26889,0.68889,-1.7,-0.977,-0.011,-0.106,0.19222,-0.13444,-1.07111
31394,-0.919,0.458,0.062,-0.43778,-0.69222,0.45889,-1.03,-0.192,-0.26,0.30556,-0.02,-0.32778
31502,-1.044,0.354,0.623,2.64222,-0.51333,0.16444,-1.449,0.151,-0.308,0.31889,0.09,1.09
31603,-1.025,-0.158,0.387,-1.07333,-0.38778,-1.61,-1.352,-0.55,-0.598,1.09111,0.39778,2.71
31700,-0.937,-0.066,0.211,-0.83444,-0.13333,-1.46,-1.1,-0.169,0.023,-2.33556,0.5,1.80333
31802,-0.912,-0.092,0.287,-1.60222,0.14556,-1.14667,-0.519,-0.1,-0.059,-0.69222,0.41778,1.16
31892,-0.968,0.006,0.293,0.05556,0.36111,-1.04,-0.423,0.023,0.071,0.13444,-0.16556,-0.53111
32004,-0.875,-0.048,0.397,-0.52889,0.06333,-0.55,-1.723,0.808,-0.474,-1.00222,0.12,0.07778
32104,-1.247,-0.03,0.311,-1.24,-0.11111,-0.09111,-0.852,0.104,0.147,-1.36111,-0.03222,-0.51444
32193,-1.146,0.093,0.001,-0.64222,-0.10556,2.46333,-0.615,-1.063,0.082,1.08444,0.28889,-1.17333
32303,-1.27,-0.191,0.415,-0.03,-1.13667,2.48444,-0.949,0.032,-0.056,0.00889,-0.00667,-1.05889
32400,-0.799,-0.02,0.125,2.27667,-0.49,1.76,-0.903,0.016,-0.175,1.12778,0.19556,-1.25222
32494,-0.409,-0.089,-0.001,0.75,-0.00111,0.47222,-0.974,-0.222,-0.254,1.35,-0.29556,-1.38333
32589,-0.547,0.409,0.25,-0.4,0.45222,-1.61111,-0.967,0.142,-0.152,0.31222,0.16333,-0.98778
32701,-0.694,0.336,0.07,0.03444,-1.08444,0.72778,-1.017,-0.273,-0.276,0.55444,-0.03,0.00889
32799,-1.368,0.61,0.847,2.55,-0.37667,0.02,-1.408,0.085,-0.218,0.22222,-0.06222,1.30333
32902,-1.095,-0.302,0.639,-1.20778,-0.35444,-1.52889,-1.381,-0.48,-0.499,1.16667,0.45667,2.67556
33001,-0.927,-0.037,0.144,-0.64778,-0.11667,-1.47333,-1.061,-0.134,-0.009,-2.41,0.49333,1.63667
33102,-0.895,-0.113,0.298,-1.33889,0.15111,-1.19,-0.477,-0.071,-0.013,-0.90556,0.46444,0.93333
33202,-0.966,-0.074,0.315,0.07889,0.43444,-1.07667,-0.504,0.029,0.075,0.2,0.00778,-0.59111
33304,-0.939,-0.125,0.495,-0.82333,0.05667,-0.46333,-1.809,1.148,-0.625,-1.49333,-0.01111,-0.2
33401,-1.217,-0.022,0.297,-1.01778,-0.16,0.02222,-0.919,0.216,0.068,-1.98,-0.35444,-0.01667
33501,-1.284,0.066,-0.006,-0.11,0.03667,2.56,-1.109,-0.478,0.028,1.2,0.27667,-1.5
33599,-1.349,-0.252,0.503,0.47444,-1.05889,2.36333,-0.905,-0.016,-0.116,0.19,0.18667,-1.39222
33705,-0.549,0.043,0.089,2.15444,-0.54,1.74222,-0.876,-0.037,-0.271,1.58778,0.16444,-1.4
33799,-0.373,-0.166,-0.058,0.97667,0.07333,0.20556,-0.952,-0.134,-0.212,1.33778,-0.21222,-1.13111
33902,-0.955,0.638,0.354,-0.36222,0.61333,-2.0,-0.968,0.109,-0.162,0.22889,0.11444,-0.95111
33993,-0.836,0.55,0.072,-0.47444,-0.87889,0.27444,-1.093,-0.119,-0.228,0.83444,-0.03444,-0.07667
34100,-0.325,-0.075,0.444,3.15,-0.27,0.24556,-1.385,0.108,-0.134,0.39,-0.01,1.00222
34198,-1.109,-0.135,0.582,-0.82444,-0.41556,-1.65,-1.383,-0.44,-0.481,1.34889,0.68,2.52778
34300,-0.924,-0.103,0.137,-0.72889,-0.24,-1.55,-1.111,-0.181,-0.049,-2.31778,0.59667,1.79111
34401,-0.847,-0.167,0.252,-1.75556,0.12,-1.24667,-0.436,-0.074,-0.026,-0.88889,0.32111,0.71222
34488,-0.981,0.034,0.308,-0.24,0.30778,-0.96556,-0.437,0.01,0.047,-0.00444,-0.05222,-0.75889
34599,-0.921,-0.06,0.459,-0.91667,0.03556,-0.40667,-1.697,1.173,-0.365,-1.81556,0.26,0.23556
34696,-1.232,0.026,0.363,-1.15889,-0.12444,-0.06111,-1.04,0.151,0.093,-1.62111,-0.28667,-0.06556
34800,-1.241,0.023,0.041,-0.01333,-0.00444,2.55,-0.961,-0.697,0.128,1.18333,0.24667,-0.97
34891,-1.237,-0.267,0.392,0.58444,-1.10444,2.35444,-0.961,0.021,-0.144,-0.08556,0.10778,-1.18556
34998,-0.631,0.018,0.126,2.04222,-0.57778,1.8,-0.909,0.0,-0.197,1.82667,0.09333,-1.32
35097,-0.426,-0.123,-0.062,0.78556,0.10333,0.25889,-0.99,-0.151,-0.293,1.05667,-0.34667,-1.46444
35200,-0.834,0.614,0.365,-0.11444,0.71444,-2.16889,-1.015,0.143,-0.159,0.39778,0.09,-0.95111
35301,-0.855,0.413,-0.021,-0.47222,-0.89111,0.33222,-1.196,-0.107,-0.326,0.37556,0.17111,-0.11444
35393,-0.472,-0.114,-0.147,1.36333,-0.93333,0.68556,-1.284,0.026,-0.109,-0.28889,-0.01111,1.97556
35503,-1.043,-0.213,0.567,-0.31778,0.21667,-1.14222,-1.477,-0.431,-0.559,0.78889,0.76,2.35889
35604,-0.91,-0.001,0.161,-1.15556,-0.00556,-1.47667,-0.954,-0.082,0.0,-2.13111,0.34444,1.63444
35693,-0.891,0.019,0.349,-1.13556,0.21778,-0.98222,-0.447,-0.058,0.042,-0.56,0.02667,0.48
35802,-0.913,-0.062,0.322,-0.02556,0.13556,-0.98444,-0.501,0.077,0.112,0.62556,-0.23556,-1.16111
35901,-0.903,-0.244,0.541,-0.79333,-0.07778,-0.30444,-1.16,0.95,-0.233,-1.53,0.47111,0.12
36000,-1.288,0.095,0.345,-1.11111,-0.22556,0.87,-1.081,0.047,-0.2,-2.09333,0.20222,-0.44222
36103,-1.616,-0.212,0.297,0.12111,-0.73111,3.05,-1.276,0.068,-0.657,0.08889,0.1,-1.2
36202,-1.082,-0.228,0.236,2.89222,-0.72889,1.66222,-0.937,0.0,-0.024,0.93,0.26333,-1.52444
36301,-0.437,0.044,0.095,1.04556,-0.27778,1.03667,-0.942,-0.039,-0.185,1.73222,0.05667,-1.12778
36400,-0.444,-0.08,-0.042,0.24,0.24,-0.65111,-0.936,-0.134,-0.223,0.38333,-0.24444,-0.82
36501,-1.806,1.286,0.427,-0.57556,0.38556,-1.35,-1.038,0.062,-0.243,0.69889,-0.17333,-0.64556
36600,-1.002,0.571,0.041,0.46556,0.01,-0.17778,-1.266,0.019,-0.292,0.44,-0.00778,-0.32556
36700,-0.551,-0.132,-0.737,-1.38667,-0.5,0.15889,-1.211,0.09,0.26,-0.24889,-0.03778,2.23778
36801,-0.769,-0.202,0.539,0.33,0.27667,-1.03,-1.407,-0.243,-0.462,0.25333,0.96444,2.34444
36894,-0.965,-0.032,0.059,-1.29111,-0.11111,-1.24222,-0.911,-0.007,-0.022,-1.93444,0.29444,1.70222
37001,-0.912,-0.029,0.392,-1.36556,0.20778,-0.94222,-0.421,-0.152,-0.021,-0.68111,0.04,0.33667
37099,-0.95,0.032,0.214,-0.01556,0.38111,-1.19222,-0.71,0.201,-0.152,0.46778,-0.35778,-1.85111
37203,-0.907,-0.208,0.357,-0.62667,-0.06778,-0.31556,-0.861,0.599,0.137,0.69333,0.55111,1.36556
37302,-1.567,0.043,0.304,-0.63333,-0.13556,1.29222,-1.591,0.45,-0.502,-2.76889,0.07444,-0.44333
37402,-1.495,-0.315,0.342,-0.73,-0.85333,2.94333,-1.062,-0.322,-0.776,0.18778,0.12889,-0.93111
37492,-1.074,-0.246,0.23,2.73222,-0.62,1.7,-0.97,-0.005,-0.088,1.37,0.18889,-1.62444
37602,-0.414,-0.047,0.031,1.16111,-0.41556,0.79,-0.955,0.022,-0.199,1.55889,-0.06222,-1.40667
37702,-0.385,-0.039,-0.087,0.02333,0.27889,-0.66667,-1.041,0.009,-0.213,0.37222,-0.30444,-1.18444
37804,-2.059,1.393,0.492,0.65111,-0.01,-0.67333,-0.956,-0.09,-0.362,0.68889,-0.10889,-0.38556
37900,-0.844,0.478,-0.07,0.10556,-0.15778,-0.15778,-1.19,0.135,-0.185,0.41667,0.09222,0.02667
37987,-1.524,0.206,-0.484,0.33333,0.55333,-0.84778,-1.265,0.118,0.295,-0.11333,-0.21,2.46333
38106,-0.906,-0.057,0.394,0.29,0.11,-1.35667,-1.336,-0.202,-0.46,0.51667,0.97,2.16778
38218,-0.838,-0.07,0.011,-1.24778,-0.07556,-1.38,-0.756,0.0,-0.026,-1.9,0.45,1.54
38306,-0.937,-0.009,0.363,-0.88222,0.27111,-1.02,-0.489,-0.156,0.014,-0.89,-0.01667,0.26889
38407,-0.916,-0.022,0.228,-0.56556,0.1,-0.90667,-1.007,0.543,-0.248,0.46111,-0.29111,-1.91
38502,-1.034,-0.166,0.201,-0.61889,-0.16556,-0.31444,-0.753,0.505,0.161,0.19556,0.50444,1.10333
38607,-1.437,0.085,0.371,-0.71,-0.14667,1.32556,-1.486,0.588,-0.314,-2.05111,0.21111,-0.13333
38702,-1.452,-0.284,0.32,-0.13222,-0.89333,2.80667,-1.042,-0.133,-0.555,-0.55333,0.13556,-1.48556
38807,-1.088,-0.168,0.107,2.36,-0.59444,1.82,-1.011,0.01,-0.137,1.11,0.20556,-1.52222
38901,-0.441,-0.023,0.079,0.82556,-0.31,0.90111,-0.901,-0.1,-0.139,1.33,-0.00667,-1.40111
39007,-0.351,0.044,-0.068,-0.10556,0.40556,-0.79,-1.055,0.04,-0.265,0.47,-0.07778,-1.02556
39094,-2.04,1.43,0.479,0.05778,-0.03333,-0.58778,-1.025,-0.141,-0.578,1.13556,-0.12556,-0.34444
39206,-1.084,0.474,0.277,0.07556,-0.19889,0.07889,-1.297,0.148,-0.135,0.59667,0.07444,0.32333
39307,-1.187,0.16,0.35,0.95222,0.55889,-0.26222,-1.334,-0.127,0.083,0.63222,-0.3,2.95
39406,-0.972,-0.001,0.23,-0.38222,-0.03667,-1.49778,-1.028,-0.173,-0.204,-1.13,0.46889,2.04556
39507,-0.834,-0.117,0.23,-1.12889,0.11,-1.34333,-0.612,-0.032,-0.154,-1.66111,0.82333,1.05
39594,-0.927,-0.002,0.26,-0.64222,0.32333,-0.93,-0.574,-0.139,0.137,-0.64111,0.51778,-0.34778
39700,-0.967,0.045,0.301,-0.67778,0.18444,-0.75333,-1.443,0.923,-0.374,0.35556,-0.35667,-1.24556
39798,-1.052,-0.021,0.053,-0.64,-0.17667,-0.16667,-0.65,0.485,0.064,0.68,0.28,0.62
39901,-1.382,0.22,0.348,-0.22889,-0.03667,2.08444,-1.086,0.452,-0.104,-1.96111,0.73,1.13111
39998,-1.492,-0.177,0.593,0.03667,-1.09444,2.29111,-1.234,-0.401,-0.792,0.54333,0.04,-1.12444
40105,-0.99,-0.123,-0.003,2.69,-0.62889,1.53667,-0.967,0.029,-0.082,1.67778,0.19,-1.25556
40199,-0.384,-0.04,0.043,0.68889,-0.3,0.39,-0.917,-0.024,-0.308,1.25444,-0.06778,-1.20778
40301,-0.479,0.195,0.047,-0.32556,0.50444,-1.23667,-0.97,0.036,-0.147,0.61556,-0.04667,-1.02222
40402,-1.229,0.739,0.389,-0.26222,-0.58667,0.16889,-1.096,-0.183,-0.454,0.88222,-0.16,-0.34
40502,-1.013,0.212,0.502,0.37889,-0.10556,-0.27667,-1.35,0.051,-0.264,0.85,0.01778,0.22667
40599,-0.734,-0.029,-0.213,0.19778,0.11222,-0.66,-1.295,-0.206,-0.105,0.04889,-0.25889,2.91333
40698,-0.973,0.046,0.116,0.09778,-0.08667,-1.36889,-0.999,-0.19,-0.167,-2.05,0.79444,1.83111
40799,-0.836,-0.102,0.137,-2.17222,0.08444,-1.08222,-0.598,0.0,-0.035,-1.23667,0.64889,1.25556
40899,-0.868,-0.035,0.26,-0.14444,0.34778,-1.11667,-0.553,-0.122,0.078,-0.54,0.04333,-0.05889
40999,-0.886,0.059,0.297,-0.44444,0.09,-0.73778,-1.401,0.969,-0.408,0.68222,-0.54778,-1.70778
41098,-1.13,-0.045,0.066,-0.44444,-0.18778,-0.15889,-0.631,0.281,0.131,0.50667,0.26667,1.02
41198,-1.365,0.034,0.058,0.13222,-0.10667,2.50111,-0.281,-1.087,0.96,-0.08333,0.62667,0.77556
41298,-1.403,-0.229,0.502,-0.28222,-1.16667,2.46667,-0.995,-0.053,-0.231,-0.77,0.02,-1.02667
41393,-0.74,-0.045,0.03,2.09333,-0.57556,1.82444,-0.881,-0.023,-0.233,1.63333,0.22,-1.46
41502,-0.367,-0.124,-0.023,0.66,-0.05,0.05778,-0.854,-0.099,-0.127,0.92778,-0.06667,-1.46667
41599,-0.694,0.459,0.366,-0.20444,0.56333,-1.79889,-1.046,0.143,-0.275,0.91556,-0.02,-0.74222
41698,-0.947,0.539,0.351,0.47444,-0.57111,0.60333,-0.986,-0.261,-0.268,0.23222,0.06889,-0.15
41798,-1.143,0.269,0.854,0.49444,-0.29,-0.11,-1.391,0.049,-0.249,0.84222,0.00889,0.68444
41903,-0.809,0.052,0.329,0.42667,-0.25444,-0.87444,-1.358,-0.338,-0.29,0.14444,0.04667,2.81889
41999,-0.956,-0.013,0.293,-0.56222,-0.08667,-1.44333,-1.026,-0.213,-0.1,-2.08,0.53889,1.73889
42101,-0.931,-0.034,0.238,-1.21778,0.1,-1.17222,-0.569,-0.052,-0.01,-0.97222,0.5,1.05444
42201,-0.904,-0.043,0.367,-0.74111,0.21556,-0.82556,-0.544,-0.091,0.068,-0.17778,-0.09,-0.25444
42305,-0.957,-0.123,0.278,-1.02444,0.40556,-0.87667,-1.411,1.027,-0.39,0.39889,-0.31333,-0.89778
42404,-1.181,0.301,0.33,-0.62667,-0.00556,-0.15111,-0.768,0.271,0.125,-0.75,0.24667,0.62556
42500,-1.468,0.07,0.083,0.61333,-0.03222,2.85,-0.639,-0.722,0.426,-1.33222,0.28,0.73
42599,-1.264,-0.163,0.332,1.94778,-1.26,1.92556,-0.916,-0.137,-0.171,0.35667,0.05222,-0.84333
42692,-0.648,0.033,0.042,1.54333,-0.6,1.41889,-0.952,-0.087,-0.158,2.12556,0.17889,-1.13778
42799,-0.53,-0.182,0.005,1.62889,0.10333,-0.40778,-0.956,-0.097,-0.425,1.42,-0.13667,-1.09
42899,-0.893,0.648,0.109,-0.87111,0.18222,-1.30889,-0.99,0.044,-0.083,0.62667,-0.12,-0.82778
43003,-0.927,0.728,-0.051,-0.24556,-0.33667,-0.08333,-1.071,0.015,-0.262,0.82889,-0.2,-0.11778
43096,-0.972,0.391,0.169,2.57556,-0.83333,0.46222,-1.253,0.22,0.038,0.07222,-0.24111,1.89333
43191,-1.036,-0.345,0.716,-1.78,-0.21889,-1.05556,-1.357,-0.354,-0.641,0.44778,1.17889,1.98
43298,-0.91,0.029,0.171,-1.42556,0.05444,-1.28667,-0.978,0.024,0.121,-2.35667,0.59444,1.27111
43398,-0.923,0.039,0.322,-1.23889,0.10667,-0.90778,-0.572,-0.099,-0.037,-1.27667,0.21889,0.40222
43497,-0.936,-0.05,0.21,-0.94556,0.13667,-0.75,-0.698,0.331,0.144,0.51889,0.10778,-0.77889
43596,-0.966,-0.029,0.46,-0.98333,0.12,-0.40222,-1.419,0.918,-0.469,-1.02333,-0.03111,-0.92444
43697,-1.421,0.145,0.519,-0.77778,-0.07,0.21444,-0.799,-0.098,-0.209,-1.52222,-0.12,-0.19778
43796,-1.433,-0.401,0.343,0.27333,-0.16889,3.09889,-0.397,-0.741,0.055,0.38444,0.31111,-0.25889
43898,-1.053,-0.17,0.071,2.52778,-0.68889,1.92111,-1.01,0.117,0.059,0.13556,0.02444,-1.13
43995,-0.538,0.062,0.076,0.56889,-0.36333,1.22,-0.913,-0.053,-0.235,1.50444,-0.03556,-1.12778
44098,-0.463,-0.115,-0.035,0.53444,0.24444,-0.42778,-0.985,-0.078,-0.262,0.59,-0.13778,-0.9
44196,-1.51,1.071,0.403,-1.10778,0.50222,-1.55444,-1.032,-0.006,-0.139,0.71111,-0.23333,-0.82778
44297,-0.985,0.619,0.055,0.60667,-0.11111,0.15667,-1.253,0.178,-0.225,0.60222,-0.11,0.02111
44394,-0.509,-0.668,-0.888,-0.66556,-0.51222,-0.20667,-1.29,0.068,0.017,0.34556,-0.23,2.82111
44494,-0.86,0.048,0.19,0.26111,0.05778,-1.20111,-1.173,-0.251,-0.154,-3.19111,0.90111,1.97111
44597,-0.867,-0.055,0.307,-1.29,0.12222,-1.21111,-0.671,-0.006,0.036,-0.73,0.61667,1.49556
44698,-0.899,0.006,0.241,-0.85,0.19222,-1.02,-0.463,-0.229,0.129,0.0,-0.14222,-0.29778
44798,-0.96,0.062,0.277,-0.65333,0.14778,-0.66556,-1.703,1.227,-0.453,0.18444,-0.57444,-2.09556
44882,-1.273,0.11,0.336,-0.52889,-0.16667,0.08778,-1.166,0.303,0.067,-0.4,-0.46111,0.13667
44992,-1.493,-0.015,0.034,0.98,-0.20889,2.82889,-0.601,-0.746,0.113,1.18111,0.37778,-0.46111
45095,-1.049,-0.183,0.399,0.54,-0.82222,2.05333,-0.863,-0.092,0.02,0.44667,0.06222,-1.08556
45199,-0.586,0.098,0.088,0.54444,-0.39111,1.11556,-0.896,-0.048,-0.249,1.11556,-0.02,-0.81667
45293,-0.513,-0.066,0.061,0.86222,0.33111,-0.26222,-0.973,-0.085,-0.189,0.29111,-0.06889,-0.85
45398,-1.006,0.72,0.18,-1.74444,0.36778,-1.32444,-1.026,-0.095,-0.232,1.03,-0.08,-0.98222
45498,-0.736,0.79,0.038,0.93222,-0.45111,0.51,-1.094,0.033,-0.143,0.46333,-0.06778,-0.12222
45597,-1.496,0.362,-0.029,0.21333,-1.51,0.43778,-1.291,0.17,-0.01,0.42222,-0.34222,2.22111
45696,-0.907,-0.491,0.996,-2.61333,-0.02333,-0.65,-1.465,-0.249,-0.493,-1.22,1.13778,2.03
45799,-0.882,0.02,0.135,-0.76444,0.14,-1.16778,-0.913,-0.025,0.09,-1.12,0.45444,1.63111
45900,-0.895,0.074,0.327,-0.84,0.23111,-0.82667,-0.439,-0.184,0.02,-0.44222,-0.07,0.32
46001,-0.918,-0.012,0.215,-0.73667,0.19111,-0.94111,-0.819,0.459,-0.15,0.77556,-0.33889,-1.67444
46097,-1.036,0.048,0.43,-0.81556,0.10111,-0.09111,-1.039,0.575,-0.091,1.18778,0.43,0.24222
46197,-1.355,0.32,0.104,0.62889,0.04778,2.48778,-1.306,0.444,-0.301,-1.88889,0.41333,0.19111
46298,-1.243,-0.086,0.402,0.09778,-0.82889,2.23222,-1.086,-0.034,-0.301,0.02222,0.24778,-1.01778
46398,-0.781,0.068,0.094,1.42889,-0.39,1.29778,-0.891,-0.111,-0.201,1.10778,0.23556,-1.23111
46498,-0.464,-0.134,0.092,1.40333,0.17,0.02667,-0.933,-0.08,-0.167,0.71444,-0.10889,-1.08667
46598,-0.751,0.492,0.056,-0.85778,0.17556,-0.79667,-1.001,-0.046,-0.175,0.59,-0.16333,-1.05778
46699,-1.245,0.802,0.429,0.88222,-0.19556,0.0,-1.083,-0.057,-0.4,0.96333,-0.17778,-0.24222
46798,-0.997,0.061,0.676,0.29333,-0.05556,-0.50111,-1.323,0.167,-0.188,0.71222,0.07111,0.81111
46904,-1.19,0.252,0.226,0.09444,-0.03556,-1.17,-1.43,-0.469,-0.457,0.63778,0.64222,2.62
47003,-0.936,0.015,0.05,-0.24667,-0.02556,-1.49556,-1.172,-0.188,0.041,-2.32889,0.71889,1.84
47100,-0.904,-0.026,0.349,-1.0,0.09333,-1.23667,-0.503,-0.038,-0.015,-0.97,0.49,1.12556
47197,-0.868,-0.093,0.239,-0.62111,0.11333,-0.91556,-0.537,-0.066,0.079,-0.06444,-0.00778,-0.37667
47299,-0.94,-0.03,0.355,-0.62444,0.25,-0.94444,-1.493,0.911,-0.532,-0.04444,-0.36556,-1.17
47396,-1.068,0.084,0.11,-0.73667,-0.11111,-0.10889,-0.809,0.328,0.106,-0.12889,0.30556,0.59
47500,-1.34,0.104,0.079,0.13333,0.10556,2.35556,-0.734,-0.684,0.49,-0.97222,0.88778,0.74222
47591,-1.39,-0.176,0.416,1.13444,-0.95889,2.02778,-1.07,-0.088,-0.409,0.77111,0.06,-1.03
47690,-0.819,0.035,-0.012,1.66667,-0.60667,1.48111,-0.9,-0.065,-0.135,1.28222,0.03778,-1.63111
47798,-0.375,-0.118,0.092,1.47,0.03333,0.04,-0.995,0.032,-0.206,1.36778,-0.13,-1.40333
47898,-0.784,0.469,0.125,-0.21222,0.23444,-1.03667,-0.961,-0.048,-0.127,1.47556,-0.03667,-0.64556
47988,-1.267,0.862,0.405,0.58444,-0.22,-0.10111,-1.102,0.114,-0.429,0.79333,-0.22333,-0.28778
48097,-1.687,0.326,0.611,0.75667,-0.24444,0.44222,-1.359,0.033,-0.233,-0.36,0.04,1.89
48195,-1.052,-0.286,0.768,-0.27556,0.25889,-0.81333,-1.44,-0.562,-0.585,1.18444,0.68333,1.99778
48305,-0.985,-0.034,0.232,-1.17889,-0.00889,-1.54667,-1.017,-0.124,0.091,-2.12778,0.54889,1.37
48398,-0.907,-0.104,0.292,-1.07889,0.24,-1.38889,-0.51,-0.111,0.041,-1.28111,0.35222,0.61
48503,-1.043,0.12,0.279,0.07111,0.29,-1.00778,-0.758,0.233,0.027,0.89667,-0.13222,-0.76222
48604,-0.85,-0.122,0.353,-0.41778,-0.02778,-0.44222,-1.335,0.848,-0.409,-0.39667,-0.01444,-0.25556
48703,-1.236,-0.025,0.374,-0.76,-0.11556,-0.04444,-1.058,0.117,-0.047,-1.51333,-0.17,0.34222
48803,-1.263,0.172,-0.268,0.96667,0.08778,2.30778,-0.889,-0.311,0.112,1.02444,0.35778,-0.73
48899,-1.37,-0.251,0.495,0.25444,-0.87444,2.31444,-0.944,0.062,-0.017,0.06889,0.01444,-1.07556
49003,-0.738,0.03,0.061,1.47111,-0.50444,1.60778,-0.887,-0.093,-0.246,0.92556,-0.06778,-1.36889
49103,-0.427,-0.091,-0.031,0.98889,0.13778,-0.04556,-0.941,0.012,-0.199,1.40444,-0.07778,-1.33556
49203,-0.667,0.47,0.223,-0.04889,0.33556,-1.56,-0.901,0.013,-0.212,0.75667,-0.17111,-1.14444
49304,-1.044,0.486,0.254,0.61,-0.63,0.76,-1.106,-0.111,-0.315,0.76889,-0.27556,-0.19889
49405,-1.236,0.321,0.675,1.96,-0.42222,0.45889,-1.454,0.145,-0.145,0.32,0.03778,1.15778
49504,-1.176,-0.46,1.024,-1.83556,-0.01111,-1.34556,-1.446,-0.576,-0.528,0.93667,0.75333,2.56444
49599,-0.968,-0.021,0.006,-0.89333,-0.04556,-1.62,-1.125,-0.114,0.022,-2.51222,0.73778,1.69667
49705,-0.852,-0.169,0.303,-1.71222,0.07111,-1.20778,-0.413,-0.049,0.069,-1.11444,0.43111,0.68889
49807,-0.997,0.093,0.338,0.07556,0.28556,-1.23,-0.464,-0.061,0.035,-0.03556,-0.02667,-0.71333
49898,-0.927,-0.102,0.55,-0.95111,0.09,-0.36667,-1.701,1.103,-0.499,-0.77444,0.04556,-0.19556
49997,-1.353,0.08,0.354,-1.34222,-0.05333,0.18889,-1.035,0.305,0.077,-1.25556,-0.17667,-0.15333
50097,-1.32,-0.047,0.117,0.64,-0.21444,2.63,-0.696,-0.865,0.363,1.37333,0.29556,-0.88667
50189,-1.196,-0.237,0.437,1.42,-1.01778,2.12667,-0.898,0.023,0.021,0.10667,0.04444,-1.04889
50284,-0.643,-0.004,0.078,1.70667,-0.43222,1.52,-0.884,0.027,-0.191,1.73778,0.04667,-1.36
50399,-0.42,-0.176,-0.027,0.67667,0.01444,0.03222,-1.008,-0.093,-0.305,1.01556,-0.28,-1.48444
50498,-0.776,0.454,0.323,-0.20111,0.88444,-2.16556,-1.015,0.082,-0.198,0.44,-0.00778,-0.88111
50595,-0.584,0.416,-0.107,-0.07667,-0.65222,0.64333,-1.136,-0.147,-0.104,0.31111,0.24111,0.05889
50696,-0.527,-0.036,-0.146,0.6,-1.01667,0.68778,-1.166,0.231,0.042,0.03889,-0.14,2.23667
50795,-0.933,-0.207,0.415,-0.93333,0.04889,-0.88667,-1.505,-0.278,-0.645,0.59778,0.98889,2.23
50889,-0.882,-0.012,0.065,-1.14,-0.12222,-1.46111,-0.946,-0.014,0.066,-2.18333,0.35778,1.32333
50998,-0.876,0.051,0.34,-1.2,0.21333,-1.06222,-0.393,-0.118,-0.015,-0.68,0.06,0.38889
51097,-0.865,-0.031,0.255,-0.03889,0.34,-1.10889,-0.631,0.177,0.042,0.68889,-0.25889,-1.39778
51197,-0.9,-0.27,0.475,-0.39778,0.05333,-0.40778,-1.25,0.951,-0.081,-0.71444,0.60667,0.86778
51296,-1.307,0.05,0.291,-1.17333,-0.20778,0.32111,-0.99,-0.066,-0.298,-2.02,-0.22556,-0.25889
51398,-1.502,-0.14,0.131,0.38,-0.41111,2.83556,-0.954,-0.09,-0.234,0.44667,0.26778,-0.71889
51497,-1.114,-0.239,0.317,1.70444,-0.84778,2.10222,-0.956,0.071,0.003,0.46222,0.16333,-1.32444
51596,-0.575,-0.021,0.182,1.37444,-0.46778,1.41,-0.944,-0.005,-0.155,1.38889,0.02111,-1.25111
51695,-0.453,-0.079,-0.066,0.52333,0.14,-0.18556,-0.951,-0.152,-0.256,1.04778,-0.27667,-1.31778
51795,-1.241,0.861,0.382,-0.47,0.59,-1.95889,-0.997,0.043,-0.086,0.41333,-0.03889,-0.95778
51888,-0.867,0.407,-0.254,-0.07556,-0.45222,0.34667,-1.305,-0.149,-0.295,0.42,0.0,-0.30889
51994,-0.454,-0.022,-0.154,-0.62,-0.83,0.02667,-1.257,0.086,0.02,0.07333,0.03,1.59556
52097,-0.937,-0.116,0.514,-0.34222,0.12111,-1.09889,-1.491,-0.407,-0.418,0.99444,0.89667,2.46889
52199,-0.983,-0.058,0.08,-0.81556,-0.12,-1.43,-0.951,-0.051,-0.054,-2.01333,0.44444,1.83889
52295,-0.859,-0.148,0.33,-1.56222,0.22,-1.11333,-0.466,-0.127,0.009,-0.71,0.19222,0.70444
52397,-0.932,-0.054,0.192,0.01222,0.42444,-1.14444,-0.48,0.094,-0.028,0.08333,-0.11,-1.00444
52494,-0.96,-0.192,0.454,-1.08111,-0.00444,-0.15778,-1.357,0.992,-0.057,-1.52222,0.43667,0.56778
52601,-1.305,0.113,0.408,-1.22778,-0.03778,0.22556,-0.888,-0.088,0.055,-1.63333,-0.29111,-0.47667
52691,-1.308,-0.096,-0.021,0.65,-0.24556,2.52778,-0.573,-0.48,-0.009,1.55444,0.35556,-0.77111
52796,-1.131,-0.197,0.28,1.24778,-0.87222,2.19667,-0.909,0.12,0.089,0.03556,0.12556,-0.94111
52884,-0.657,-0.03,0.141,1.50778,-0.37,1.44889,-0.897,0.005,-0.177,1.50667,0.02556,-0.97222
52996,-0.47,-0.092,0.004,0.40889,-0.01,0.00667,-0.94,-0.106,-0.326,0.39222,-0.16333,-1.30889
53093,-1.111,1.061,0.468,-0.51444,0.57222,-1.85111,-1.0,0.16,-0.082,0.35444,-0.19556,-1.20778
53193,-0.589,0.354,-0.303,0.80556,-0.68,0.90889,-1.347,-0.051,-0.231,0.21333,0.11333,-0.17222
53294,-0.822,-0.65,-0.447,0.39444,-0.32778,-0.20556,-1.316,0.013,0.059,0.09444,-0.19889,2.34111
53397,-0.918,-0.046,0.53,-0.28,0.20556,-1.08444,-1.397,-0.362,-0.494,-0.42556,0.85444,2.16667
53500,-0.988,0.003,0.086,-1.04111,0.03889,-1.36556,-0.858,-0.019,0.0,-1.93556,0.40556,1.67222
53597,-0.913,-0.083,0.323,-1.21444,0.26444,-1.06444,-0.441,-0.104,-0.037,-0.45333,0.26889,0.52889
53695,-0.958,-0.029,0.224,-0.02,0.27778,-1.08444,-0.584,0.257,-0.067,0.22778,-0.34111,-1.44556
53796,-0.947,-0.243,0.301,-0.84333,-0.12222,-0.18222,-1.122,0.918,0.034,-0.11,0.42778,0.94111
53895,-1.278,-0.005,0.375,-1.17,-0.10889,0.48,-0.871,0.015,-0.169,-2.00444,-0.08,-0.43111
53995,-1.324,-0.147,0.064,0.16556,-0.56778,2.68,-0.854,-0.101,-0.153,-0.15,0.33,-0.88
54094,-1.058,-0.201,0.288,1.64333,-1.00889,2.02444,-0.978,0.029,0.062,0.22,0.14778,-1.36667
54194,-0.657,-0.015,0.187,1.52,-0.53889,1.32,-0.959,-0.058,-0.146,1.70778,0.08,-1.12556
54297,-0.432,-0.093,-0.098,0.63,0.12333,-0.11889,-0.945,-0.12,-0.202,1.19778,-0.22778,-1.22778
54396,-1.169,0.734,0.287,-0.00111,0.75889,-2.74444,-1.045,0.14,-0.307,0.68,-0.12889,-0.73889
54496,-0.716,0.385,-0.424,0.16333,-0.03444,0.39444,-1.213,0.09,-0.131,-0.08889,0.10222,0.16889
54594,-0.647,-0.756,-0.393,-1.89222,-0.33778,-1.40778,-1.247,0.024,0.441,-0.18333,-0.32444,2.7
54695,-0.866,0.041,0.058,0.23444,-0.04222,-1.15444,-1.173,-0.181,-0.391,-0.96667,0.92667,2.07333
54793,-0.851,-0.041,0.253,-1.21333,0.18,-1.13667,-0.692,0.054,-0.029,-1.62,0.63333,1.27333
54895,-0.873,-0.076,0.158,-0.66222,0.31333,-1.26,-0.471,-0.119,0.08,-0.50889,0.05444,-0.05111
54994,-0.939,0.031,0.375,-0.85889,0.09667,-0.72,-0.881,0.493,-0.18,0.48778,-0.51889,-1.53556
55097,-1.068,-0.042,0.255,-0.55333,-0.18889,0.04111,-0.569,0.575,0.399,1.68889,0.35778,1.10889
55197,-1.389,0.355,0.17,0.48667,-0.06667,2.33667,-1.049,0.412,-0.616,-1.69333,0.80667,-0.20333
55297,-1.498,-0.253,0.369,0.30556,-1.05111,2.31889,-1.192,-0.157,-0.46,0.24556,0.19667,-1.11778
55394,-0.79,-0.073,0.032,1.99889,-0.49667,1.55333,-0.913,-0.083,-0.184,1.65,0.14,-1.55444
55497,-0.268,-0.129,0.053,0.58667,0.2,0.09778,-0.906,-0.077,-0.244,1.26,-0.12889,-1.44111
55594,-0.912,0.536,0.259,-0.93889,0.18222,-1.66333,-1.065,0.32,-0.193,0.27556,0.11,-0.73556
55695,-1.032,0.599,0.199,-0.56,-0.45889,-0.27222,-1.061,-0.103,-0.441,0.76111,-0.10667,-0.04333
55794,-1.102,-0.074,0.682,0.92556,-0.29556,-0.50333,-1.2,0.184,-0.059,0.15556,-0.05333,1.06333
55894,-1.346,0.04,0.648,-0.7,-0.02333,-1.34333,-1.452,-0.399,-0.368,0.33889,0.63778,2.36556
55993,-0.916,-0.084,0.118,-0.72111,0.0,-1.42667,-1.055,-0.126,0.01,-1.88,0.60222,1.57889
56096,-0.984,0.044,0.397,-0.92778,0.16778,-0.98778,-0.471,-0.004,-0.018,-1.14,0.35889,0.84
56193,-0.904,-0.125,0.256,-0.49778,0.15222,-0.70889,-0.604,0.149,0.067,0.28111,-0.01111,-0.65
56296,-0.884,-0.043,0.345,-0.63444,0.15333,-0.8,-1.569,1.119,-0.667,-0.10333,-0.23111,-0.76222
56393,-1.044,0.106,0.132,-1.14889,-0.06111,-0.06,-1.054,0.218,-0.029,-0.56,0.19667,0.35
56496,-1.333,-0.039,-0.013,0.07,-0.03222,2.51444,-0.761,-0.937,0.743,0.25889,0.46889,-0.50111
56598,-1.427,-0.239,0.499,0.37111,-1.08444,2.32667,-0.958,0.03,-0.194,-0.43667,-0.00444,-0.97667
56699,-0.705,-0.018,0.065,2.14,-0.59222,1.66556,-0.915,-0.037,-0.182,2.09333,0.21111,-1.58
56799,-0.396,-0.142,0.034,1.13778,0.08222,0.01778,-0.926,-0.138,-0.289,1.40556,-0.24889,-1.41556
56890,-0.833,0.556,0.282,-0.15667,0.41889,-1.60667,-0.97,0.156,-0.105,0.33556,0.09556,-0.92778
56995,-0.804,0.469,0.16,0.00778,-0.81778,0.67778,-1.081,-0.223,-0.251,0.64778,-0.02111,-0.10778
57094,-1.383,0.291,1.047,2.48667,-0.22889,0.42556,-1.404,0.006,-0.208,0.59556,0.00333,1.11889
57196,-1.105,-0.195,0.747,-1.32889,-0.22111,-1.44333,-1.455,-0.458,-0.4,1.03778,0.52,2.73556
57293,-0.963,-0.01,0.122,-0.78111,-0.10222,-1.49444,-1.057,-0.195,-0.05,-2.41222,0.63,1.73556
57396,-0.838,-0.124,0.216,-1.66667,0.15,-1.25889,-0.432,-0.077,0.029,-0.96,0.39556,0.88
57493,-0.905,-0.085,0.273,-0.25444,0.39111,-1.01,-0.482,-0.069,-0.032,0.09,-0.07556,-0.58444
57595,-0.895,-0.079,0.414,-0.83444,0.01889,-0.36444,-1.969,1.241,-0.686,-1.88889,0.1,0.05667
57696,-1.24,-0.04,0.371,-1.05444,-0.07889,-0.07,-1.154,0.129,0.062,-1.17,-0.08333,-0.23
57790,-1.258,0.055,0.081,-0.25,-0.04222,2.04,-0.659,-0.887,0.597,1.61889,0.17889,-1.07889
57897,-1.503,-0.243,0.436,0.23778,-1.04333,2.22222,-0.986,0.0,-0.177,-0.19111,-0.08111,-1.20333
57995,-0.73,-0.007,0.064,2.59,-0.58444,1.62333,-0.925,-0.019,-0.237,2.05333,0.17889,-1.53
58093,-0.453,-0.12,-0.035,0.87889,-0.11,0.54667,-0.975,-0.164,-0.216,0.92111,-0.35889,-1.23444
58195,-0.562,0.338,0.167,-0.57333,0.54,-1.14667,-0.98,0.105,-0.051,0.36556,0.08333,-0.84111
58294,-1.147,0.611,0.398,-0.89444,-0.86889,0.11333,-1.061,-0.178,-0.332,0.47556,-0.04333,-0.1
58395,-0.916,0.189,0.532,2.19,-0.31111,0.51667,-1.438,0.062,-0.176,0.19778,0.09222,1.62333
58497,-1.11,-0.309,0.782,-0.72444,-0.15,-1.61,-1.459,-0.511,-0.508,1.23111,0.62778,2.61889
58589,-0.891,-0.036,0.187,-1.45333,-0.14667,-1.41667,-1.037,-0.123,0.019,-2.38,0.49444,1.63
58693,-0.884,-0.052,0.275,-0.91222,0.21,-1.28778,-0.426,-0.068,0.079,-0.81222,0.25778,0.69
58801,-0.882,-0.042,0.271,0.0,0.36222,-0.96444,-0.466,0.007,0.013,0.65667,-0.14,-0.84
58895,-0.87,-0.088,0.48,-0.52444,0.03889,-0.53556,-2.002,1.224,-0.566,-1.36,0.05,-0.04333
59002,-1.262,0.137,0.354,-1.12444,-0.18111,0.20111,-0.914,0.153,-0.068,-1.43778,-0.19333,-0.26222
59101,-1.382,-0.091,0.029,0.56222,-0.26889,2.78444,-0.765,-0.487,-0.055,0.91222,0.31,-0.88333
59203,-1.105,-0.186,0.396,0.86222,-0.95667,2.20778,-0.9,0.074,0.194,-0.27,0.18667,-1.18
59302,-0.547,0.041,0.216,1.53556,-0.54111,1.46111,-0.913,0.029,-0.27,1.72333,0.05889,-1.09778
59397,-0.377,-0.113,-0.086,0.45333,-0.06889,-0.19556,-0.885,-0.191,-0.128,0.82444,-0.14556,-1.30556
59498,-1.101,0.704,0.463,-0.79444,1.09333,-2.17222,-1.017,0.117,-0.172,0.5,-0.03667,-1.01444
59597,-0.889,0.502,-0.177,-0.43222,-0.59333,0.56111,-1.271,-0.088,-0.153,0.66444,0.31778,-0.15667
59696,-0.36,-0.159,-0.069,1.95,-0.88333,0.31111,-1.297,0.071,-0.167,0.20222,-0.02556,1.62556
59802,-1.015,-0.105,0.455,-0.73778,-0.12,-1.22333,-1.508,-0.439,-0.537,1.21333,0.69,2.37333
59895,-0.928,-0.018,0.137,-0.81444,-0.18111,-1.57111,-1.043,-0.122,-0.041,-2.33889,0.46333,1.49111
60002,-0.89,-0.134,0.304,-1.44556,0.22444,-1.1,-0.463,-0.107,0.02,-0.83,0.16,0.58556
60098,-0.893,-0.103,0.172,0.01111,0.45889,-1.07556,-0.537,-0.083,0.15,0.38889,-0.16111,-0.81556
60202,-0.961,-0.105,0.45,-0.30667,0.02,-0.49,-1.196,1.041,-0.102,-1.88556,0.19778,0.34222
60296,-1.063,-0.127,0.272,-0.99,-0.23556,-0.08222,-0.814,0.234,-0.001,-1.38,0.02556,-0.02444
60396,-1.375,0.271,0.094,-0.41889,-0.11889,1.57,-1.216,-0.39,-0.079,1.86667,0.18222,-1.3
60494,-1.478,-0.219,0.401,0.21333,-0.63556,2.73444,-1.111,0.074,-0.1,-0.1,-0.21778,-1.09111
60593,-0.879,-0.015,0.11,2.26,-0.40222,1.8,-0.868,-0.026,-0.191,1.08,0.14778,-1.34
60693,-0.439,-0.028,-0.001,0.94333,-0.03556,0.81667,-0.97,-0.057,-0.265,1.54667,-0.11444,-1.27111
60793,-0.446,0.23,-0.028,-0.42556,0.36333,-1.12444,-1.005,0.039,-0.215,-0.03556,-0.14,-0.9
60889,-1.315,0.904,0.356,1.10889,-0.24,-0.28556,-1.095,-0.238,-0.478,0.78,-0.22667,-0.42667
60996,-1.305,0.388,0.651,0.96,-0.26444,0.11333,-1.443,0.13,-0.263,0.79444,0.07667,0.45
61092,-0.695,-0.317,0.546,0.47778,0.26111,0.3,-1.39,-0.153,-0.055,0.17333,-0.00444,3.15889
61195,-0.991,0.017,0.425,-0.93333,-0.03,-1.35,-1.03,-0.23,-0.117,-2.40444,0.85222,1.92778
61294,-0.897,-0.025,0.177,-1.2,0.05778,-1.24111,-0.535,-0.013,0.066,-1.23444,0.59444,1.29
61385,-0.882,-0.032,0.36,-1.03,0.28778,-0.97444,-0.449,-0.117,0.054,-0.02667,-0.13222,-0.29
61496,-0.945,0.101,0.342,-0.62333,0.21,-0.97,-2.212,1.569,-0.959,-0.46111,-0.46111,-1.8
61594,-1.193,0.13,0.257,-0.64333,-0.17444,-0.30778,-0.881,0.062,0.207,-0.72,-0.26444,0.13889
61687,-1.23,0.021,-0.083,0.30444,-0.1,2.49,-1.084,-0.875,0.044,1.55222,0.04333,-1.18778
61792,-1.319,-0.258,0.458,0.79556,-1.07444,2.38889,-0.984,0.076,-0.101,0.2,0.07111,-1.14889
61897,-0.609,-0.025,0.186,2.12778,-0.72333,1.84556,-0.886,0.006,-0.126,1.51333,0.06,-1.19556
61994,-0.363,-0.113,-0.087,0.90222,0.09889,0.35444,-0.943,-0.083,-0.318,1.43,-0.24667,-1.24222
62095,-0.964,0.516,0.17,-0.75444,0.75556,-2.15111,-1.011,0.115,-0.194,0.27444,-0.17,-1.07667
62195,-0.554,0.245,-0.054,0.35,-0.98,0.43444,-1.317,-0.06,-0.144,-0.08333,0.16556,-0.10222
62288,-0.604,0.0,-0.125,2.53444,-0.60222,0.92,-1.227,0.022,0.091,0.10556,-0.12,2.21222
62392,-0.912,-0.246,0.515,-0.65,0.07222,-0.76889,-1.429,-0.246,-0.384,0.6,0.92778,2.32111
62491,-0.949,-0.051,0.319,-1.45444,-0.16444,-1.14,-0.89,-0.024,-0.012,-2.24778,0.31111,1.7
62591,-0.862,0.004,0.249,-1.06333,0.25444,-1.15889,-0.459,-0.114,0.035,-0.43111,0.04111,0.35
62692,-0.871,0.025,0.267,-0.07778,0.35556,-0.96778,-0.651,0.241,-0.202,0.47,-0.29333,-1.35111
62794,-0.901,-0.287,0.278,-0.42333,0.05556,-0.36556,-0.828,0.768,0.206,-0.30889,0.69444,1.47
62892,-1.468,0.101,0.313,-1.07222,-0.08,0.81778,-1.274,0.448,-0.264,-2.19333,0.12778,0.27667
62991,-1.487,-0.271,0.262,0.12889,-0.75556,2.89556,-0.839,-0.236,-0.735,-0.33,0.13333,-0.74444
63091,-1.014,-0.24,0.281,3.08778,-0.84778,1.47889,-0.937,-0.009,-0.015,1.41333,0.31556,-1.77444
63189,-0.446,-0.023,0.018,1.41333,-0.46,0.94667,-0.925,-0.022,-0.285,2.22889,0.05778,-1.34111
63292,-0.517,-0.086,-0.156,-0.08889,0.11778,-0.48,-0.939,-0.094,-0.273,0.15667,-0.22,-0.93667
63391,-1.563,1.411,0.763,0.68,0.57556,-1.13,-1.046,-0.027,-0.255,0.88556,-0.05444,-0.55778
63494,-0.711,0.285,-0.104,1.16,-0.37111,0.18556,-1.295,0.117,-0.205,0.79,0.07889,0.09
63590,-1.091,-0.598,-0.272,-1.39222,0.05333,-0.83444,-1.202,0.193,0.122,-0.00778,-0.29333,2.51889
63691,-0.917,0.028,0.349,-0.79889,0.11111,-1.12222,-1.268,-0.162,-0.298,-1.58889,0.79889,2.09111
63790,-0.875,-0.06,0.054,-0.97444,0.04667,-1.48556,-0.961,-0.06,-0.084,-1.50667,0.62333,1.44444
63883,-0.843,-0.053,0.379,-1.28111,0.22667,-0.97,-0.447,-0.169,0.077,-0.68222,-0.19667,0.43667
63992,-0.867,-0.053,0.295,-0.16,0.20444,-1.22667,-1.143,0.793,-0.257,0.46222,-0.33,-1.34111
64081,-1.069,-0.247,0.144,-0.38778,-0.09556,-0.33556,-0.732,0.389,0.011,0.85111,0.41,0.69333
64192,-1.354,-0.048,0.278,0.01222,-0.09444,0.78333,-1.208,0.471,-0.062,-0.43778,0.62556,-0.33111
64292,-1.36,-0.289,0.503,0.07667,-0.54556,2.68333,-0.998,0.207,-0.433,-0.34,0.03111,-1.34
64394,-1.011,-0.119,0.059,2.13667,-0.35111,1.79667,-0.917,0.079,-0.072,0.76889,0.07111,-1.71
64493,-0.669,-0.13,0.079,0.43778,-0.20667,1.40556,-0.935,-0.021,-0.201,0.98333,-0.12778,-1.42444
64593,-0.452,-0.063,-0.026,-0.17778,0.21444,0.01222,-0.863,-0.299,-0.207,0.57889,-0.28,-1.37
64692,-1.356,1.088,0.485,0.63444,0.47889,-1.37222,-1.044,-0.077,-0.055,0.30667,-0.00667,-1.10556
64780,-1.043,0.385,-0.166,1.20889,-0.21,0.01667,-1.259,-0.212,-0.355,0.61667,-0.07,-0.22222
64882,-0.346,-0.404,-0.35,-1.54556,-0.65556,-0.28222,-1.217,0.097,0.1,0.16222,0.07222,1.68333
64993,-0.962,-0.025,0.33,-0.03,0.15333,-1.01222,-1.468,-0.399,-0.414,0.99667,0.95778,2.38333
65092,-0.96,-0.013,0.112,-1.06667,-0.16222,-1.39111,-1.046,-0.106,-0.084,-2.28667,0.57444,1.65111
65193,-0.885,-0.075,0.327,-1.45,0.21444,-1.1,-0.493,-0.125,0.059,-0.95556,0.09222,0.88444
65292,-0.869,-0.052,0.109,-0.11111,0.28333,-0.95,-0.536,0.146,0.047,0.64,0.01,-0.94667
65387,-0.958,-0.107,0.444,-0.77111,0.01444,-0.3,-1.388,1.001,-0.011,-2.03222,0.36,0.07333
65495,-1.37,0.143,0.479,-1.03667,-0.17111,0.99444,-0.818,-0.063,-0.462,-1.82333,-0.26778,-0.53556
65591,-1.545,-0.314,0.292,0.30111,-1.08111,2.90778,-0.853,0.038,-0.118,-0.17,0.39222,-1.02889
65690,-1.082,-0.199,0.209,2.55111,-0.79111,1.67444,-0.971,0.022,0.014,0.75556,0.24111,-1.44889
65791,-0.471,0.005,-0.022,0.88444,-0.38222,1.01444,-0.879,-0.022,-0.111,1.93556,0.0,-1.5
65890,-0.421,-0.099,-0.081,0.18889,0.31889,-0.65333,-1.011,-0.09,-0.231,0.51444,-0.38556,-1.37889
65984,-1.936,1.293,0.415,0.63333,0.34222,-0.79444,-0.971,0.107,-0.225,0.91222,-0.05,-0.39667
66082,-0.954,0.506,-0.133,-0.04667,-0.03222,-0.05,-1.168,0.112,-0.052,0.25111,0.10444,-0.07111
66192,-1.134,-0.234,-0.553,-1.82444,0.06889,-0.77889,-1.329,0.076,0.008,-0.21333,-0.18556,2.13778
66292,-0.926,-0.064,0.642,-0.23111,0.34,-0.90111,-1.396,-0.253,-0.446,0.38111,0.93667,2.31444
66393,-0.964,-0.016,0.067,-0.94333,0.02556,-1.42444,-0.991,-0.056,0.018,-2.01,0.46,1.58667
66492,-0.861,-0.051,0.305,-1.07444,0.28333,-1.25889,-0.401,-0.13,0.083,-0.44333,0.00222,0.24778
66589,-0.906,0.097,0.263,-0.23333,0.22,-1.00444,-0.498,0.077,-0.085,0.49333,-0.45889,-1.17
66685,-0.946,-0.245,0.385,-0.75222,-0.12111,-0.07333,-0.858,0.45,-0.029,0.08111,0.54778,0.84889
66780,-1.344,0.193,0.32,-0.39889,-0.04444,1.33222,-1.329,0.362,-0.313,-2.45556,0.07556,-0.24
66884,-1.478,-0.385,0.376,-0.52,-1.03556,2.78778,-1.011,-0.108,-0.654,0.16556,0.18444,-0.45
66995,-1.167,-0.134,0.111,2.86333,-0.67,1.43333,-1.0,-0.024,-0.062,0.81,0.27556,-1.6
67092,-0.354,-0.022,0.047,0.45667,-0.24,0.79444,-0.89,-0.061,-0.122,1.74,0.05,-1.57667
67186,-0.376,0.021,-0.053,0.22889,0.38111,-0.82,-0.918,0.018,-0.274,0.55889,-0.14556,-1.04889
67292,-1.769,1.393,0.574,0.94778,-0.33333,-0.38,-1.012,0.012,-0.438,1.14333,-0.25222,-0.76444
67392,-0.876,0.344,-0.377,0.59778,-0.01,-0.27778,-1.232,0.222,-0.214,0.57333,0.06667,-0.01889
67490,-1.297,-0.354,-0.08,-1.26111,0.30556,-0.25889,-1.357,0.0,0.147,-0.41889,-0.26444,2.66889
67595,-0.965,-0.001,0.329,0.26,0.01778,-1.38,-1.241,-0.283,-0.257,-1.81778,1.07778,2.07
67689,-0.85,-0.036,0.09,-1.37222,0.01778,-1.36333,-0.644,-0.045,0.042,-1.53333,0.65333,1.66333
67791,-0.892,0.029,0.248,-0.83889,0.29444,-1.01,-0.405,-0.208,0.062,-0.09111,-0.21556,-0.07222
67892,-0.946,0.104,0.347,-0.34111,0.13889,-0.77444,-1.281,0.821,-0.426,0.02,-0.57667,-2.32
67981,-1.013,-0.113,0.085,-0.69556,-0.25667,-0.22,-0.593,0.335,0.083,-0.33222,0.34,0.27444
68092,-1.415,0.242,0.225,-0.73111,-0.02,1.54556,-1.239,0.691,-0.276,-2.27,0.63,1.32667
68195,-1.465,-0.326,0.468,-0.14556,-1.00778,2.4,-1.193,-0.238,-0.445,-0.03333,0.0,-1.27889
68293,-1.043,-0.113,0.071,2.92556,-0.63222,1.45889,-0.992,-0.061,-0.142,1.59222,0.27444,-1.70556
68393,-0.427,-0.071,0.066,1.03778,-0.35222,0.79444,-0.913,-0.003,-0.211,1.79778,-0.01,-1.26222
68491,-0.467,0.174,-0.02,-0.01444,0.23778,-0.80333,-0.954,-0.07,-0.19,0.25778,-0.09333,-1.07889
68594,-2.004,1.347,0.479,0.27,-0.07889,-0.74,-1.035,-0.002,-0.439,1.19,-0.16778,-0.37556
68695,-1.125,0.297,0.447,-0.14778,-0.23778,-0.27333,-1.333,0.058,-0.195,0.63667,0.10556,0.46222
68793,-1.177,0.073,0.192,-0.06556,0.21,-0.62444,-1.364,-0.207,-0.06,-0.39,-0.18111,3.05444
68887,-0.992,-0.017,0.129,-0.62,-0.09667,-1.49667,-1.041,-0.249,-0.2,-1.88889,0.83111,2.13333
68987,-0.853,-0.135,0.279,-1.55,0.04,-1.14444,-0.509,0.005,0.014,-1.51,0.49444,1.42778
69092,-0.892,-0.033,0.274,-0.51222,0.24778,-0.82444,-0.479,-0.176,0.044,-0.30111,0.03444,-0.23889
69191,-0.878,0.01,0.421,-0.63111,0.17333,-0.78889,-1.699,0.978,-0.399,0.32222,-0.77889,-2.19
69302,-1.183,-0.148,0.179,-0.42111,-0.09222,-0.33444,-1.005,0.156,-0.08,0.11556,-0.01,0.27444
69392,-1.348,0.187,0.008,-0.2,-0.01222,1.98667,-0.562,-0.898,0.595,0.26556,0.41333,-0.12
69493,-1.46,-0.274,0.591,-0.30556,-1.03556,2.54111,-1.133,-0.067,-0.231,-0.12111,-0.19333,-1.28111
69591,-0.854,-0.084,0.02,3.08778,-0.49556,1.7,-0.952,0.031,-0.114,1.59333,0.14778,-1.33
69699,-0.458,-0.056,0.026,1.09889,-0.04667,0.49556,-0.839,-0.074,-0.283,1.59111,-0.08333,-1.17111
69797,-0.512,0.186,-0.041,-0.76778,0.21333,-0.94333,-1.02,-0.011,-0.135,-0.11444,-0.13,-0.96222
69900,-1.525,0.959,0.202,0.54222,-0.22,-0.36667,-1.031,-0.26,-0.515,0.76667,-0.23778,-0.29222
69990,-0.902,-0.124,0.623,1.22333,-0.18,-1.00778,-1.336,0.106,-0.185,0.33222,0.07,0.38889
70099,-0.784,0.177,-0.008,0.18,-0.07,-0.84667,-1.395,-0.241,-0.139,-0.45,-0.04111,3.09778
70197,-0.909,-0.038,0.243,-0.35556,-0.05889,-1.19444,-1.036,-0.245,-0.21,-1.85,0.79111,2.08222
70295,-0.873,-0.12,0.292,-1.43889,0.11,-1.21333,-0.57,0.026,0.027,-1.29556,0.6,1.21333
70396,-0.9,-0.019,0.25,-0.49,0.29778,-0.80667,-0.482,-0.148,0.07,-0.10889,-0.10778,-0.39667
70492,-0.962,-0.004,0.312,-0.42,0.17889,-0.73111,-1.831,1.191,-0.443,0.37889,-0.44667,-1.13
70595,-1.133,-0.088,0.124,-0.63,-0.15,-0.30556,-0.756,0.343,0.058,-0.19889,0.16,0.22222
70699,-1.428,0.023,0.286,-0.5,0.01,1.66111,-1.125,-0.323,0.157,-0.06778,0.40222,-0.36333
70789,-1.493,-0.266,0.358,0.01111,-0.93,2.49111,-1.096,-0.282,-0.478,-0.19333,-0.12889,-1.30889
70886,-1.0,-0.106,0.057,2.54333,-0.54,1.65667,-0.959,-0.03,-0.149,1.48778,0.19333,-1.42
70990,-0.472,-0.048,0.08,0.97667,-0.11556,1.01889,-0.89,-0.044,-0.195,1.75444,-0.05,-1.22
71092,-0.515,0.376,0.06,0.18111,0.05,-0.51,-1.055,0.013,-0.147,-0.27,-0.21222,-1.00889
71182,-1.347,0.866,0.339,0.39333,0.27778,-0.69889,-0.996,-0.225,-0.389,1.11667,-0.10778,-0.43667
71277,-1.092,0.457,-0.101,0.15111,0.04,-0.24111,-1.32,0.081,-0.21,0.75778,-0.02222,-0.20444
71391,-1.174,-0.106,-0.119,-0.6,-0.02333,-0.87,-1.181,-0.067,0.208,-0.20111,-0.03778,2.61444
71489,-0.881,-0.012,0.176,-0.08556,0.11556,-1.21222,-1.193,-0.252,-0.296,-1.02222,0.95333,2.24778
71587,-0.854,-0.058,0.162,-1.16222,0.01444,-1.20778,-0.727,-0.02,-0.05,-1.56889,0.48444,1.73556
71689,-0.872,-0.056,0.287,-0.92778,0.16667,-1.06778,-0.443,-0.169,0.021,-0.66222,0.08889,0.36556
71777,-0.951,0.09,0.303,-0.19667,0.18556,-0.96778,-1.162,0.711,-0.24,-0.23889,-0.42222,-1.74222
71883,-0.919,-0.209,0.179,-0.63778,-0.22111,-0.24667,-0.658,0.505,-0.053,1.00222,0.47556,0.82556
71992,-1.395,0.08,0.271,-0.91,-0.11667,0.92667,-1.238,0.531,-0.246,-1.60778,0.42778,0.02778
72089,-1.421,-0.238,0.29,0.35444,-0.71111,2.79222,-1.138,-0.221,-0.533,-0.51,0.11667,-1.48444
72191,-0.976,-0.147,0.155,2.38,-0.61111,1.84333,-0.981,0.002,-0.137,1.69444,0.22556,-1.48778
72289,-0.588,-0.047,0.081,1.48778,-0.35333,1.05667,-1.001,0.028,-0.277,1.62222,-0.06,-0.93333
72386,-0.438,0.062,-0.052,-0.03889,-0.05556,-0.53111,-0.956,-0.081,-0.217,0.04333,-0.15778,-1.00111
72492,-1.831,1.315,0.645,0.90556,0.35222,-1.02889,-1.007,-0.014,-0.192,0.76222,-0.28778,-0.91222
72589,-1.058,0.385,-0.22,-0.39444,-0.12,0.20333,-1.236,0.168,-0.072,0.79,0.04333,-0.12889
72687,-1.789,-0.041,-0.302,-0.99778,0.43444,-1.13778,-1.204,0.079,0.184,-0.21556,-0.25111,2.76
72784,-0.832,-0.046,0.305,-0.22667,0.17111,-1.33889,-1.235,-0.228,-0.275,-1.47667,0.92111,2.09444
72888,-0.856,-0.035,0.156,-1.29,0.11889,-1.24667,-0.824,-0.028,-0.019,-1.53222,0.58222,1.62333
72991,-0.817,-0.115,0.224,-0.84444,0.27444,-0.90889,-0.498,-0.15,0.051,-0.48111,0.01,0.17444
73088,-0.948,0.089,0.246,0.08556,0.08667,-1.05778,-0.778,0.361,-0.211,-0.03444,-0.47333,-1.90889
73179,-0.918,-0.286,0.294,-0.75778,-0.16556,-0.21111,-0.809,0.774,0.073,1.32222,0.48667,1.3
73289,-1.415,-0.024,0.397,-0.92,-0.05778,0.95778,-1.479,0.902,-0.318,-2.48556,0.19111,0.05667
73397,-1.405,-0.302,0.349,0.06111,-0.64889,2.88667,-0.999,-0.339,-0.826,0.04778,0.15778,-1.32333
73489,-1.061,-0.222,0.21,2.69778,-0.78,1.9,-0.99,0.024,-0.104,1.27111,0.2,-1.52
73577,-0.532,-0.044,0.073,1.27556,-0.36,1.15889,-0.953,0.007,-0.195,1.38,-0.03556,-1.11222
73686,-0.392,-0.046,-0.067,-0.09,0.17222,-0.27222,-0.979,-0.137,-0.237,0.48111,-0.23889,-1.29778
73790,-1.874,1.366,0.609,-0.26556,0.50556,-1.40889,-0.995,-0.02,-0.2,0.85778,-0.15111,-0.66556
73889,-0.746,0.574,-0.234,-0.27,-0.15778,0.24778,-1.257,0.011,-0.076,0.54778,0.04222,-0.37222
73992,-0.722,-0.376,-0.629,-1.71778,-0.20667,-0.64,-1.147,0.085,0.093,0.22444,-0.10333,2.13111
74087,-0.91,-0.114,0.456,0.10556,0.27111,-1.13556,-1.331,-0.295,-0.41,-0.19,1.13556,2.31444
74190,-0.938,-0.008,0.154,-1.38778,-0.01667,-1.3,-0.998,-0.06,-0.001,-1.89,0.51778,1.63778
74292,-0.929,-0.022,0.288,-1.07556,0.11111,-1.02667,-0.622,-0.125,0.011,-0.90222,0.13333,0.49333
74391,-0.841,-0.126,0.148,-0.15667,0.25667,-1.17556,-0.53,0.229,0.03,0.58222,-0.25889,-1.19
74488,-0.952,-0.136,0.463,-0.58333,0.02778,-0.50667,-1.453,0.931,-0.099,-0.81222,0.51222,0.97778
74590,-1.406,0.037,0.419,-1.10333,-0.15333,-0.00111,-1.096,-0.038,-0.25,-1.96222,-0.24667,-0.43667
74689,-1.312,-0.062,0.026,0.58333,-0.12,2.72889,-0.92,-0.132,-0.344,0.97111,0.41444,-0.7
74789,-1.207,-0.295,0.405,1.13778,-0.88556,2.25556,-0.944,0.091,0.111,0.42667,0.11,-1.35222
74889,-0.577,0.042,0.149,1.53,-0.39556,1.55,-0.888,-0.031,-0.236,1.71556,0.05667,-1.23
74990,-0.458,-0.118,-0.051,0.78889,0.25778,0.03,-0.94,-0.143,-0.342,1.17444,-0.23111,-1.37667
75091,-1.036,0.823,0.296,-0.09111,0.40667,-1.57222,-0.998,0.154,-0.209,0.31667,-0.05,-0.98333
75191,-0.825,0.614,0.12,-0.61111,-0.63889,0.15444,-1.083,-0.193,-0.137,0.64889,-0.01333,-0.19444
75284,-0.792,0.342,0.524,2.45333,-0.86556,0.39,-1.456,0.122,-0.234,0.14222,-0.04,1.16
75383,-1.069,-0.225,0.546,-1.03,-0.26,-1.62333,-1.432,-0.484,-0.521,0.94,0.46,2.83444
75489,-0.889,-0.043,0.078,-0.61111,-0.15444,-1.59778,-1.057,-0.2,-0.044,-2.44444,0.66889,1.88
75591,-0.894,-0.155,0.286,-1.53333,0.06889,-1.24889,-0.5,-0.072,-0.045,-1.18444,0.47889,1.09333
75690,-0.964,-0.046,0.263,-0.36222,0.28556,-1.13556,-0.468,-0.072,0.02,-0.03889,0.01,-0.52111
75790,-0.871,-0.158,0.428,-0.91333,0.03667,-0.43222,-2.113,1.249,-0.674,-0.43667,-0.24,-0.66222
75880,-1.108,-0.093,0.362,-1.09222,-0.06778,-0.21667,-1.104,0.278,0.054,-1.08556,-0.23,-0.12556
75991,-1.323,0.119,0.121,-0.23444,-0.21,1.76111,-1.059,-0.502,0.211,1.56889,0.45444,-1.01556
76087,-1.405,-0.294,0.43,1.08444,-0.92111,2.57556,-0.981,-0.008,-0.125,-0.25111,-0.12778,-1.29556
76189,-0.912,-0.044,0.095,1.95,-0.64667,2.17,-0.893,0.073,-0.251,1.27556,0.09778,-1.41
76288,-0.363,-0.056,0.006,0.81889,0.02778,0.53222,-0.934,0.028,-0.175,1.42444,-0.02556,-1.32556
76388,-0.505,0.187,0.21,0.22889,0.58444,-1.59111,-0.958,-0.066,-0.264,0.01667,-0.15333,-1.09778
76488,-1.024,0.408,0.617,0.41889,-0.65222,0.54222,-1.039,-0.23,-0.392,0.85444,-0.08556,-0.21444
76589,-1.295,0.199,0.303,-0.06333,0.20667,-0.37778,-1.274,-0.095,-0.274,1.14889,-0.10222,0.18333
76684,-0.784,0.006,-0.041,-0.98222,-0.07556,-1.04444,-1.263,-0.108,0.16,-0.71,0.0,2.86
76788,-0.909,-0.007,0.296,-0.46,-0.11778,-1.52333,-1.078,-0.316,-0.314,-1.98,0.75667,2.12
76883,-0.836,-0.059,0.083,-0.96111,0.17,-1.31556,-0.661,-0.027,-0.048,-1.13444,0.67556,1.56778
76989,-0.88,-0.023,0.319,-0.88667,0.19778,-1.02889,-0.481,-0.108,-0.008,-0.27889,-0.06222,0.06556
77089,-0.916,0.023,0.351,-0.51,0.06667,-0.86889,-1.138,0.825,-0.314,-0.28,-0.50333,-1.27667
77184,-0.937,-0.197,0.281,-1.02,-0.2,-0.34889,-0.654,0.341,-0.08,0.00111,0.30111,0.23
77281,-1.395,0.092,0.262,-0.49667,-0.26444,1.33889,-0.774,0.163,-0.009,-0.38333,0.56667,0.64222
77386,-1.464,-0.315,0.538,-0.00778,-0.91444,2.84889,-0.984,-0.114,-0.231,-0.71889,-0.12889,-1.34778
77489,-1.103,-0.125,0.117,2.62333,-0.51889,2.06667,-0.947,-0.041,-0.169,1.13444,0.25444,-1.39889
77586,-0.423,-0.053,0.082,0.87667,-0.08667,1.10667,-0.919,-0.005,-0.109,1.34,0.07667,-1.36667
77690,-0.387,0.165,0.04,-0.05444,0.21889,-0.97556,-0.917,-0.2,-0.274,0.85222,-0.28556,-1.22222
77787,-1.635,0.818,0.447,0.69333,0.00667,-0.42,-1.017,-0.137,-0.35,1.04889,-0.09667,-0.44
77890,-1.282,0.453,-0.097,-0.60222,0.22778,-0.11,-1.263,-0.015,-0.22,0.92111,-0.04111,-0.05556
77988,-1.233,-0.252,0.045,-1.43889,0.0,-0.85111,-1.158,0.007,0.235,-0.64,-0.24333,2.54
78090,-0.893,-0.026,0.26,-0.54667,0.19,-1.27889,-1.174,-0.288,-0.293,-1.66111,0.93444,2.0
78185,-0.842,-0.026,0.075,-0.99444,0.16,-1.15778,-0.785,-0.025,0.055,-1.41778,0.44,1.51889
78290,-0.901,0.0,0.376,-0.93667,0.22444,-0.85,-0.599,-0.178,-0.035,-0.55,-0.11556,0.48667
78380,-0.916,-0.016,0.174,0.13222,0.14111,-1.11,-0.768,0.427,-0.265,0.61,-0.42667,-1.26778
78490,-0.915,-0.225,0.191,-0.75667,-0.13333,-0.26667,-0.977,0.718,-0.036,1.12333,0.43222,1.21889
78589,-1.481,0.027,0.311,-0.64222,-0.13444,0.53222,-1.337,0.754,-0.166,-1.59444,0.42333,-0.50333
78688,-1.426,-0.224,0.205,0.23556,-0.29667,2.94111,-0.891,-0.208,-0.361,-0.26,0.24222,-1.15667
78790,-1.088,-0.263,0.253,2.42667,-0.80222,2.04444,-0.956,0.048,-0.2,1.13222,0.09556,-1.47
78888,-0.539,-0.031,0.11,1.23333,-0.50667,1.42,-0.948,0.018,-0.154,1.22556,-0.1,-1.21
78986,-0.411,-0.083,-0.023,0.02333,0.10111,-0.10778,-0.99,-0.099,-0.263,0.54,-0.24667,-1.09778
79088,-1.267,1.121,0.42,0.39889,0.75,-1.63556,-1.05,0.06,-0.184,0.71778,-0.10556,-0.61222
79191,-0.716,0.312,-0.181,0.08444,-0.47556,0.41889,-1.354,0.057,-0.262,0.47889,0.06333,0.08
79289,-0.674,-0.268,-0.549,-1.69222,-1.30111,0.51,-1.259,0.117,0.172,-0.27444,-0.34333,2.46667
79388,-0.875,0.086,0.542,-1.09889,0.15667,-0.85222,-1.323,-0.247,-0.451,-0.38889,0.96111,2.2
79488,-0.928,0.03,0.047,-0.86333,0.09222,-1.56778,-0.836,-0.033,-0.033,-1.83,0.70333,1.54444
79596,-0.926,0.076,0.322,-0.94667,0.17333,-0.98111,-0.42,-0.109,0.113,-0.35111,0.04,-0.21
79690,-0.939,-0.056,0.325,0.11,0.27,-1.03111,-0.8,0.307,-0.13,0.68111,-0.45556,-1.52
79796,-0.945,-0.248,0.201,-0.38222,-0.01111,-0.49556,-0.93,0.566,-0.009,0.13889,0.42444,0.98333
79888,-1.334,0.04,0.449,-1.31889,-0.17,0.21556,-1.003,0.307,-0.23,-2.52,-0.21444,-0.66
79996,-1.47,-0.183,0.308,0.62111,-0.38,2.92333,-0.963,-0.112,-0.55,0.64556,0.30222,-0.88222
80087,-1.102,-0.27,0.174,2.14,-0.87889,2.14,-0.958,0.059,-0.068,0.64444,0.19667,-1.46
80193,-0.543,-0.002,0.223,0.92444,-0.51333,1.56889,-0.957,-0.066,-0.185,1.44778,0.01556,-1.16
80294,-0.439,-0.055,-0.015,0.42778,0.19,-0.19,-0.98,-0.191,-0.223,0.77667,-0.16,-0.95667
80396,-1.403,1.033,0.321,-0.37778,0.63667,-1.98111,-0.995,0.004,-0.032,0.48778,-0.1,-0.95111
80492,-0.716,0.477,0.03,1.02667,-0.57667,0.66889,-1.109,-0.191,-0.168,0.37222,0.07222,-0.27
80596,-0.641,-0.051,-0.389,-0.70222,-0.82556,-0.27111,-1.397,0.028,-0.309,0.28556,0.05556,1.02333
80689,-0.899,-0.09,0.394,-0.46111,0.16111,-1.38667,-1.451,-0.469,-0.426,0.74111,0.63222,2.69
80793,-0.965,-0.03,0.083,-0.54333,-0.13556,-1.59333,-1.115,-0.189,-0.059,-2.14222,0.59667,1.99667
80890,-0.927,-0.106,0.247,-1.35889,0.13222,-1.11778,-0.482,-0.055,-0.049,-1.09889,0.24,1.13444
80995,-0.906,-0.11,0.298,-0.38667,0.27222,-0.89889,-0.454,0.024,0.043,-0.01556,-0.06444,-0.53111
81093,-0.897,-0.085,0.456,-0.75889,-0.01222,-0.56222,-1.728,1.02,-0.433,-1.19,-0.11,-0.59444
81185,-1.201,0.069,0.307,-0.95556,-0.08,-0.06,-1.048,0.387,0.105,-1.13222,-0.24333,0.12111
81286,-1.244,0.161,-0.099,0.40667,0.10111,2.51556,-1.46,-0.41,-0.307,1.75,0.29556,-1.24
81385,-1.267,-0.302,0.395,1.28444,-0.98,2.35333,-0.942,0.085,0.021,0.11667,-0.00111,-1.14778
81486,-0.763,0.005,0.093,1.68333,-0.49444,1.95,-0.851,0.016,-0.197,1.09778,-0.02222,-1.33444
81585,-0.444,-0.058,0.025,0.98667,-0.03667,0.37222,-0.867,-0.119,-0.187,1.17778,-0.09556,-1.44111
81685,-0.776,0.464,0.044,-0.44333,0.33,-1.36556,-0.979,-0.019,-0.003,0.36889,-0.07,-1.06667
81783,-1.282,0.832,0.405,0.04667,-0.54222,0.14111,-1.041,-0.393,-0.312,0.77333,-0.04222,-0.43
81885,-0.814,0.027,0.304,1.27,-0.40222,-0.18222,-1.294,0.041,-0.209,0.59444,0.0,0.14556
81986,-0.664,-0.177,0.212,-0.49889,-0.42889,-1.08,-1.186,-0.122,0.134,-0.6,-0.03556,2.96444
82082,-1.027,0.016,0.263,-0.29222,-0.00889,-1.43556,-1.199,-0.299,-0.179,-1.69556,0.97,2.23889
82187,-0.857,-0.08,0.198,-1.27333,0.04,-1.27556,-0.647,-0.025,-0.06,-1.35444,0.63111,1.63778
82288,-0.893,0.001,0.305,-1.10556,0.20667,-1.00778,-0.431,-0.174,0.026,-0.53333,-0.12111,0.05444
82390,-0.913,0.033,0.292,-0.34667,0.24333,-0.96,-1.501,1.066,-0.27,0.07,-0.32444,-1.27556
82486,-1.002,-0.25,0.091,-0.92778,-0.08,-0.43,-0.831,0.473,-0.003,0.36444,0.32333,0.45222
82587,-1.384,0.092,0.335,-0.83889,-0.07778,1.21778,-0.75,0.173,-0.209,-1.65222,0.38111,0.18778
82682,-1.419,-0.407,0.466,0.23444,-1.10889,2.66444,-0.907,-0.218,-0.216,-0.40667,-0.13333,-1.13111
82786,-1.183,-0.242,0.112,3.22444,-0.51,1.75111,-0.976,0.029,-0.202,1.39,0.14111,-1.48111
82885,-0.47,-0.034,0.09,0.90667,-0.22222,1.19556,-0.962,0.012,-0.191,1.24667,-0.04444,-1.29333
82989,-0.44,0.045,-0.064,-0.05,0.10111,-0.31333,-0.964,-0.2,-0.211,0.63333,-0.28889,-1.32
83089,-1.657,1.048,0.405,0.40778,0.55111,-1.22667,-1.021,-0.129,-0.314,1.06667,-0.11444,-0.60778
83189,-1.128,0.471,-0.135,0.66556,-0.00444,-0.15,-1.239,0.075,-0.152,0.34889,-0.01,-0.25889
83288,-1.291,-0.242,-0.058,-1.18,-0.01222,-0.86778,-1.121,0.005,0.201,-0.00889,0.06,2.25667
83382,-0.937,-0.082,0.385,-0.29,0.26444,-0.90889,-1.398,-0.27,-0.375,-0.17333,1.04444,2.45667
83478,-0.932,-0.074,0.156,-0.98111,-0.12,-1.34111,-0.937,-0.042,-0.077,-2.11222,0.44,1.82222
83582,-0.876,-0.089,0.303,-1.50333,0.14,-1.14111,-0.407,-0.158,0.008,-0.76222,0.10444,0.43889
83678,-0.887,-0.019,0.284,-0.31,0.31333,-1.05333,-0.646,0.254,-0.119,-0.02,-0.33889,-1.55444
83788,-0.991,-0.165,0.266,-0.65,-0.02222,-0.61778,-1.026,0.859,-0.001,0.38,0.57,1.13444
83883,-1.387,0.047,0.295,-0.97,-0.19,0.31,-1.007,-0.074,-0.13,-1.75889,0.08556,-0.34
83987,-1.379,-0.329,0.255,0.77667,-0.46111,2.95222,-0.831,-0.202,-0.292,-0.14,0.22333,-1.28667
84090,-1.154,-0.31,0.213,2.21,-0.84111,2.14333,-0.961,0.027,-0.017,0.74,0.20444,-1.53889
84186,-0.572,-0.044,0.166,1.31667,-0.48667,1.56778,-0.92,-0.006,-0.179,1.62,0.05222,-1.15333
84288,-0.471,-0.094,-0.111,0.48889,0.17111,-0.13,-0.97,-0.097,-0.25,0.98222,-0.2,-1.07778
84390,-1.192,1.011,0.463,-0.77333,0.58,-0.89556,-1.003,0.101,-0.159,0.8,-0.08222,-1.04667
84488,-1.049,0.315,0.235,0.16111,-0.46778,0.07667,-1.171,-0.128,-0.256,0.50111,-0.03111,-0.31889
84587,-0.963,0.571,0.002,0.07778,-0.76333,0.07778,-1.346,0.116,-0.052,0.18,-0.02667,1.00556
84689,-0.968,-0.279,0.365,-0.74778,-0.09111,-1.08556,-1.458,-0.453,-0.54,0.77778,0.64111,2.53222
84786,-0.888,-0.058,0.237,-1.08111,-0.06444,-1.39667,-1.117,-0.223,-0.109,-2.45,0.71556,1.69222
84888,-0.916,-0.032,0.206,-0.84444,0.05111,-1.06778,-0.61,-0.046,0.016,-1.39,0.34778,1.09889
84983,-0.891,-0.133,0.301,-0.89,0.18667,-0.83222,-0.476,-0.002,0.113,0.36,0.03111,-0.30333
85087,-0.849,-0.021,0.44,-0.73778,0.17,-0.73,-1.779,1.129,-0.814,-1.19,-0.31111,-0.8
85185,-1.25,-0.097,0.276,-0.96444,0.01333,-0.30333,-1.107,0.19,-0.02,-1.33778,0.06333,-0.02111
85286,-1.425,-0.071,0.368,-0.69889,0.03333,1.61,-1.362,-0.582,-0.16,0.96444,0.23444,-1.21222
85376,-1.459,-0.315,0.366,0.62778,-0.83556,2.38,-1.143,-0.039,-0.288,0.41889,-0.06444,-1.31667
85487,-0.914,-0.02,0.083,2.44889,-0.54222,1.92889,-0.946,0.009,-0.242,1.21778,0.04222,-1.35556
85587,-0.494,-0.095,0.081,1.15778,0.00222,1.07111,-0.927,-0.035,-0.171,1.59333,-0.03,-1.25
85688,-0.463,0.169,-0.104,-0.14889,0.13333,-0.34,-1.071,0.03,-0.25,-0.19111,-0.01667,-0.85
85788,-1.653,1.064,0.53,0.45333,0.1,-0.71444,-0.978,-0.17,-0.399,1.05667,-0.14111,-0.27667
85881,-0.624,0.145,-0.071,0.45778,-0.50667,0.25889,-1.322,-0.064,-0.116,0.39889,0.00111,-0.02
85986,-1.322,-0.589,0.401,-1.44222,-0.05111,-0.80444,-1.166,-0.027,-0.014,-0.04556,-0.49889,2.74222
86082,-0.914,0.006,0.206,-0.32222,0.13556,-1.15444,-1.231,-0.242,-0.262,-1.74,0.83,2.18444
86189,-0.885,-0.05,0.216,-1.28,0.06,-1.23667,-0.779,-0.038,-0.051,-1.54222,0.54556,1.63667
86288,-0.903,-0.019,0.266,-1.30333,0.18,-1.04556,-0.479,-0.177,-0.035,-0.67889,-0.08444,0.39778
86385,-0.892,-0.094,0.321,-0.09,0.30222,-0.98333,-0.937,0.6,-0.27,0.28556,-0.34333,-1.30111
86486,-0.933,-0.134,0.188,-0.64556,-0.04222,-0.44333,-0.754,0.439,0.261,0.6,0.62222,1.52111
86587,-1.31,0.084,0.28,-1.0,0.02,0.14,-0.898,0.216,0.034,-1.08222,-0.00111,-1.01
86679,-1.347,-0.225,0.225,0.92667,-0.13333,2.59444,-0.76,-0.069,-0.245,0.65333,0.49111,-1.07111
86783,-1.112,-0.297,0.224,1.76333,-0.91333,2.13889,-0.95,0.011,0.033,0.59556,0.1,-1.51889
86886,-0.67,-0.019,0.139,1.89778,-0.51333,1.61333,-0.925,0.032,-0.257,1.36556,0.02333,-1.31
86988,-0.489,-0.075,-0.053,0.63556,-0.02889,0.27667,-0.983,-0.087,-0.299,1.20111,-0.15,-1.29444
87085,-0.827,0.566,0.311,-0.25889,0.35778,-1.39,-0.968,0.067,-0.224,0.63111,-0.04667,-0.97222
87183,-0.78,0.587,0.158,-0.1,-0.53778,-0.00444,-1.111,-0.295,-0.199,0.78,0.03667,-0.27778
87281,-1.238,0.42,0.64,1.77556,-0.38889,-0.02556,-1.369,0.058,-0.288,0.40556,-0.08,0.74
87385,-0.747,-0.278,0.397,0.08667,-0.38556,-1.03222,-1.248,-0.419,-0.354,0.14667,0.35222,2.77333
87479,-0.943,-0.07,0.43,-1.43,-0.10778,-1.33778,-1.113,-0.228,-0.062,-2.46444,0.71667,1.81111
87584,-0.912,-0.05,0.142,-1.07444,0.04444,-1.17111,-0.638,-0.094,0.022,-1.26,0.20444,1.29667
87683,-0.922,-0.114,0.313,-0.58444,0.38,-0.99667,-0.486,-0.142,-0.018,0.27,-0.16444,0.02
87789,-1.02,-0.083,0.306,-0.36,0.23333,-0.89,-1.654,1.125,-0.599,-0.54333,-0.37556,-0.78
87888,-1.205,-0.248,0.332,-0.90778,-0.24,-0.17667,-1.082,0.271,0.038,-1.20889,0.03778,-0.05111
87986,-1.365,-0.015,0.263,-1.0,-0.01222,1.37333,-0.634,-0.042,0.372,0.53667,0.09667,0.38111
88084,-1.45,-0.346,0.488,0.47,-0.91333,2.46111,-1.085,-0.092,-0.236,-0.62778,-0.21889,-1.36333
88178,-0.964,-0.099,0.051,2.38333,-0.54667,1.84778,-0.984,0.024,-0.217,1.84889,0.09556,-1.55556
88284,-0.519,-0.074,0.093,1.11778,-0.20222,1.12,-0.916,-0.014,-0.205,1.28889,-0.05778,-1.13778
88384,-0.491,0.165,-0.006,0.11222,0.05556,-0.42,-0.985,-0.157,-0.235,-0.07111,-0.17111,-0.94889
88484,-1.651,0.944,0.469,0.66,0.30889,-0.95222,-1.023,-0.127,-0.292,0.80889,-0.15667,-0.47111
88584,-1.239,0.449,-0.127,0.25111,-0.33444,-0.39778,-1.298,0.008,-0.225,0.78222,-0.05111,-0.26778
88684,-0.906,-0.145,-0.348,-1.60889,-0.76,-0.92556,-1.165,0.064,0.106,-0.04778,-0.02444,1.60556
88783,-0.91,-0.083,0.412,-0.64222,0.14,-1.09,-1.417,-0.302,-0.337,0.00444,0.92111,2.39
88885,-0.936,-0.007,0.209,-0.97222,-0.14,-1.48,-1.048,-0.076,-0.052,-1.74,0.43889,1.86556
88982,-0.892,-0.068,0.278,-1.38778,0.17778,-1.08111,-0.497,-0.144,-0.034,-1.04889,0.16,0.83333
89076,-0.843,-0.123,0.182,-0.20889,0.42778,-1.10111,-0.481,0.135,0.108,0.26444,-0.12,-0.77778
89185,-0.968,-0.17,0.451,-0.79,0.05333,-0.7,-1.57,1.009,-0.21,-1.64778,0.21,0.15
89284,-1.212,-0.052,0.332,-1.04556,0.00889,-0.15889,-1.046,0.219,0.033,-1.44,-0.08444,0.14
89385,-1.219,-0.014,0.029,0.20222,-0.01,2.45778,-1.932,-0.03,-0.57,1.57,0.36444,-0.94333
89483,-1.244,-0.299,0.423,1.27556,-1.04667,2.16667,-0.912,0.07,-0.035,0.82778,0.17111,-1.46111
89581,-0.728,0.047,0.071,2.09444,-0.58111,1.87778,-0.879,0.003,-0.243,1.33,-0.02,-1.27222
89683,-0.518,-0.057,-0.038,1.05889,0.0,0.68333,-0.863,-0.074,-0.296,1.62333,-0.07444,-1.23889
89784,-0.432,0.309,0.282,-0.63444,0.21889,-0.59111,-0.944,0.003,-0.122,0.03111,-0.10889,-1.20111
89885,-1.205,0.907,0.435,0.04444,-0.25667,-0.18778,-1.094,-0.294,-0.297,0.96,-0.12778,-0.39556
89990,-1.23,0.549,0.705,1.05,-0.34778,0.22222,-1.424,0.011,-0.263,0.58667,-0.01444,0.31111
90091,-1.023,-0.327,0.544,-0.22111,0.02444,0.12667,-1.211,-0.256,-0.129,0.02222,-0.12889,3.12889
90186,-1.019,0.04,0.361,-0.91556,0.01667,-1.34,-1.14,-0.301,-0.15,-2.40667,0.86444,2.04667
90285,-0.89,-0.039,0.169,-1.25,-0.02889,-1.25222,-0.636,-0.061,0.0,-1.34,0.54889,1.43111
90392,-0.84,-0.061,0.339,-1.22,0.33,-1.07333,-0.468,-0.192,0.051,-0.21,-0.01444,-0.02444
90486,-0.997,0.079,0.396,-0.13333,0.14,-0.90222,-1.758,1.268,-0.582,-0.27889,-0.42111,-1.16556
90590,-1.064,-0.123,0.164,-0.70556,-0.16778,-0.25333,-0.898,0.295,-0.036,0.84111,0.41,0.62111
90690,-1.428,0.156,0.153,-0.54667,0.08444,1.63,-0.98,0.611,-0.168,-1.00333,0.45111,-0.03667
90788,-1.413,-0.358,0.497,0.08667,-0.84,2.49556,-0.99,-0.212,-0.07,-0.66444,0.05667,-1.24889
90891,-1.054,-0.141,0.088,2.73778,-0.51444,1.63111,-0.958,0.004,-0.217,1.40333,0.20556,-1.56333
90989,-0.462,-0.07,0.038,1.12333,-0.11556,0.59111,-0.88,-0.016,-0.175,1.59444,0.01556,-1.16111
91090,-0.583,0.232,-0.044,-0.32333,0.08667,-0.76556,-0.917,-0.214,-0.251,0.13667,-0.20556,-0.86889
91190,-1.49,0.971,0.45,1.06556,-0.06111,-0.13,-1.008,-0.207,-0.32,0.82889,-0.19222,-0.79889
91289,-1.163,0.378,0.015,0.42889,-0.11333,-0.32222,-1.324,-0.042,-0.394,1.02667,-0.04889,-0.34444
91383,-0.897,-0.465,-0.629,-0.95667,0.12,-0.65222,-1.105,-0.028,0.208,0.02889,0.16444,1.56667
91488,-0.864,-0.021,0.446,0.19889,0.19889,-1.07889,-1.473,-0.378,-0.426,0.77,1.01556,2.46556
91576,-0.952,-0.025,0.213,-1.19333,0.03222,-1.26889,-1.01,-0.092,-0.017,-2.23,0.61222,1.9
91681,-0.917,0.009,0.179,-1.39,0.03111,-0.95556,-0.506,-0.099,0.022,-1.18444,0.01556,0.81222
91782,-0.888,-0.109,0.267,-0.01222,0.37778,-1.09222,-0.505,0.15,0.039,0.46889,-0.20333,-0.93778
91883,-0.868,-0.196,0.521,-0.54,-0.07,-0.45778,-1.354,0.961,-0.385,-1.32111,0.18,0.51889
91985,-1.208,-0.079,0.286,-1.06,-0.06778,-0.14111,-0.836,0.226,0.032,-1.34778,-0.02222,-0.17889
92083,-1.238,0.054,0.014,0.05,0.06,2.18333,-1.318,-0.186,-0.425,1.38,0.53667,-1.03889
92183,-1.259,-0.24,0.493,0.04,-0.68,2.32667,-1.02,-0.027,-0.084,0.30111,0.03889,-1.35556
92278,-0.956,-0.022,0.091,2.48667,-0.44,1.58778,-0.929,-0.049,-0.296,1.47,0.06667,-1.36222
92381,-0.566,-0.044,-0.006,0.47,-0.30333,1.03889,-0.953,-0.16,-0.256,1.13,-0.34444,-1.50222
92477,-0.411,0.25,0.0,-0.22222,0.05889,-0.48,-0.924,-0.087,-0.117,0.15222,0.12111,-0.76444
92581,-1.529,0.976,0.4,0.89333,-0.20556,-0.49,-1.024,-0.266,-0.391,1.17,-0.03111,-0.35333
92688,-1.063,0.44,-0.046,-0.04,-0.16444,-0.21111,-1.264,0.03,-0.309,0.92667,-0.01222,0.09667
92783,-0.885,-0.573,-0.286,-0.15111,0.20778,-0.85667,-1.143,0.045,0.169,-0.19444,-0.03889,2.54444
92885,-0.837,0.05,0.252,-0.61444,0.07333,-1.02556,-1.196,-0.25,-0.27,-1.03222,1.07222,2.17333
92985,-0.879,-0.054,0.114,-0.92556,-0.06667,-1.15333,-0.933,-0.08,-0.057,-1.70667,0.67,1.65333
93085,-0.89,-0.108,0.295,-1.15,0.20556,-1.09,-0.461,-0.159,0.023,-0.69667,0.02333,0.48889
93183,-0.901,-0.039,0.107,0.03,0.35333,-1.11444,-1.199,0.885,-0.29,0.22222,-0.24778,-0.68778
93284,-0.892,-0.199,0.254,-1.02778,-0.10111,-0.41,-0.846,0.503,-0.184,0.1,0.39778,0.45222
93381,-1.365,0.031,0.246,-1.09444,-0.09,0.35556,-0.928,0.174,0.242,-0.86111,0.44,0.43
93484,-1.289,-0.221,0.254,0.63222,-0.35333,2.89889,-1.025,-0.316,-0.604,1.20222,0.19222,-1.27889
93580,-1.17,-0.238,0.179,2.04222,-0.65111,2.18,-0.913,0.074,0.027,0.8,0.13111,-1.56778
93683,-0.601,-0.044,0.203,1.08,-0.54,1.51778,-0.925,-0.009,-0.193,1.15,0.00556,-1.39
93783,-0.431,-0.1,-0.03,0.46667,0.06889,0.02778,-1.0,-0.183,-0.161,0.48111,-0.19667,-0.89889
93883,-1.099,0.88,0.276,-0.21111,0.57556,-1.51222,-0.949,-0.091,-0.112,0.49556,-0.06778,-0.94444
93984,-0.954,0.414,-0.115,0.09444,-0.43444,0.23556,-1.215,-0.213,-0.349,0.62889,-0.10889,-0.56
94081,-0.566,0.205,-0.173,0.20778,-0.86444,0.01778,-1.365,0.022,-0.166,0.71111,0.22889,1.10889
94176,-0.974,-0.243,0.376,-0.60889,-0.01333,-1.20333,-1.422,-0.564,-0.604,0.99667,0.79,2.58111
94282,-0.895,-0.027,0.206,-1.13222,-0.13444,-1.41222,-1.162,-0.199,0.041,-2.55111,0.54556,1.8
94384,-0.918,-0.079,0.193,-1.34889,0.04556,-1.01667,-0.592,-0.086,-0.077,-0.97778,0.33,1.16
94481,-0.838,-0.133,0.373,-0.68111,0.22778,-0.82667,-0.499,0.054,0.129,0.05222,-0.10667,-0.34222
94580,-0.933,-0.024,0.331,-0.53667,0.09667,-0.68,-1.588,0.947,-0.467,-0.95111,-0.10778,-0.67778
94683,-1.238,-0.203,0.306,-0.99778,0.01222,-0.37222,-1.143,0.259,0.063,-1.14,-0.31667,-0.19889
94784,-1.323,0.095,0.029,-0.29111,-0.14,1.8,0.052,-1.062,0.481,0.72556,0.66111,0.39889
94881,-1.461,-0.279,0.583,0.16333,-0.89778,2.41667,-1.116,-0.013,-0.139,-0.15222,-0.07111,-0.89889
94981,-0.995,-0.07,0.088,2.84,-0.46889,1.58222,-0.987,-0.018,-0.233,1.35,0.17,-1.47333
95080,-0.488,-0.084,0.031,0.75222,-0.22,0.81111,-0.911,0.0,-0.109,1.17222,-0.05111,-1.33111
95182,-0.552,0.235,-0.039,-0.36889,0.21778,-0.47444,-0.944,-0.08,-0.312,0.33778,-0.29,-1.0
95285,-1.373,0.997,0.343,1.03889,-0.06778,-0.43,-1.047,-0.145,-0.306,0.86333,-0.25,-0.74
95383,-0.98,0.335,-0.073,0.88444,-0.04444,0.00778,-1.231,-0.056,-0.347,1.04111,-0.14111,-0.30222
95480,-1.289,-0.187,-0.351,-1.01556,0.24444,-0.74333,-1.177,0.185,0.226,0.27778,-0.10444,2.20111
95582,-0.859,-0.028,0.367,0.17556,0.04444,-1.30778,-1.314,-0.279,-0.279,-0.67,0.99111,2.20667
95682,-0.887,-0.09,0.203,-1.42778,-0.05,-1.24,-0.958,-0.071,0.016,-2.05,0.48333,1.77778
95783,-0.883,-0.027,0.267,-1.09222,0.18,-1.03,-0.52,-0.22,0.024,-0.72444,0.10222,0.54556
95881,-0.932,0.003,0.378,-0.26,0.12,-0.95333,-0.596,0.214,-0.064,0.39889,-0.17,-1.14
95984,-0.932,-0.313,0.36,-0.44333,-0.01,-0.37444,-1.027,0.771,0.145,1.00889,0.67889,1.64
96082,-1.166,-0.023,0.23,-1.06778,0.01,-0.18889,-0.714,0.269,-0.222,-2.07778,-0.37667,-0.36444
96182,-1.146,-0.033,0.045,-0.11444,-0.10778,2.49556,-0.975,-0.219,-0.033,0.01556,0.64889,-0.58667
96279,-1.277,-0.263,0.416,1.12333,-1.02,2.24111,-0.969,-0.011,-0.134,0.46556,0.12667,-1.42667
96378,-0.73,-0.001,0.141,1.87,-0.55778,1.78556,-0.926,-0.014,-0.104,1.70444,0.09111,-1.16556
96479,-0.512,-0.097,0.042,1.51222,0.10556,0.41111,-0.933,-0.06,-0.312,1.38222,-0.05333,-1.01778
96581,-0.572,0.453,0.144,-0.59444,0.23,-0.95667,-0.963,0.032,-0.081,0.23,-0.14778,-1.10111
96680,-1.364,0.812,0.304,0.5,-0.50444,0.20333,-1.129,-0.243,-0.369,0.74667,-0.21778,-0.49444
96780,-1.336,0.443,0.627,1.74444,-0.34,-0.43667,-1.459,0.044,-0.23,0.39,0.0,0.90333
96881,-0.884,-0.193,0.635,-0.73778,-0.47,-0.96556,-1.317,-0.405,-0.245,0.90889,0.51444,2.88444
96981,-0.99,-0.005,0.216,-1.04111,-0.03444,-1.31556,-1.083,-0.234,-0.155,-1.98111,0.73333,1.91778
97079,-0.891,-0.069,0.279,-1.59111,0.09444,-1.04,-0.525,-0.046,0.024,-1.49333,0.35889,1.21444
97183,-0.926,0.02,0.3,-0.43444,0.26,-1.00222,-0.437,-0.107,0.042,-0.21222,-0.00667,-0.03556
97280,-0.938,-0.134,0.393,-0.88444,0.19667,-0.71667,-1.368,0.919,-0.618,-0.31,-0.49556,-0.82
97382,-1.028,-0.07,0.256,-0.78556,-0.1,-0.19444,-0.886,0.329,0.242,-0.00444,0.36444,-0.00333
97475,-1.388,0.202,0.169,-0.34778,0.09556,1.64778,-0.743,0.121,-0.103,-0.70111,0.65333,0.63222
97580,-1.494,-0.21,0.427,0.49444,-0.83556,2.28111,-1.194,-0.13,-0.309,0.16222,-0.05444,-1.21889
97682,-0.956,-0.1,0.1,2.11556,-0.6,1.76889,-0.97,0.029,-0.208,1.49333,0.03222,-1.44889
97783,-0.526,-0.08,0.09,1.35222,-0.32667,0.73889,-0.892,0.019,-0.293,1.34,-0.02222,-1.33889
97883,-0.473,0.158,-0.131,-0.31556,-0.00889,-0.59,-0.99,-0.049,-0.187,0.11111,-0.34,-1.23778
97976,-1.682,1.097,0.625,1.23111,0.03667,0.15,-1.079,-0.192,-0.469,0.90111,-0.29222,-0.40333
98081,-1.109,0.28,0.143,0.22111,0.05333,-0.25556,-1.252,0.034,-0.297,0.98667,-0.07222,-0.07556
98182,-0.986,-0.189,-0.603,-0.82778,0.32222,-0.76778,-1.201,0.143,0.379,-0.38778,-0.10556,2.60222
98282,-0.918,-0.059,0.288,0.39222,0.17667,-0.95556,-1.291,-0.225,-0.346,-0.95333,1.13111,2.16444
98382,-0.925,-0.069,0.168,-1.74667,-0.07889,-1.14889,-0.786,-0.032,-0.017,-1.9,0.62222,1.48222
98481,-0.894,-0.01,0.241,-0.86,0.15444,-1.12222,-0.499,-0.178,0.018,-1.01111,0.12778,0.09111
98581,-0.918,-0.013,0.232,-0.4,0.21,-0.99,-1.09,0.645,-0.204,0.24,-0.43,-1.64778
98680,-0.949,-0.145,0.296,-0.58444,-0.11,-0.33,-0.829,0.402,0.001,0.66667,0.59222,0.89778
98781,-1.289,0.115,0.321,-1.01667,-0.10444,0.31,-1.136,0.076,-0.165,-1.96111,0.17444,-1.01667
98882,-1.517,-0.25,0.309,0.87778,-0.69889,2.73222,-1.137,0.0,-0.489,0.97444,0.30333,-1.22333
98979,-1.074,-0.245,0.229,2.24778,-0.85,1.97111,-0.937,0.095,0.14,0.79889,0.24778,-1.54333
99080,-0.499,-0.01,0.103,1.21,-0.47444,1.33889,-0.937,-0.074,-0.245,1.74111,-0.00889,-1.11556
99181,-0.443,-0.113,-0.013,0.35444,0.14556,-0.18444,-0.959,-0.065,-0.198,0.57778,-0.14,-0.94556
99280,-1.58,1.248,0.466,-0.05111,0.82667,-1.90333,-1.041,-0.008,-0.196,1.01667,-0.19556,-0.75556
99380,-1.0,0.545,-0.185,0.17,-0.31667,-0.04556,-1.158,-0.039,-0.208,0.51889,0.00111,-0.28444
99479,-0.348,-0.356,-0.812,-1.58778,-1.18111,-0.49,-1.292,0.078,-0.02,0.19556,0.04667,1.55222
99579,-0.912,-0.082,0.509,-0.02778,0.02667,-1.24,-1.45,-0.306,-0.477,1.09111,0.78333,2.42222
99679,-0.983,-0.006,0.192,-1.21889,-0.14889,-1.32,-0.945,-0.058,-0.083,-2.30111,0.46889,1.69
99781,-0.932,-0.029,0.262,-1.35667,0.05,-1.02667,-0.537,-0.121,-0.006,-1.22889,0.21889,0.74111
99880,-0.908,-0.135,0.258,-0.20778,0.32778,-1.03556,-0.515,0.183,0.119,0.39556,0.13,-1.07
99983,-0.934,-0.199,0.518,-0.77,0.10556,-0.65444,-1.409,1.1,-0.093,-2.55889,0.35222,0.34222
100079,-1.196,-0.08,0.384,-1.63222,-0.00667,0.21444,-1.117,0.088,0.116,-1.63,-0.32111,-0.34667
100178,-1.212,0.013,0.003,-0.35444,-0.01778,2.60889,-0.924,-0.63,0.015,1.65111,0.64333,-1.14333
100285,-1.252,-0.275,0.481,1.46222,-1.11222,2.13,-0.888,0.001,-0.082,0.10111,0.07778,-1.13222
100384,-0.714,-0.03,0.06,2.47778,-0.46889,1.66,-0.888,0.038,-0.227,1.54556,0.13778,-1.14667
100483,-0.506,-0.125,-0.06,0.61556,0.01,0.31444,-0.895,-0.043,-0.283,1.03444,-0.11778,-1.21556
100586,-0.59,0.591,0.367,-0.85,0.41,-1.01333,-0.932,0.1,-0.061,0.24556,-0.12333,-1.22667
100686,-1.102,0.584,0.311,-1.07667,-0.82667,0.23111,-1.064,-0.244,-0.288,0.93111,0.04667,-0.25333
100785,-1.514,0.581,0.392,2.02222,-0.21556,-0.66889,-1.412,0.137,-0.288,0.62778,-0.11889,0.73
100884,-0.944,-0.259,0.567,-0.63889,-0.20111,-0.96778,-1.34,-0.389,-0.359,0.51667,0.34,2.85222
100982,-0.92,-0.002,0.228,-0.99889,-0.10333,-1.22667,-1.153,-0.216,-0.116,-2.12,0.74222,1.87
101085,-0.896,-0.053,0.239,-1.28222,0.11444,-1.12778,-0.511,-0.051,0.046,-1.38,0.47222,1.02889
101186,-0.843,-0.095,0.186,-0.66111,0.37667,-1.15,-0.426,-0.038,0.032,-0.01889,0.03111,-0.33444
101286,-0.985,-0.024,0.46,-0.54222,0.19,-0.75778,-1.531,0.974,-0.515,-0.62889,-0.24556,-0.42333
101382,-1.032,-0.123,0.075,-0.92333,-0.15111,-0.28333,-0.713,0.388,0.124,-0.82111,0.20444,0.19889
101516,-1.406,0.041,0.341,-0.54444,-0.09111,1.92667,-0.994,-0.128,-0.229,-0.79,0.36,0.06556
101584,-1.558,-0.277,0.306,0.52667,-1.13111,2.39,-1.104,-0.19,-0.375,-0.71111,0.00778,-1.18444
101686,-0.985,-0.115,0.138,2.32556,-0.61667,2.01222,-0.961,-0.008,-0.233,1.57,0.22444,-1.31
101778,-0.354,-0.094,0.046,1.05,-0.15333,0.62778,-0.91,0.021,-0.157,1.15111,-0.02333,-1.06889
101879,-0.439,0.229,0.063,-0.02778,0.27222,-1.08333,-0.875,-0.088,-0.097,0.32667,-0.04444,-1.17667
101975,-1.128,0.722,0.483,0.19667,-0.23111,-0.02333,-1.087,-0.091,-0.577,1.03111,-0.23444,-0.54
102079,-0.848,0.353,0.443,0.50111,-0.27,-0.37778,-1.31,0.02,-0.128,0.71556,-0.01111,-0.15889
102180,-0.989,-0.198,0.177,-0.80667,0.08444,-0.42222,-1.168,0.095,0.237,-0.67444,0.00111,2.39778
102280,-1.027,0.013,0.344,0.09778,0.11,-1.20667,-1.309,-0.301,-0.369,-0.58889,1.13667,2.25222
102380,-0.866,-0.078,0.196,-1.16889,-0.04,-1.25556,-0.791,0.02,-0.065,-1.80444,0.67222,1.58111
102479,-0.871,-0.04,0.312,-1.23,0.19778,-1.05444,-0.468,-0.133,0.044,-0.91556,-0.11,0.35111
102580,-1.004,0.124,0.36,-0.00778,0.34222,-1.16,-0.788,0.476,-0.104,0.35111,-0.4,-1.50222
102678,-0.931,-0.226,0.358,-0.75,-0.09333,-0.29,-0.877,0.697,-0.017,0.60556,0.52889,1.02556
102783,-1.467,0.009,0.198,-1.12778,-0.05667,0.65556,-1.25,0.51,-0.168,-2.01111,0.23222,-0.02667
102880,-1.359,-0.301,0.346,0.20556,-0.61,2.78222,-0.896,-0.247,-0.595,-0.24,0.21667,-1.42222
102979,-1.062,-0.248,0.157,2.47778,-0.84444,1.92556,-0.979,0.009,-0.082,1.48,0.21,-1.61
103078,-0.592,-0.025,0.12,1.44,-0.43444,1.27444,-0.96,-0.005,-0.213,1.78778,-0.00222,-1.21222
103179,-0.451,-0.03,-0.054,0.28222,0.06667,-0.12556,-1.026,0.018,-0.355,0.06444,-0.12,-0.85778
103279,-1.322,1.075,0.448,-0.23222,0.56667,-1.26222,-1.0,-0.037,-0.162,0.64222,-0.15889,-0.79
103379,-0.77,0.446,-0.128,0.57667,-0.55444,0.26556,-1.283,-0.098,-0.218,0.66778,-0.04889,-0.36778
103477,-0.394,-0.022,-0.084,-0.37,-1.14556,0.26111,-1.296,0.115,-0.104,0.31,-0.05556,1.95889
103578,-0.995,-0.101,0.576,-0.74556,0.01556,-1.19111,-1.416,-0.342,-0.518,0.40556,1.10111,2.43
103676,-0.962,0.0,0.108,-1.11556,-0.20333,-1.54667,-1.114,-0.111,-0.029,-2.53111,0.50111,1.74111
103778,-0.884,-0.086,0.264,-1.59667,0.14,-1.07444,-0.466,-0.133,0.034,-0.94333,0.12778,0.61333
103874,-0.854,-0.088,0.297,-0.20667,0.41667,-1.03,-0.426,-0.007,0.145,0.25,-0.16,-0.64444
103980,-0.89,-0.242,0.438,-0.56222,0.11556,-0.56778,-1.596,1.147,-0.078,-1.72889,0.41778,-0.22333
104070,-1.24,0.027,0.4,-1.07,-0.02778,-0.01889,-0.944,0.108,-0.076,-1.96444,-0.33778,-0.58667
104180,-1.237,-0.021,-0.061,0.24222,0.04444,2.67222,-0.854,-0.414,0.055,0.79778,0.32,-0.58556
104278,-1.204,-0.329,0.52,1.76,-0.96333,2.05333,-0.86,0.018,-0.077,0.23222,0.13444,-1.09
104380,-0.744,0.011,0.035,1.89889,-0.44,1.62667,-0.893,0.029,-0.256,1.65556,0.02778,-1.3
104484,-0.491,-0.1,-0.004,0.68222,-0.07667,0.60556,-0.894,-0.064,-0.25,1.21,-0.11667,-1.36778
104579,-0.557,0.49,0.374,-0.18778,0.45556,-1.10333,-0.96,0.109,-0.197,0.13778,-0.07556,-1.00333
104678,-1.045,0.711,0.359,-0.71222,-0.58,0.01667,-1.039,-0.262,-0.274,0.91889,0.0,-0.32
104775,-1.179,0.52,0.234,1.4,-0.42667,-0.62778,-1.31,0.039,-0.254,0.59222,0.00556,0.35
104878,-0.704,-0.077,0.304,-0.08,-0.41,-1.29333,-1.287,-0.215,-0.048,-0.63111,0.13444,3.01222
104977,-0.926,-0.038,0.094,-0.76222,-0.08,-1.44778,-1.069,-0.25,-0.135,-1.88444,0.74556,2.14333
105078,-0.9,-0.069,0.257,-1.35222,-0.05667,-0.94667,-0.577,-0.061,0.0,-1.49444,0.38,1.36
105178,-0.88,-0.104,0.369,-0.73667,0.19889,-0.86,-0.494,-0.042,0.061,-0.18,0.02222,-0.23111
105275,-0.918,-0.066,0.344,-0.19333,0.23,-0.92667,-1.507,1.094,-0.355,0.25778,0.12222,-0.51222
105379,-0.941,-0.248,0.069,-1.05556,-0.20667,-0.19111,-0.698,0.378,-0.219,-0.05667,0.24667,0.39
105478,-1.395,0.081,0.484,-0.87556,-0.05556,0.88778,-1.156,0.199,0.371,-0.31889,0.40333,0.03556
105563,-1.397,-0.367,0.457,0.62667,-0.77889,2.61778,-1.022,-0.198,-0.388,-0.13778,-0.11,-1.21111
105677,-1.178,-0.213,0.084,2.65778,-0.58667,1.91556,-0.978,0.006,-0.185,1.47,0.14111,-1.63556
105769,-0.443,-0.048,0.055,1.00778,-0.35111,1.28,-0.916,-0.026,-0.187,1.43222,-0.03111,-1.31444
105879,-0.445,0.054,-0.113,0.23333,0.23333,-0.16889,-0.967,-0.102,-0.198,0.26111,-0.19667,-0.78556
105978,-1.763,1.119,0.501,0.19667,0.38333,-1.14444,-0.968,-0.092,-0.207,0.73333,-0.24111,-0.64
106078,-1.208,0.499,-0.008,0.32778,-0.21333,-0.02222,-1.23,-0.115,-0.212,0.64,-0.14667,-0.47333
106175,-0.665,-0.505,-0.826,-2.15556,-0.39556,-0.89444,-1.283,-0.003,-0.049,0.14667,0.01556,1.17
106274,-0.925,-0.102,0.396,0.11667,0.18889,-1.20667,-1.402,-0.339,-0.462,0.62111,0.87889,2.35333
106376,-0.968,-0.003,0.202,-1.41667,-0.10333,-1.40778,-1.101,-0.142,0.0,-2.68222,0.60889,1.71222
106480,-0.873,-0.035,0.23,-1.33222,0.15778,-1.11,-0.577,-0.14,0.024,-0.97222,-0.07111,0.89
106574,-0.887,-0.109,0.24,-0.05667,0.35778,-0.96111,-0.511,0.084,0.169,0.51333,-0.19333,-0.19667
106680,-0.915,-0.171,0.356,-0.75,0.02444,-0.49889,-1.356,0.871,-0.303,-0.90333,0.10778,-0.44556
106777,-1.133,-0.017,0.348,-0.75333,0.0,-0.35444,-0.85,0.334,0.165,-2.01333,0.02556,0.17111
106875,-1.301,0.293,-0.013,0.17556,0.03556,1.35667,-1.089,-0.35,-0.332,3.39222,0.58778,-2.55111
106976,-1.466,-0.325,0.456,1.04889,-0.84889,2.25,-1.029,0.081,-0.184,0.55667,0.06,-1.36444
107076,-1.004,-0.01,0.067,1.95222,-0.52,1.84111,-0.856,-0.099,-0.138,0.89667,0.11,-1.58
107175,-0.437,-0.139,0.106,1.11,0.02778,1.03889,-0.852,-0.13,-0.215,1.72333,-0.01333,-1.52111
107277,-0.455,0.244,-0.034,0.15444,0.18,-0.39778,-0.948,-0.078,-0.222,0.19333,-0.16444,-1.08556
107376,-1.439,1.045,0.463,0.17333,-0.22111,-0.44556,-1.131,-0.118,-0.346,1.01222,-0.25222,-0.51889
107477,-1.043,0.485,0.621,0.96,-0.26333,-0.12667,-1.345,0.051,-0.185,0.33778,0.18222,0.35222
107574,-1.16,-0.151,0.279,-0.89,-0.16444,-0.65222,-1.258,-0.27,-0.144,-0.09778,0.05222,3.22
107672,-1.017,0.145,0.354,-0.46778,-0.02778,-1.17889,-1.191,-0.31,-0.189,-2.39778,0.85111,2.16444
107774,-0.843,-0.055,0.112,-1.02444,-0.07333,-1.18889,-0.649,-0.073,0.028,-1.33222,0.48333,1.50333
107876,-0.889,0.006,0.334,-1.11778,0.10556,-1.08444,-0.401,-0.264,0.064,-0.60778,-0.1,-0.11778
107975,-0.964,0.059,0.347,-0.79667,0.27222,-0.67778,-1.228,0.782,-0.322,0.18111,-0.25889,-0.80889
108074,-1.055,-0.184,0.339,-0.48333,-0.00556,-0.42,-0.946,0.525,-0.18,-0.65556,0.33667,0.65333
108174,-1.38,0.262,0.157,-0.47,0.10333,0.94667,-1.15,0.469,0.106,-0.28889,0.44667,-0.10111
108276,-1.429,-0.398,0.605,-0.6,-0.87222,2.67,-0.971,-0.234,-0.25,-0.63778,-0.05222,-0.77444
108376,-1.117,-0.196,0.175,3.06222,-0.7,1.54,-0.955,-0.084,-0.115,1.42111,0.25778,-1.63556
108476,-0.393,0.002,-0.019,1.25556,-0.30778,0.88222,-0.952,-0.011,-0.216,1.63889,0.01,-1.28222
108576,-0.505,-0.017,-0.046,-0.14111,0.00556,-0.51778,-1.003,-0.139,-0.231,0.73111,-0.24111,-0.94667
108671,-1.682,1.088,0.626,1.01333,0.64333,-1.28,-1.041,-0.017,-0.097,0.56111,-0.12111,-0.74444
108778,-1.04,0.301,-0.036,0.69556,-0.17556,0.11556,-1.185,-0.008,-0.247,0.81667,-0.01444,-0.28667
108877,-0.823,-0.653,-0.744,-1.50333,-0.19111,-0.85,-1.161,0.092,0.243,0.14333,0.00556,2.09
108977,-0.897,-0.046,0.549,-0.03,0.24889,-0.99333,-1.383,-0.238,-0.404,0.21889,1.04889,2.46222
109083,-0.97,-0.043,0.052,-0.96889,-0.11333,-1.37444,-0.975,-0.062,-0.048,-2.07333,0.61333,1.88556
109173,-0.9,-0.109,0.292,-1.31222,0.07222,-1.09444,-0.42,-0.131,-0.033,-1.05556,0.13111,0.48556
109276,-0.895,-0.091,0.264,-0.31778,0.37,-1.09,-0.486,0.158,-0.094,0.11111,-0.23444,-1.25
109375,-0.935,-0.145,0.443,-0.75222,-0.09222,-0.35778,-1.26,0.86,-0.125,-0.19889,0.48889,1.49778
109475,-1.252,-0.02,0.36,-1.16556,-0.13,0.11333,-1.09,0.312,-0.35,-2.27667,0.04333,-0.41
109575,-1.312,-0.073,0.093,0.23111,-0.09,2.64667,-1.335,-0.053,-0.557,0.92333,0.37,-0.91556
109677,-1.158,-0.328,0.427,1.48556,-0.99778,2.19111,-0.962,0.066,-0.061,0.71444,0.19,-1.45556
109774,-0.667,0.048,0.131,1.70556,-0.50444,1.53556,-0.89,-0.009,-0.282,1.59,0.0,-1.19
109876,-0.506,-0.125,-0.067,0.61,-0.00778,0.30444,-0.976,-0.081,-0.212,0.76111,-0.13444,-1.14667
109973,-0.71,0.649,0.406,-0.50556,0.53667,-1.24111,-0.835,-0.034,-0.052,0.72556,0.02556,-1.06444
110076,-0.97,0.598,0.148,0.30889,-0.82889,0.55,-1.059,-0.209,-0.273,0.69444,-0.05556,-0.35556
110174,-0.412,0.018,0.196,2.38889,-1.07889,1.20556,-1.396,0.143,-0.325,0.29111,-0.01111,0.95222
110274,-1.031,-0.155,0.467,-0.57889,-0.29889,-1.36333,-1.407,-0.531,-0.508,1.07778,0.53556,2.59333
110377,-0.918,-0.025,0.346,-1.21889,-0.13333,-1.45556,-1.114,-0.196,0.012,-2.40556,0.63667,1.88778
110482,-0.89,-0.048,0.167,-1.34222,0.17444,-1.25889,-0.527,-0.079,0.02,-0.99889,0.60778,1.16222
110581,-0.89,-0.1,0.308,-0.69,0.41,-1.07111,-0.463,-0.079,0.018,-0.17889,-0.07111,-0.04444
110681,-1.044,-0.025,0.463,-0.55333,0.10778,-0.88222,-1.551,0.987,-0.403,0.10333,-0.19889,-0.60222
110778,-1.258,-0.165,0.353,-1.10778,-0.02667,-0.25111,-0.884,0.354,0.047,-0.5,0.10667,0.32222
110882,-1.31,0.041,0.234,-0.85222,-0.09889,1.88111,-0.869,-0.102,0.2,-0.79444,0.33111,-0.25111
110981,-1.442,-0.236,0.389,0.31,-1.14556,2.44222,-1.068,-0.138,-0.271,-0.50778,-0.16667,-1.24667
111079,-1.075,-0.118,0.09,2.66,-0.57,1.77,-0.973,0.001,-0.229,1.34667,0.20111,-1.27667
111174,-0.434,-0.067,0.06,1.30222,-0.22,0.73889,-0.924,0.013,-0.242,1.47556,0.02889,-1.03333
111282,-0.562,0.176,-0.105,-0.38667,0.12111,-0.69778,-0.932,-0.142,-0.211,0.15889,-0.16,-0.87333
111376,-1.215,0.873,0.4,0.38,-0.16333,-0.06444,-1.075,-0.083,-0.388,0.97222,-0.16444,-0.62111
111480,-1.046,0.384,0.078,0.82444,-0.02444,-0.06444,-1.243,0.02,-0.242,0.87,-0.05556,-0.13778
111580,-1.435,0.006,-0.172,-0.64111,0.26556,-0.34,-1.223,0.131,0.323,-0.28,-0.10889,2.28889
111674,-0.913,-0.066,0.535,0.09333,0.11222,-1.22,-1.358,-0.267,-0.434,-0.34,1.04,2.18
111776,-0.917,-0.053,0.17,-1.46444,-0.03,-1.30111,-0.811,0.005,-0.033,-1.66,0.53333,1.60778
111880,-0.916,0.011,0.285,-1.10667,0.20444,-1.09444,-0.521,-0.15,-0.029,-1.02,0.07556,0.42333
111976,-0.936,-0.033,0.291,-0.10222,0.30444,-0.97444,-0.657,0.306,-0.082,0.52333,-0.31111,-1.52
112073,-0.956,-0.143,0.386,-0.41778,-0.06444,-0.39889,-1.126,0.866,0.034,-0.16,0.55,1.01222
112172,-1.489,-0.017,0.443,-0.9,-0.05667,0.48778,-1.202,0.052,-0.198,-1.72556,0.09778,-0.45222
112269,-1.467,-0.122,0.156,1.03333,-0.49444,2.75667,-0.835,-0.194,-0.7,0.56,0.49778,-1.10556
112375,-1.066,-0.192,0.122,2.12333,-0.77333,2.12222,-0.957,0.083,-0.099,1.51444,0.18333,-1.62222
112472,-0.622,-0.041,0.159,1.09111,-0.33778,1.47222,-0.946,-0.054,-0.142,1.34222,0.07,-1.11667
112577,-0.469,-0.074,-0.03,0.31778,0.34222,-0.09333,-1.017,-0.129,-0.351,0.60556,-0.28222,-0.91778
112672,-1.12,0.87,0.263,-0.62111,0.56,-1.59333,-1.031,-0.037,-0.092,0.47667,-0.15444,-0.67222
112768,-0.862,0.446,-0.14,1.17444,-0.33,0.23444,-1.156,-0.155,-0.251,0.38444,-0.05667,-0.31111
112873,-0.855,0.461,0.013,-0.63,-0.92333,0.81,-1.25,0.027,-0.083,0.23,-0.05222,1.31
112975,-1.02,-0.12,0.426,0.22889,0.00333,-1.23444,-1.525,-0.488,-0.421,0.86556,0.77778,2.52222
113072,-0.977,-0.01,0.135,-1.13,-0.03444,-1.51667,-1.104,-0.109,-0.032,-1.96,0.54,1.93444
113177,-0.869,-0.058,0.193,-1.36222,0.16222,-1.16444,-0.405,-0.102,-0.018,-0.86889,0.24333,0.88333
113269,-0.958,0.072,0.316,-0.35667,0.22889,-0.82667,-0.398,0.052,0.02,0.02,-0.13222,-0.73
113374,-0.852,-0.226,0.495,-0.60333,0.10444,-0.56778,-1.762,1.118,-0.615,-1.41333,0.25778,0.12222
113474,-1.23,0.032,0.12,-0.86,0.02,-0.35778,-0.809,0.285,0.053,-1.56444,-0.21333,-0.33889
113567,-1.209,0.085,0.188,0.15444,-0.08222,2.21778,-1.449,-0.223,-0.281,1.56,0.47333,-1.36
113675,-1.254,-0.228,0.312,0.94889,-0.97667,2.28,-0.934,0.017,-0.08,0.06222,0.07333,-1.39667
113772,-0.799,-0.035,0.133,1.83333,-0.56111,1.86889,-0.871,-0.006,-0.178,1.44556,0.13444,-1.24556
113875,-0.467,-0.085,0.026,1.08333,0.10444,0.77,-0.955,-0.122,-0.258,1.09889,-0.18667,-1.36778
113972,-0.405,0.351,0.071,-0.19889,0.53,-1.34667,-0.988,0.147,-0.186,0.37222,0.07667,-1.08222
114074,-1.075,0.469,0.515,-1.12,-0.95,0.21889,-1.052,-0.362,-0.456,0.64111,-0.08,-0.40333
114173,-0.512,0.219,-0.012,1.05222,-0.76667,0.89111,-1.471,0.113,-0.208,0.71889,0.07444,0.87556
114276,-0.823,-0.19,0.228,-0.43667,-0.30444,-1.46,-1.329,-0.444,-0.416,0.61333,0.46,2.84444
114373,-0.895,-0.006,0.113,-1.15222,-0.13667,-1.31889,-1.081,-0.271,-0.098,-2.46333,0.61222,1.94111
114471,-0.91,-0.078,0.311,-1.46778,0.11222,-0.98556,-0.581,-0.06,-0.031,-1.08333,0.42,1.23
114571,-0.856,-0.145,0.247,-0.49222,0.34444,-0.86,-0.476,-0.105,0.0,0.09444,0.01111,-0.28444
114676,-0.993,0.047,0.314,-0.29889,0.14,-0.95333,-1.744,1.155,-0.562,-0.65,-0.28,-0.93333
114771,-1.238,-0.209,0.322,-1.08889,-0.04444,-0.24778,-1.125,0.376,0.055,-0.38556,-0.00111,0.20333
114874,-1.327,0.114,0.168,-0.62667,-0.02778,1.90333,-1.042,-0.636,0.114,1.33,0.31889,-1.32889
114973,-1.44,-0.263,0.474,0.41,-0.98,2.34778,-1.018,-0.066,-0.182,-0.25889,-0.15444,-1.36889
115074,-0.931,-0.044,0.063,2.67222,-0.60667,1.75222,-0.957,0.026,-0.261,1.4,0.07556,-1.24556
115172,-0.504,-0.089,0.055,0.97,-0.12889,0.93,-0.907,0.028,-0.233,1.29444,-0.00333,-0.97889
115271,-0.492,0.295,0.073,-0.28778,0.24111,-0.86111,-0.901,-0.163,-0.163,0.21556,-0.08778,-1.06
115374,-1.559,1.023,0.403,0.56444,-0.27333,-0.35667,-1.115,-0.182,-0.453,1.05667,-0.24556,-0.67667
115476,-0.934,0.293,0.377,0.4,0.13444,-0.35111,-1.304,0.066,-0.176,0.91889,-0.04556,-0.03444
115572,-0.997,-0.154,-0.07,-0.39333,0.26222,-0.38889,-1.18,-0.081,0.07,-0.40778,-0.06667,2.60222
115673,-1.001,0.011,0.257,-0.08,-0.02889,-1.39111,-1.216,-0.258,-0.238,-1.16111,0.91,2.14556
115773,-0.845,-0.088,0.19,-1.64222,0.05444,-1.29444,-0.673,-0.032,-0.114,-1.51667,0.66222,1.64111
115872,-0.895,0.021,0.301,-0.96556,0.19778,-0.99667,-0.54,-0.177,0.085,-1.12778,0.19111,0.2
115972,-0.919,0.033,0.397,-0.09667,0.10667,-0.99333,-0.998,0.562,-0.166,0.11,-0.39889,-1.40889
116072,-0.966,-0.222,0.174,-0.66,-0.09444,-0.26111,-0.916,0.603,-0.063,0.91,0.39333,1.02778
116172,-1.467,0.026,0.292,-0.76667,-0.04333,0.63778,-1.216,0.542,-0.098,-1.59222,0.24111,-0.24
116273,-1.378,-0.32,0.419,0.26889,-0.64778,2.80889,-0.858,-0.21,-0.538,-0.34333,0.19778,-1.15667
116373,-1.054,-0.211,0.221,2.58,-0.71,1.91556,-1.008,0.022,-0.053,1.35667,0.24667,-1.48556
116471,-0.572,-0.034,0.121,1.41111,-0.42,1.27556,-0.942,0.001,-0.166,1.35889,-0.00333,-1.20889
116573,-0.539,-0.044,-0.056,-0.01667,-0.22778,-0.17333,-0.977,-0.129,-0.218,0.62444,-0.17444,-1.08
116671,-1.02,0.514,0.436,0.02889,0.80222,-1.05444,-0.996,-0.145,-0.279,0.78889,-0.21556,-0.67333
116766,-0.832,0.467,0.229,0.2,-0.57222,0.21778,-1.279,-0.141,-0.246,0.5,-0.08333,-0.33222
116872,-0.49,-0.117,-0.313,0.85556,-0.77667,0.65444,-1.281,0.048,-0.073,0.10111,0.05778,1.16889
116971,-0.893,-0.11,0.265,0.08556,-0.04,-1.20889,-1.457,-0.461,-0.433,0.75111,0.45556,2.70444
117072,-0.926,-0.033,0.233,-1.08667,-0.12556,-1.33,-1.119,-0.156,-0.083,-2.27778,0.53556,1.84
117169,-0.904,-0.053,0.225,-0.99,-0.04889,-1.02667,-0.554,-0.058,-0.041,-1.58889,0.31222,1.17
117272,-0.929,-0.119,0.372,-0.87667,0.26,-0.88556,-0.544,0.07,0.093,0.56333,0.15667,-0.27333
117371,-0.946,-0.058,0.325,-0.63,0.14667,-0.74222,-1.541,0.825,-0.499,-1.27889,-0.37778,-0.91
117469,-1.119,-0.016,0.202,-0.96111,-0.02222,-0.28,-1.075,0.138,0.0,-1.05556,0.09667,0.12667
117572,-1.332,0.088,0.197,-0.36889,-0.03667,1.73222,-0.729,-0.402,0.252,0.35111,0.35333,0.06556
117672,-1.438,-0.228,0.507,0.13222,-1.04889,2.40889,-1.096,-0.032,-0.294,0.16889,-0.06444,-1.13667
117771,-0.958,-0.063,0.07,2.71333,-0.59889,1.76222,-0.965,-0.057,-0.154,1.29222,0.17222,-1.48778
117874,-0.439,-0.106,0.059,1.18333,-0.11,0.87444,-0.918,0.015,-0.192,1.47333,-0.01667,-1.30444
117976,-0.545,0.337,0.055,-0.27,0.19222,-0.76889,-0.998,-0.032,-0.182,0.16,-0.06,-1.02444
118071,-1.451,0.887,0.481,0.60111,-0.15778,-0.19778,-1.026,-0.305,-0.474,1.15667,-0.06444,-0.19667
118171,-1.263,0.201,0.172,0.98,0.02333,-1.17333,-1.237,-0.015,-0.191,0.62778,-0.10444,-0.08889
118273,-0.597,-0.525,-0.085,-0.91667,0.30667,-0.26889,-1.161,0.011,0.167,-0.27222,-0.20889,2.62111
118371,-0.959,0.008,0.017,0.13556,0.11,-1.27667,-1.176,-0.25,-0.378,-1.63667,0.98667,1.98
118471,-0.825,-0.11,0.277,-1.73778,0.07889,-1.1,-0.736,-0.011,-0.029,-1.72667,0.5,1.53222
118569,-0.875,-0.031,0.325,-0.82333,0.25889,-0.99111,-0.617,-0.18,0.066,-0.55778,0.04444,0.49778
118671,-0.943,-0.009,0.272,-0.19556,0.23556,-0.94444,-0.868,0.603,-0.237,0.33333,-0.41111,-0.92556
118771,-0.985,-0.262,0.13,-0.64778,-0.10889,-0.34333,-0.889,0.644,-0.138,0.57444,0.37111,0.92
118873,-1.491,-0.075,0.4,-1.20667,-0.02667,0.34,-1.347,0.432,-0.248,-1.98667,0.43111,0.30222
118970,-1.348,-0.369,0.465,0.29,-0.42778,2.78222,-0.888,-0.266,-0.704,0.45,0.07333,-1.17333
119070,-1.083,-0.347,0.231,3.04222,-0.93222,1.72667,-0.931,0.057,-0.105,0.84222,0.22556,-1.36
119170,-0.625,0.0,0.053,1.16,-0.46,1.39444,-0.937,-0.044,-0.215,1.38333,-0.05444,-1.41333
119271,-0.524,-0.033,-0.023,0.50556,0.10111,0.24889,-0.912,-0.172,-0.273,1.22444,-0.14,-1.56333
119371,-1.351,0.958,0.48,0.60556,0.68444,-1.17667,-1.045,0.068,-0.308,0.57444,-0.06111,-0.89
119468,-0.62,0.457,0.108,-0.38,-0.56333,0.22,-1.089,-0.198,-0.152,0.85444,-0.00333,-0.37778
119571,-0.619,0.372,-0.118,2.08889,-0.47333,-0.17111,-1.341,0.112,-0.274,0.27889,0.03333,0.6
119668,-1.057,-0.321,0.69,-1.72556,-0.41222,-1.51222,-1.337,-0.325,-0.317,0.19556,0.25222,2.87
119769,-0.918,0.033,0.064,-0.70778,-0.06,-1.39889,-1.199,-0.266,-0.085,-2.03778,0.71222,1.96556
119871,-0.891,-0.104,0.308,-1.29111,0.09111,-1.22222,-0.583,-0.051,-0.051,-1.48556,0.54667,1.25556
119968,-0.886,-0.104,0.264,-0.92778,0.32444,-1.06556,-0.39,-0.145,0.117,-0.06556,-0.04222,-0.05667
120069,-0.949,-0.036,0.41,-0.20444,0.18222,-0.97778,-1.857,1.25,-0.823,-0.05,-0.41444,-0.51444
120172,-1.176,-0.174,0.182,-1.22556,-0.07111,-0.30444,-0.996,0.344,-0.012,-0.56333,0.17444,-0.12444
120267,-1.333,0.033,0.311,-0.69667,0.07,1.30556,-1.012,0.249,0.166,-0.44333,0.33111,-0.27
120370,-1.463,-0.255,0.389,0.54778,-1.05778,2.35,-1.042,-0.192,-0.415,0.30778,-0.05222,-1.37
120468,-1.163,-0.148,0.107,2.81333,-0.65333,1.72111,-0.938,0.057,-0.119,1.52333,0.17111,-1.61444
120570,-0.463,-0.11,0.059,1.21778,-0.16222,1.09778,-0.857,-0.074,-0.132,1.31333,-0.05333,-1.27
120668,-0.531,0.063,-0.117,0.12556,-0.02778,0.06,-1.025,-0.183,-0.268,0.22667,-0.18889,-0.82333
120777,-1.475,1.042,0.336,0.59667,0.2,-0.81333,-1.066,-0.085,-0.243,0.95889,-0.21333,-0.63111
120869,-1.253,0.372,-0.057,0.3,-0.34111,-0.22,-1.394,-0.092,-0.397,0.82444,-0.16556,-0.31444
120977,-0.79,-0.384,-0.331,-1.58333,-0.36889,-0.56778,-1.124,0.008,0.131,0.11556,0.07333,1.85333
121074,-0.981,-0.146,0.432,-0.59556,0.13556,-1.02222,-1.381,-0.34,-0.413,0.04,0.95111,2.40111
121170,-0.974,-0.074,0.228,-1.45778,-0.07556,-1.31333,-1.009,-0.116,-0.031,-2.40222,0.49889,1.89111
121274,-0.879,-0.113,0.319,-1.59222,0.22111,-1.07778,-0.544,-0.128,0.009,-1.07556,0.25778,0.96556
121370,-0.905,-0.105,0.306,-0.12889,0.34444,-1.04,-0.519,0.187,0.019,0.31111,-0.05111,-0.67556
121468,-0.933,-0.19,0.384,-0.76889,-0.06,-0.45889,-1.287,1.023,-0.212,-1.21444,0.23667,-0.03667
121576,-1.274,0.018,0.32,-1.22444,0.04556,0.01111,-0.899,0.193,0.162,-1.59444,-0.19889,-0.38333
121670,-1.214,-0.01,0.081,0.30222,-0.11222,2.70333,-0.944,-0.23,-0.307,1.24556,0.44222,-0.66778
121775,-1.231,-0.288,0.272,2.07,-1.00111,2.11667,-0.904,0.022,-0.081,0.58444,0.16667,-1.14111
121870,-0.708,-0.036,0.16,1.40889,-0.57,1.74,-0.905,-0.048,-0.064,1.16667,0.07778,-1.26
121976,-0.416,-0.081,0.028,0.89333,0.02,0.43889,-0.9,-0.182,-0.246,1.70556,-0.10667,-1.26889
122076,-0.822,0.554,0.202,-0.13111,0.51,-1.43667,-1.035,-0.01,-0.203,0.70444,-0.20111,-1.07444
122174,-0.995,0.528,0.426,0.09556,-0.76444,-0.06,-1.058,-0.149,-0.246,0.74333,-0.17889,-0.32222
122268,-0.945,0.534,0.276,1.99222,-0.46778,-0.11444,-1.37,0.182,-0.149,0.19111,-0.01222,1.00444
122367,-0.84,-0.226,0.491,-0.83333,-0.39222,-0.77556,-1.289,-0.455,-0.487,0.6,0.31444,2.91444
122468,-0.965,-0.129,0.273,-1.29222,-0.18,-1.36,-1.209,-0.23,-0.023,-2.37889,0.70222,1.86222
122567,-0.906,-0.122,0.187,-1.25444,0.13333,-1.19444,-0.546,-0.06,-0.032,-1.27222,0.55556,1.27
122669,-0.945,-0.061,0.313,-0.54333,0.34778,-0.79333,-0.386,-0.087,0.076,-0.10333,0.02333,-0.38556
122768,-0.968,-0.02,0.401,-0.61333,0.07667,-0.64111,-1.762,1.093,-0.605,-0.52556,-0.25778,-0.46444
122871,-1.161,-0.086,0.188,-0.85556,-0.10111,-0.27333,-1.017,0.285,0.081,-1.32,0.07778,-0.10222
122967,-1.43,0.106,0.297,-0.74,-0.01556,1.66556,-1.026,0.007,-0.013,0.56889,0.24111,-0.22667
123071,-1.458,-0.199,0.503,0.55444,-1.06778,2.48333,-1.05,-0.085,-0.177,-0.16,-0.17667,-1.07889
123163,-1.007,-0.112,0.093,2.58,-0.52333,1.97111,-0.988,-0.052,-0.235,1.45333,0.13556,-1.35889
123270,-0.434,-0.122,0.037,0.92556,-0.17,0.72667,-0.867,-0.095,-0.148,1.71111,-0.11,-1.51111
123370,-0.449,0.157,-0.06,-0.22,0.25333,-1.01444,-0.907,0.08,-0.219,0.16222,-0.01,-1.03333
123469,-1.163,0.821,0.4,0.05778,-0.47667,0.23556,-0.969,-0.351,-0.289,0.81333,-0.19222,-0.59667
123568,-1.055,0.423,0.203,0.47667,-0.13667,-0.02,-1.238,-0.046,-0.304,0.62111,-0.02333,-0.22667
123664,-1.556,0.202,-0.017,0.02778,0.2,-0.24333,-1.175,0.14,0.357,-0.21333,-0.01444,2.44333
123768,-0.9,-0.025,0.471,-0.13667,0.08444,-1.28111,-1.32,-0.225,-0.352,-0.52222,0.82222,2.39556
123869,-0.931,-0.035,0.176,-1.42111,-0.02333,-1.38333,-0.899,-0.016,-0.054,-1.76889,0.52889,1.71222
123969,-0.908,-0.044,0.34,-1.14111,0.22111,-1.13,-0.558,-0.145,-0.001,-0.85,0.11333,0.45778
124069,-0.936,-0.024,0.246,-0.00111,0.22778,-0.97556,-0.654,0.342,-0.094,0.38,-0.25667,-1.20556
124168,-0.945,-0.218,0.362,-0.88444,-0.08111,-0.35444,-1.044,0.739,0.014,-0.32556,0.46778,0.94444
124262,-1.289,-0.02,0.364,-1.16111,-0.00778,0.07444,-0.901,0.091,-0.042,-1.6,0.07778,-0.70222
124368,-1.21,-0.017,0.01,0.81,-0.27778,2.55667,-0.955,-0.154,-0.304,0.92444,0.34778,-0.84222
124467,-1.149,-0.266,0.236,1.42111,-0.94,2.26556,-0.85,0.065,-0.02,0.41111,0.15889,-1.27444
124566,-0.75,-0.017,0.23,1.34111,-0.60222,1.70333,-0.908,-0.031,-0.136,1.27667,0.02,-1.22
124668,-0.433,-0.105,-0.008,0.67889,0.00556,0.17444,-1.023,-0.153,-0.27,0.98778,-0.21889,-1.32111
124768,-0.948,0.771,0.168,0.26111,0.75778,-1.79667,-0.984,-0.073,-0.162,0.84,-0.05222,-0.86778
124869,-0.966,0.344,0.167,-0.24667,-0.52333,0.18444,-1.193,-0.159,-0.298,0.55889,-0.03222,-0.27667
124968,-0.88,0.317,0.182,0.04222,-0.93222,0.09444,-1.351,0.067,-0.152,0.25,-0.01222,1.25111
125069,-0.963,-0.251,0.519,-0.94222,-0.01,-1.27556,-1.411,-0.439,-0.514,0.95,0.72778,2.56444
125160,-0.895,-0.002,0.041,-1.07556,-0.06889,-1.37333,-1.117,-0.177,-0.06,-2.28778,0.67222,1.67111
125269,-0.901,-0.045,0.309,-1.35111,0.02889,-0.91222,-0.525,-0.082,-0.02,-1.07778,0.30556,0.86222
125368,-0.908,-0.091,0.35,-0.47778,0.33667,-0.99444,-0.471,-0.002,0.052,0.24111,-0.12889,-0.56889
125467,-0.919,-0.127,0.38,-0.45444,0.13444,-0.68222,-1.695,1.062,-0.468,-1.69,0.13556,0.28889
125568,-1.258,-0.113,0.325,-1.46778,-0.07222,-0.18,-0.885,0.186,-0.006,-1.50222,-0.04444,-0.06444
125664,-1.344,-0.004,0.307,-0.58889,-0.17333,1.99,-0.94,-0.597,0.182,-0.36,0.32,-0.26111
125768,-1.418,-0.249,0.387,0.43222,-0.97333,2.36556,-1.121,-0.138,-0.33,0.06667,-0.05111,-1.48333
125870,-0.895,-0.092,0.191,2.81222,-0.70778,1.83444,-0.98,0.01,-0.258,1.8,0.16333,-1.46667
125967,-0.507,-0.102,-0.08,1.04222,-0.13556,0.55444,-0.915,0.006,-0.227,1.63,-0.04556,-1.22
126068,-0.452,0.192,-0.008,-0.34,0.33444,-0.96333,-0.926,0.023,-0.196,-0.34556,-0.04556,-1.17333
126164,-1.234,0.599,0.549,0.82333,-0.46444,0.37556,-1.062,-0.34,-0.458,1.10333,-0.15,-0.39111
126268,-1.235,0.309,0.499,0.94,-0.22222,-0.33889,-1.292,-0.04,-0.253,0.85111,-0.02556,-0.06222
126372,-1.138,-0.094,0.439,0.06556,0.42111,-0.10111,-1.141,0.012,0.177,-0.12111,-0.03,2.45667
126467,-1.018,-0.023,0.302,-0.47333,0.06111,-1.38,-1.27,-0.247,-0.311,-0.82667,0.97222,2.14556
126567,-0.859,-0.14,0.276,-1.30778,0.06444,-1.33333,-0.817,-0.019,-0.101,-1.73222,0.54,1.66778
126662,-0.894,-0.033,0.333,-1.02333,0.22778,-0.77889,-0.485,-0.167,0.027,-0.87667,-0.09333,0.64222
126768,-0.933,-0.024,0.243,-0.24333,0.12889,-0.80667,-0.765,0.553,-0.18,0.72,-0.31333,-1.14889
126868,-0.999,-0.299,0.261,-0.72889,-0.12333,-0.33556,-0.809,0.591,-0.041,0.34667,0.51889,0.86
126967,-1.441,0.075,0.259,-1.02333,-0.04333,0.60111,-1.208,0.476,0.017,-1.26222,0.39556,-0.79778
127066,-1.407,-0.344,0.401,0.16222,-0.59333,2.82889,-0.918,-0.282,-0.743,0.33,0.33444,-0.74889
127163,-1.125,-0.286,0.189,2.48222,-0.81444,1.98111,-0.985,0.02,-0.043,0.81444,0.18556,-1.54778
127267,-0.5,-0.012,0.126,1.49778,-0.42667,1.43222,-0.968,-0.023,-0.212,1.37222,0.02222,-1.16778
127372,-0.468,-0.042,-0.062,0.35333,-0.04889,-0.21,-1.022,-0.082,-0.198,0.54444,-0.18,-1.21
127465,-1.327,0.806,0.533,0.47889,0.58333,-1.18667,-1.038,-0.039,-0.261,0.85889,-0.06222,-0.75111
127563,-1.172,0.524,-0.026,0.17778,-0.36,-0.51556,-1.378,-0.245,-0.219,0.59222,-0.05,-0.34222
127660,-0.491,0.061,-0.149,-0.29667,-0.75,0.37111,-1.27,0.079,-0.161,0.53111,0.05444,1.02444
127760,-1.002,-0.071,0.228,0.08111,0.01,-1.35667,-1.367,-0.462,-0.401,0.93333,0.81222,2.41667
127867,-0.92,-0.047,0.163,-1.31556,-0.13778,-1.38,-1.121,-0.228,-0.108,-2.30444,0.63333,1.77111
127966,-0.895,-0.056,0.215,-1.29,0.11,-1.06667,-0.583,-0.087,-0.012,-1.34333,0.30333,1.11
128066,-0.876,-0.113,0.336,-0.33,0.34333,-0.92333,-0.532,0.007,0.024,0.10333,0.09444,-0.24333
128166,-0.955,-0.034,0.314,-0.51111,0.07,-0.77556,-1.568,1.007,-0.445,-1.11667,-0.28556,-0.69333
128264,-1.31,-0.104,0.342,-1.00444,-0.04778,-0.23444,-1.094,0.224,0.11,-1.64778,-0.32556,0.01111
128365,-1.261,0.141,0.042,0.10111,-0.25778,2.11556,-0.842,-0.826,0.001,1.51111,0.35444,-1.44333
128464,-1.43,-0.239,0.395,0.37889,-0.98667,2.47111,-1.024,0.013,-0.032,0.33444,0.01556,-1.37556
128572,-0.769,-0.048,0.182,2.35556,-0.58667,1.97556,-0.921,-0.026,-0.25,1.35667,0.14444,-1.3
128666,-0.457,-0.132,0.0,1.05889,0.04778,0.72667,-0.933,-0.142,-0.228,1.43333,-0.18778,-1.29111
128766,-0.484,0.305,0.176,-0.24111,0.42556,-1.17222,-1.01,0.133,-0.116,0.17,0.06778,-1.12222
128865,-1.299,0.784,0.399,-1.00778,-0.46333,-0.27,-1.024,-0.322,-0.432,0.82111,-0.04778,-0.3
128962,-1.021,0.59,0.346,1.46444,-0.47222,-0.16778,-1.371,0.074,-0.185,0.32889,-0.08667,0.34
129068,-0.812,-0.371,0.565,-0.99111,-0.15667,-0.85111,-1.145,-0.111,0.016,-0.42,0.05,2.90889
129166,-0.997,0.053,0.106,-0.51667,0.06333,-1.30333,-1.166,-0.274,-0.166,-1.95,0.85444,2.09333
129262,-0.899,-0.05,0.314,-1.38,0.15,-1.15111,-0.593,-0.059,-0.018,-1.38,0.51778,1.5
129367,-0.925,-0.031,0.349,-0.7,0.37444,-1.12111,-0.483,-0.159,0.039,-0.11778,-0.12444,0.16
129466,-1.029,0.003,0.27,0.04667,0.27667,-0.98111,-1.581,1.133,-0.484,0.23333,-0.37222,-0.99667
129566,-1.031,-0.154,0.11,-0.77889,-0.16667,-0.24667,-0.708,0.403,0.068,0.12889,0.23,0.27
129667,-1.383,0.032,0.29,-0.61222,-0.01,0.72444,-1.052,0.666,-0.094,-0.68667,0.53778,-0.27778
129765,-1.353,-0.306,0.32,0.69222,-0.75333,2.57778,-0.985,-0.125,-0.304,-0.31,0.01,-1.49778
129867,-1.058,-0.192,0.185,2.23778,-0.69,1.98889,-1.002,0.016,-0.126,1.32333,0.14111,-1.32556
129966,-0.573,-0.069,0.118,1.65,-0.24556,1.11444,-0.934,-0.041,-0.214,1.55222,0.06222,-0.89667
130061,-0.486,0.064,-0.12,0.04556,0.07889,-0.34444,-0.958,-0.175,-0.251,0.38667,-0.1,-0.85333
130164,-1.534,1.009,0.483,0.95,0.21,-0.71778,-1.085,-0.099,-0.377,0.98556,-0.25556,-0.63444
130260,-1.289,0.38,-0.023,0.67,-0.08,-0.17333,-1.282,-0.111,-0.299,0.76111,-0.13111,-0.26444
130366,-0.971,-0.187,-0.396,-1.63556,0.04333,-1.18556,-1.284,-0.007,-0.086,0.38111,0.01333,1.31444
130465,-0.968,-0.139,0.508,-0.18444,0.25889,-1.10222,-1.393,-0.377,-0.413,0.44,0.79,2.38
130564,-0.968,-0.017,0.108,-1.51889,-0.09556,-1.36556,-1.034,-0.156,-0.082,-2.58889,0.64778,1.75
130668,-0.917,-0.03,0.213,-1.39333,0.07556,-0.94778,-0.563,-0.128,0.009,-1.43222,0.24222,0.98222
130762,-0.906,-0.146,0.329,-0.18111,0.30333,-0.95444,-0.522,0.09,0.101,0.36222,0.00556,-0.43778
130866,-0.917,-0.147,0.353,-0.48,-0.02333,-0.55889,-1.459,0.961,-0.337,-1.92778,-0.04222,-0.32444
130964,-1.276,-0.134,0.42,-1.31111,0.07556,-0.05444,-1.178,0.256,0.053,-1.24,-0.34333,0.02778
131064,-1.254,0.074,0.104,0.06778,-0.12,2.12444,-1.332,-0.301,-0.198,1.84444,0.3,-1.18
131164,-1.346,-0.257,0.352,1.08222,-0.96222,2.17,-1.028,-0.015,-0.121,0.18889,-0.04556,-1.37778
131261,-0.855,-0.028,0.175,2.21,-0.61556,1.82222,-0.92,0.006,-0.267,1.44778,0.04,-1.28222
131364,-0.53,-0.073,0.03,1.06889,0.06222,0.79889,-0.955,-0.013,-0.245,1.20222,0.00111,-1.04222
131464,-0.454,0.251,0.045,-0.57,0.28222,-0.59333,-0.954,-0.126,-0.241,0.17,-0.10889,-1.12889
131570,-1.378,0.958,0.397,0.56667,-0.31778,-0.09333,-1.104,-0.243,-0.394,0.96111,-0.28111,-0.57889
131671,-0.981,0.465,0.35,0.43667,-0.00111,-0.05444,-1.221,-0.05,-0.304,0.69889,-0.08,-0.06444
131770,-1.314,0.248,-0.12,-0.47889,0.24556,-0.38222,-1.183,0.114,0.308,-0.14,-0.11111,2.61667
131869,-0.973,-0.015,0.293,0.22556,0.07222,-1.27778,-1.308,-0.262,-0.342,-1.05778,1.19222,2.20333
131962,-0.884,-0.111,0.184,-1.71111,-0.14556,-1.26222,-0.772,-0.033,-0.022,-2.28111,0.64556,1.67
132070,-0.863,-0.031,0.329,-1.15556,0.25889,-1.12444,-0.498,-0.208,0.048,-1.2,0.07111,0.50222
132169,-0.915,0.029,0.279,-0.18,0.28222,-0.87778,-0.977,0.673,-0.276,0.60556,-0.24889,-1.05889
132271,-0.926,-0.234,0.192,-0.64222,-0.07889,-0.33111,-0.95,0.665,0.022,0.50889,0.48778,0.95556
132368,-1.279,0.05,0.291,-1.18444,0.01333,0.33778,-1.102,0.209,-0.149,-1.47889,0.14222,-0.34444
132489,-1.388,-0.201,0.236,0.57333,-0.40889,2.71667,-0.839,-0.417,-0.703,0.37,0.20556,-0.47
132566,-1.168,-0.307,0.335,2.21778,-1.03556,1.99,-0.998,0.049,-0.047,1.29222,0.19111,-1.61222
132670,-0.577,-0.021,0.106,1.70444,-0.60333,1.40333,-0.919,-0.005,-0.206,1.69778,-0.09,-1.40222
132769,-0.482,-0.168,-0.112,0.44,0.09444,0.09889,-1.011,-0.08,-0.253,0.36667,-0.29222,-0.77889
132869,-1.28,1.117,0.524,-0.52889,0.81333,-1.25778,-0.965,-0.024,-0.085,0.26111,-0.08333,-0.86778
132964,-0.832,0.449,0.244,0.24556,-0.45,0.43444,-1.201,-0.387,-0.167,0.67667,0.09778,-0.31444
133064,-0.291,0.188,-0.239,0.46,-0.75667,0.73778,-1.382,0.092,-0.238,0.7,-0.05,0.59778
133164,-0.864,-0.151,0.187,-0.53222,-0.14667,-1.52444,-1.336,-0.451,-0.315,0.85,0.63667,2.58222
133261,-0.92,-0.045,0.162,-0.92667,-0.09111,-1.68111,-1.124,-0.231,-0.061,-1.88,0.63222,1.97889
133363,-0.938,-0.097,0.26,-1.29889,0.16556,-1.16889,-0.556,-0.078,-0.071,-1.45222,0.28444,1.29111
133465,-0.961,-0.122,0.3,-0.44111,0.28556,-0.8,-0.478,-0.028,-0.008,0.05889,-0.01444,-0.15778
133564,-0.913,-0.075,0.275,-0.63667,0.05778,-0.57889,-1.529,0.984,-0.489,-0.68667,-0.44,-1.06444
133664,-1.195,-0.046,0.264,-1.06778,-0.06889,-0.08778,-0.986,0.344,0.147,-0.90333,-0.01444,-0.08444
133762,-1.314,0.061,0.249,-0.26,-0.11,2.18111,-0.58,-0.414,0.149,0.72111,0.36778,-0.65333
133866,-1.404,-0.238,0.311,1.48778,-1.26778,2.10889,-1.064,-0.009,-0.139,-0.25889,-0.08556,-1.35444
133967,-0.8,-0.066,0.111,2.11778,-0.61556,2.03222,-0.943,-0.081,-0.227,1.42,0.14667,-1.51778
134065,-0.426,-0.18,0.053,1.07222,0.10667,0.73222,-0.838,-0.15,-0.163,1.62667,0.05,-1.33667
134160,-0.534,0.376,0.277,-0.08111,0.52556,-1.07778,-0.965,0.132,-0.197,0.18889,-0.13444,-1.12556
134263,-1.06,0.573,0.456,-0.18222,-0.66,0.80667,-1.029,-0.334,-0.25,0.58667,-0.04,-0.3
134364,-1.221,0.59,0.757,0.61222,0.01,-0.27889,-1.167,-0.019,-0.267,0.85222,-0.07556,-0.17
134460,-0.99,-0.262,0.312,-1.03556,-0.07556,-0.25889,-1.216,0.1,0.253,-0.75,0.06333,2.15
134565,-0.964,0.067,0.27,-0.28444,-0.02333,-1.55778,-1.223,-0.277,-0.398,-0.93444,0.96,2.11222
134663,-0.831,-0.089,0.248,-1.07444,0.13333,-1.31,-0.826,0.004,0.03,-1.66667,0.33222,1.65222
134760,-0.886,-0.146,0.181,-0.98111,0.28,-0.98,-0.548,-0.15,0.008,-0.63667,-0.09444,0.74111
134863,-0.938,-0.021,0.118,-0.41,-0.01222,-0.75556,-0.651,0.324,-0.08,0.58,-0.31556,-1.17444
134960,-1.004,-0.305,0.327,-0.64556,-0.05,-0.34667,-1.035,0.733,0.071,-0.06111,0.52556,1.16333
135062,-1.413,-0.051,0.3,-1.01444,-0.04889,0.22444,-1.045,0.081,-0.229,-1.02333,0.27,-0.81556
135164,-1.276,-0.396,0.463,0.20667,-0.22,2.77333,-0.727,-0.076,-0.383,0.13556,0.56667,-0.46
135260,-1.14,-0.285,0.131,2.41556,-0.87889,1.94778,-0.893,-0.015,-0.147,1.02667,0.14,-1.59111
135365,-0.667,-0.045,0.117,1.47111,-0.75778,1.57,-0.98,0.027,-0.188,1.37111,-0.04,-1.27222
135464,-0.481,-0.144,-0.037,0.37444,0.04889,0.24333,-0.926,-0.202,-0.215,0.76333,-0.25889,-1.13556
135563,-1.119,0.946,0.341,0.04889,0.92333,-1.45889,-1.043,0.047,-0.106,0.58333,-0.15,-1.03667
135661,-0.85,0.387,-0.014,-0.67111,-0.54889,0.43333,-1.255,-0.205,-0.237,0.65444,0.02222,-0.4
135760,-0.603,-0.091,-0.377,-0.09556,-1.12,0.32444,-1.325,-0.012,-0.035,0.42111,0.09111,1.60889
135862,-1.07,-0.113,0.519,-0.77556,-0.01222,-1.11222,-1.487,-0.337,-0.612,1.42444,0.72222,2.55222
135961,-0.992,-0.03,0.127,-1.15,-0.15111,-1.50222,-1.131,-0.171,-0.089,-2.62778,0.49333,1.73889
136062,-0.868,-0.047,0.246,-1.63,0.19667,-1.12889,-0.466,-0.132,-0.038,-1.31,0.47778,0.82
136168,-0.817,-0.062,0.258,-0.51,0.33667,-0.72667,-0.506,0.091,0.172,0.26778,-0.03111,-0.67222
136262,-0.947,-0.03,0.29,-0.37667,0.11333,-0.73778,-1.77,1.062,-0.398,-1.52444,0.08,0.12333
136360,-1.35,-0.01,0.484,-1.26333,0.04,-0.31,-0.992,0.265,0.009,-1.22667,-0.28,-0.03667
136460,-1.304,0.12,0.075,-0.34444,-0.02111,2.12,-1.256,-0.495,0.073,1.42222,0.43333,-1.07
136564,-1.424,-0.212,0.399,0.18,-1.01778,2.37667,-1.145,-0.049,-0.356,0.21333,-0.03889,-1.07333
136663,-0.922,-0.075,0.121,2.57111,-0.52,1.76111,-0.976,0.003,-0.199,1.53556,0.04889,-1.17
136760,-0.459,-0.128,0.022,1.53111,0.01,0.44,-0.931,0.06,-0.256,1.25333,-0.16222,-1.28889
136863,-0.481,0.263,0.025,-0.69,0.06,-0.83333,-0.916,0.048,-0.12,0.44556,-0.04778,-1.48778
136964,-1.201,0.863,0.223,1.00222,-0.41,0.43444,-0.961,-0.348,-0.363,0.64778,-0.09556,-0.46111
137063,-0.937,0.282,0.429,0.89111,-0.11667,0.06,-1.287,0.019,-0.211,0.8,-0.00667,-0.02556
137160,-1.007,-0.131,0.204,-0.44,0.28444,-0.47556,-1.176,0.044,0.215,-0.49556,-0.08778,2.47
137262,-0.984,0.0,0.367,0.42889,0.25,-1.22333,-1.317,-0.243,-0.311,-0.85,0.93,2.11889
137366,-0.898,-0.113,0.19,-1.50222,-0.05444,-1.53778,-0.837,0.004,-0.058,-1.55333,0.51,1.59222
137460,-0.901,-0.032,0.232,-0.85,0.24444,-1.26111,-0.47,-0.128,0.025,-0.76667,0.02111,0.42333
137560,-0.949,0.046,0.309,-0.36778,0.17,-0.8,-0.766,0.392,-0.159,0.30444,-0.31,-1.36778
137662,-0.955,-0.287,0.41,-0.46222,0.03778,-0.39667,-0.913,0.825,0.149,-0.22333,0.55556,1.36444
137764,-1.372,-0.016,0.303,-1.12,-0.05778,0.28778,-1.224,0.149,-0.198,-1.39333,-0.13667,-0.78111
137861,-1.353,-0.313,0.026,0.70222,-0.38,2.85,-0.737,-0.153,-0.206,-0.21667,0.34,-0.94222
137964,-1.067,-0.296,0.308,1.61556,-0.78556,2.28889,-0.941,0.017,-0.063,0.70667,0.15111,-1.47
138064,-0.543,-0.017,0.142,1.69444,-0.42222,1.44667,-0.949,-0.066,-0.162,1.47111,-0.00556,-1.39
138160,-0.504,-0.026,-0.044,0.43,-0.09889,0.03111,-1.031,-0.145,-0.193,0.64,-0.25222,-1.03667
138260,-1.528,0.904,0.538,0.12778,0.47667,-1.22333,-0.964,-0.113,-0.119,0.52556,-0.09889,-0.52889
138363,-0.61,0.577,-0.015,-0.00333,-0.59667,0.43,-1.129,-0.183,-0.017,0.72,0.0,-0.31
138464,-0.194,-0.232,-0.204,-0.34,-0.74,-0.37111,-1.296,0.093,-0.237,0.23,-0.00333,0.76667
138562,-0.89,-0.179,0.27,-0.8,-0.12889,-1.45667,-1.384,-0.394,-0.336,0.33667,0.54778,2.87778
138662,-0.919,0.025,0.034,-0.68778,-0.14,-1.42667,-1.136,-0.219,-0.102,-2.51889,0.77333,1.97
138760,-0.906,-0.091,0.282,-1.29667,0.09111,-1.04111,-0.512,-0.053,-0.025,-1.38,0.47667,1.17778
138862,-0.943,-0.076,0.324,-0.49667,0.23444,-1.03222,-0.445,0.029,0.068,-0.1,-0.03778,-0.30556
138960,-0.936,-0.088,0.37,-0.68,0.11333,-0.65333,-1.73,1.041,-0.574,-0.82889,-0.17778,-0.76667
139060,-1.2,-0.138,0.306,-1.28778,-0.13556,-0.17111,-0.925,0.321,0.033,-0.86778,0.20333,-0.03111
139161,-1.312,-0.031,0.392,-0.63778,-0.13222,1.58,-0.843,-0.147,0.074,0.17333,0.25111,0.53222
139260,-1.421,-0.33,0.487,1.03111,-0.87667,2.22667,-1.096,-0.062,-0.331,0.43667,-0.17333,-1.25
139362,-1.063,-0.124,0.023,2.25,-0.41,1.91,-0.962,0.042,-0.146,1.11222,0.06333,-1.57
139461,-0.445,-0.082,0.103,0.84222,-0.16,1.25556,-0.892,-0.068,-0.193,1.36778,-0.03556,-1.34778
139560,-0.531,0.157,-0.024,0.10111,0.18111,-0.41333,-0.985,-0.162,-0.096,0.31333,-0.19556,-1.09222
139660,-1.524,0.87,0.542,0.74,0.04333,-0.19222,-0.959,-0.289,-0.318,0.87,-0.14222,-0.44444
139761,-1.461,0.401,-0.039,0.76667,-0.37444,-0.42,-1.333,-0.172,-0.257,0.72444,-0.21778,-0.60333
139861,-1.837,0.425,0.294,-1.17556,-0.02889,-1.16667,-1.218,-0.089,-0.077,0.44333,0.16,1.2
139960,-0.939,-0.075,0.467,-0.32,0.28333,-1.29556,-1.4,-0.479,-0.389,0.56111,0.80778,2.64111
140063,-0.989,0.017,0.163,-1.14667,-0.07222,-1.48667,-1.082,-0.185,-0.015,-2.50778,0.58333,2.00444
140157,-0.9,-0.101,0.267,-1.43556,0.10778,-1.12333,-0.576,-0.089,-0.041,-1.38889,0.33,1.22
140258,-0.892,-0.145,0.286,-0.38333,0.31444,-0.95111,-0.504,0.176,0.07,0.35444,-0.04667,-0.48
140360,-0.95,-0.17,0.315,-0.59778,-0.02,-0.69778,-1.525,0.964,-0.333,-1.56,-0.13778,-0.53
140460,-1.209,-0.163,0.505,-1.33,0.07667,-0.10111,-1.362,0.217,0.128,-0.97444,-0.42667,-0.50667
140558,-1.235,0.196,0.044,0.08556,-0.16778,1.95889,-0.639,-0.753,0.304,1.17,0.26444,-0.87444
140660,-1.435,-0.341,0.462,1.30333,-1.05778,2.35889,-1.014,-0.025,-0.2,0.60333,0.00222,-1.17
140762,-1.068,-0.085,0.099,2.34556,-0.63,2.14222,-0.911,-0.022,-0.209,0.94778,0.04889,-1.57667
140860,-0.353,-0.129,0.004,1.09556,0.00111,0.80778,-0.862,-0.08,-0.129,1.65556,0.04556,-1.38
140960,-0.576,0.254,0.105,-0.35111,0.50333,-0.76667,-0.91,-0.086,-0.273,0.41111,-0.27333,-1.07556
141052,-1.232,0.815,0.403,0.01889,0.0,-0.39222,-1.01,-0.293,-0.269,0.69222,-0.06,-0.54444
141158,-1.018,0.317,0.021,0.52,-0.02556,-0.60778,-1.222,0.016,-0.14,0.54111,-0.08,-0.41667
141258,-0.287,-0.497,-0.748,-1.69889,-0.48,0.25111,-1.09,0.102,0.251,-0.21333,0.22,1.77778
141358,-1.055,0.166,0.172,0.65889,0.20444,-1.19444,-1.427,-0.299,-0.455,0.04111,0.89444,2.42111
141460,-0.937,-0.115,0.239,-1.24111,-0.16111,-1.36667,-1.105,-0.13,-0.061,-2.39667,0.46,1.96111
141558,-0.91,-0.038,0.179,-1.37,0.13778,-1.14889,-0.474,-0.158,0.029,-1.34111,0.19444,0.94889
141658,-0.924,-0.053,0.264,-0.26778,0.32333,-0.98889,-0.548,0.138,-0.008,0.60222,0.02444,-0.81667
141764,-0.909,-0.284,0.32,-0.71222,0.08889,-0.67889,-1.429,0.983,-0.196,-1.84,0.19,0.01222
141859,-1.347,0.026,0.424,-1.24778,-0.03667,-0.05667,-1.056,0.17,0.04,-1.96111,-0.22444,-0.1
141966,-1.184,0.152,-0.081,0.61778,-0.18889,2.66444,-1.167,-0.427,-0.212,1.11,0.24333,-1.25556
142066,-1.307,-0.314,0.303,1.74778,-1.05667,2.27,-0.825,0.026,-0.129,0.73556,0.04111,-1.37778
142164,-0.733,-0.068,0.25,1.73111,-0.84,2.07778,-0.919,0.0,-0.182,1.17222,0.08889,-1.33222
142266,-0.338,-0.179,-0.125,0.74778,0.16,0.15333,-0.939,-0.191,-0.245,1.44,-0.2,-1.17667
142365,-0.902,0.612,0.141,-0.4,0.73222,-1.71,-0.958,-0.028,-0.088,0.17,-0.03667,-1.15
142466,-0.972,0.485,0.394,0.69556,-0.35889,0.39444,-1.139,-0.303,-0.239,0.72667,0.03778,-0.31111
142563,-0.943,0.379,0.419,1.67667,-0.48111,-0.34222,-1.267,0.026,-0.262,0.69556,-0.05444,0.29333
142661,-0.828,-0.263,0.458,-0.78111,-0.29,-0.93889,-1.225,-0.208,-0.111,-0.06,-0.05111,2.89778
142766,-0.959,-0.013,0.334,-0.86,0.0,-1.38,-1.138,-0.284,-0.257,-2.13556,0.88111,1.96889
142866,-0.846,-0.104,0.182,-1.23667,0.17889,-1.34556,-0.648,-0.032,0.024,-1.60889,0.56889,1.4
142965,-0.92,-0.031,0.307,-0.86,0.36111,-0.95556,-0.506,-0.098,0.09,-0.34222,-0.10222,0.22
143062,-0.979,0.02,0.172,-0.25667,0.03222,-0.77111,-1.295,1.0,-0.576,0.10778,-0.55778,-1.03222
143165,-1.125,-0.131,0.211,-1.00333,-0.17,-0.21,-0.717,0.456,0.242,-0.19,0.39889,0.31444
143264,-1.251,0.145,0.333,-0.53444,-0.03,1.55333,-0.994,0.481,-0.363,-2.09778,0.49,0.37
143360,-1.505,-0.246,0.333,0.49111,-1.04556,2.34444,-1.133,-0.023,-0.369,-0.30333,0.03778,-1.29889
143458,-1.172,-0.172,0.111,2.62444,-0.53111,1.80222,-0.967,-0.041,-0.224,1.32444,0.19889,-1.53889
143560,-0.406,-0.088,0.046,1.27,-0.06,0.93889,-0.904,-0.052,-0.176,1.38222,0.01,-1.25
143660,-0.571,0.191,-0.099,-0.20778,0.04,-0.67667,-0.911,-0.166,-0.182,0.36,-0.18889,-1.03667
143760,-1.554,0.953,0.562,1.04444,0.09222,-0.36111,-0.959,-0.222,-0.288,0.88667,-0.10444,-0.57
143857,-1.111,0.429,-0.106,-0.15444,-0.13556,-0.94,-1.416,-0.16,-0.212,0.83889,-0.18222,-0.51778
143960,-0.606,-0.18,-0.126,-1.85444,-0.63889,-0.69444,-1.154,0.076,-0.078,0.51111,0.17111,1.12889
144057,-1.042,-0.173,0.395,-0.72556,0.08,-1.13111,-1.404,-0.424,-0.299,0.65778,0.64556,2.65
144160,-0.997,-0.038,0.145,-0.95444,-0.10778,-1.48222,-1.173,-0.224,-0.187,-2.02556,0.68333,1.94111
144256,-0.919,-0.108,0.231,-1.22111,0.15333,-1.14667,-0.566,-0.079,-0.048,-1.75778,0.41667,1.03444
144360,-0.894,-0.143,0.295,-0.59667,0.28333,-0.72556,-0.552,0.001,0.132,-0.01,0.02556,-0.37222
144455,-0.969,-0.021,0.288,-0.28111,0.09889,-0.84333,-1.621,0.93,-0.553,-1.44,-0.01,-0.58111
144560,-1.323,-0.163,0.451,-1.31,0.02333,-0.36,-0.894,0.396,0.058,-1.38778,-0.05222,0.07889
144648,-1.351,-0.041,0.207,-0.89667,-0.17667,1.94,-0.52,-0.848,0.207,1.35889,0.15,-1.15222
144760,-1.485,-0.295,0.304,0.50667,-1.08,2.35667,-1.014,0.0,-0.213,-0.26333,-0.02889,-1.45
144861,-0.961,-0.104,0.049,2.32,-0.50222,2.02556,-0.973,0.034,-0.229,1.29778,0.07,-1.43
144950,-0.469,-0.081,0.042,0.91556,0.06,0.99889,-0.94,0.018,-0.202,1.56,-0.04556,-1.10556
145057,-0.493,0.099,0.0,-0.36111,0.26222,-0.75444,-0.894,-0.104,-0.291,-0.46222,-0.12556,-1.25889
145158,-1.67,1.064,0.532,0.63333,-0.15111,-0.20222,-1.089,-0.306,-0.282,0.97778,-0.26556,-0.44444
145259,-0.973,0.406,0.203,1.17,-0.22889,-0.23667,-1.265,-0.015,-0.153,0.77222,-0.14333,-0.25889
145359,-1.498,0.157,-0.157,0.88333,0.54778,-0.82889,-1.146,0.049,0.12,0.17667,0.01889,2.21778
145456,-0.877,-0.115,0.484,-0.40556,0.12444,-1.26667,-1.246,-0.289,-0.335,-0.05667,1.15444,2.28444
145550,-0.906,-0.075,0.153,-1.65,-0.11556,-1.34556,-0.961,-0.116,-0.021,-2.43222,0.72556,1.66333
145647,-0.83,-0.091,0.293,-1.28,0.11889,-0.99,-0.578,-0.21,0.096,-1.18889,-0.02222,0.64778
145757,-0.962,-0.004,0.257,0.06556,0.29444,-1.13889,-0.738,0.481,-0.154,1.02111,-0.21333,-0.95111
145859,-0.98,-0.241,0.276,-0.79,-0.09556,-0.35333,-1.099,0.714,-0.037,-0.24889,0.38889,0.75444
145946,-1.216,-0.011,0.342,-1.21444,-0.1,0.28111,-1.218,0.33,0.114,-1.52,0.07444,-0.33778
146059,-1.3,-0.021,0.176,0.18333,-0.14333,2.89,-1.104,-0.38,-0.739,0.1,0.19222,-0.22667
146156,-1.152,-0.366,0.514,2.07889,-1.08889,2.05,-0.953,0.009,-0.104,1.26778,0.32222,-1.37111
146255,-0.724,0.055,0.013,2.26889,-0.25444,1.68333,-0.949,-0.007,-0.227,1.38556,0.15778,-1.25444
146358,-0.374,-0.097,-0.002,0.21444,-0.15667,0.43,-0.877,-0.158,-0.26,1.53778,-0.07111,-1.23333
146457,-0.615,0.52,0.395,0.14556,0.34889,-1.27889,-1.093,0.114,-0.17,0.24,-0.14,-1.16889
146559,-0.981,0.594,0.231,-0.18889,-0.45111,-0.09889,-1.15,-0.361,-0.313,0.78333,0.01111,-0.27111
146657,-0.272,-0.073,0.041,1.75111,-0.68,0.60222,-1.221,0.048,-0.212,0.54111,-0.06222,0.38889
146757,-0.507,-0.383,-0.03,-0.26333,-0.44889,-0.90222,-1.179,-0.222,-0.144,-0.10111,0.12778,2.65111
146855,-0.989,-0.015,0.28,-0.84,-0.03333,-1.2,-1.17,-0.212,-0.208,-1.68222,0.74889,2.06222
146956,-0.892,-0.111,0.179,-1.52,0.06,-1.19556,-0.72,-0.086,-0.059,-1.75556,0.56889,1.58
147056,-0.875,-0.057,0.342,-0.75,0.32556,-0.97222,-0.477,-0.149,0.086,-0.42889,0.01222,0.4
147157,-1.0,-0.015,0.233,-0.48444,0.12778,-0.88444,-1.203,1.06,-0.395,0.29222,-0.42333,-0.99556
147255,-1.114,-0.138,0.204,-0.92111,-0.05,-0.31111,-0.762,0.34,0.022,0.52889,0.45333,0.98222
147359,-1.418,0.035,0.232,-0.62889,-0.01556,0.98667,-1.023,0.793,-0.052,-1.58556,0.42556,0.83333
147457,-1.45,-0.349,0.412,-0.49556,-1.0,2.62222,-0.939,-0.25,-0.485,-0.46556,0.03,-1.22444
147557,-1.153,-0.218,0.17,2.64444,-0.85556,1.97111,-0.993,-0.053,-0.122,1.39111,0.20111,-1.67111
147659,-0.423,-0.095,0.085,1.68667,-0.43444,1.25889,-0.946,-0.007,-0.097,1.34667,0.03889,-1.41222
147754,-0.468,0.002,-0.145,0.26333,-0.00667,-0.39222,-0.987,-0.041,-0.212,1.10778,-0.12444,-1.17222
147856,-1.625,0.874,0.416,1.39222,0.43333,-0.63889,-0.993,-0.188,-0.375,0.73,-0.10667,-0.50556
147957,-1.248,0.257,0.133,-0.31222,-0.38778,-0.34,-1.319,-0.179,-0.239,0.8,-0.16778,-0.31444
148054,-0.789,-0.091,-0.146,-1.25,-0.90111,-0.35111,-1.224,0.085,-0.117,0.45444,0.07778,0.84778
148147,-0.868,-0.437,0.369,-1.56778,-0.04,-1.12333,-1.335,-0.355,-0.248,0.33444,0.58,2.61
148260,-0.925,-0.011,0.112,-1.08,-0.02333,-1.38,-1.155,-0.232,-0.185,-2.11222,0.74,1.95111
148358,-0.941,-0.087,0.241,-1.25444,0.06333,-1.01,-0.648,-0.096,-0.064,-1.86556,0.38,1.24111
148454,-0.936,-0.115,0.287,-0.41556,0.25333,-0.96,-0.528,0.032,0.164,-0.02,0.06222,-0.18111
148558,-0.988,-0.041,0.271,-0.50444,0.09444,-0.75333,-1.467,0.973,-0.512,-1.10444,-0.07,-0.52333
148658,-1.277,-0.135,0.48,-1.20556,-0.05778,-0.16556,-1.186,0.39,0.001,-1.52556,-0.14222,-0.09
148752,-1.373,0.025,0.177,-0.77333,-0.11556,1.47333,-0.744,-0.52,0.291,0.98667,0.23333,-0.93
148860,-1.465,-0.277,0.351,0.14,-1.07,2.44778,-1.074,-0.048,-0.314,-0.36667,-0.02667,-1.35556
148958,-1.096,-0.171,0.113,2.71778,-0.69667,1.8,-0.977,-0.062,-0.203,1.51778,0.13,-1.60222
149055,-0.413,-0.037,0.049,1.14667,-0.25111,0.93444,-0.957,0.01,-0.167,1.40111,-0.02556,-1.27778
149155,-0.499,0.149,-0.008,0.08889,0.14333,-0.63667,-0.918,-0.13,-0.218,0.36,-0.09778,-0.91778
149258,-1.297,0.826,0.368,0.81,0.14111,-0.43444,-0.993,-0.295,-0.369,0.78,-0.17111,-0.51333
149353,-1.1,0.441,0.305,0.97778,-0.04889,-0.02222,-1.272,-0.09,-0.243,0.53,-0.18889,-0.47556
149457,-1.397,0.025,-0.247,-1.19,0.05111,-1.12778,-1.236,0.016,-0.006,0.34,0.10444,1.45778
149547,-0.886,-0.036,0.369,-0.46333,0.23333,-0.97111,-1.318,-0.29,-0.269,0.15556,0.84444,2.46556
149655,-0.906,-0.036,0.227,-1.02556,-0.10333,-1.39556,-1.083,-0.17,-0.083,-2.38,0.57333,1.92222
149760,-0.842,-0.137,0.221,-1.20889,0.11,-1.19111,-0.616,-0.154,0.042,-1.12778,0.21556,1.04667
149857,-0.895,-0.143,0.208,-0.35889,0.39222,-1.02222,-0.451,0.079,0.09,0.43,-0.16,-0.35667
149956,-0.9,-0.102,0.369,-0.50889,-0.00111,-0.68556,-1.898,1.127,-0.476,-2.04333,-0.02,-0.42556
150055,-1.326,-0.241,0.537,-1.43889,0.0,-0.37778,-0.859,0.305,0.02,-1.26889,-0.01444,-0.27111
150158,-1.337,-0.057,0.207,-0.77333,-0.06333,1.13,0.171,-1.012,0.348,0.27333,0.44111,0.73778
150251,-1.507,-0.383,0.428,0.05889,-1.04222,2.48667,-1.014,-0.029,-0.225,-0.54444,0.07333,-1.18889
150345,-1.154,-0.15,0.116,2.49778,-0.65333,1.89444,-0.985,0.013,-0.192,1.48444,0.10556,-1.67333
150452,-0.445,-0.091,0.049,1.54222,-0.26778,1.31778,-0.979,0.067,-0.22,1.38,0.00778,-1.14
150555,-0.502,0.082,-0.058,-0.11333,0.08,-0.04,-0.934,-0.164,-0.269,0.58,-0.15222,-1.17
150653,-1.405,0.868,0.474,1.04333,0.34667,-0.80111,-1.088,-0.077,-0.204,0.51889,-0.15444,-0.75556
150755,-1.3,0.386,0.021,0.46778,-0.27889,-0.40222,-1.278,-0.213,-0.25,0.94,-0.11,-0.35778
150851,-0.291,-0.58,-0.867,-1.19111,-0.69778,0.06111,-1.252,0.041,-0.17,0.33889,0.12889,1.22778
150954,-0.865,-0.035,0.563,-0.51,-0.16,-1.27,-1.401,-0.38,-0.313,0.42333,0.52,2.63
151057,-0.995,-0.034,0.091,-0.78889,-0.02444,-1.56222,-1.159,-0.177,-0.126,-2.01778,0.74444,1.77222
151153,-0.931,-0.117,0.216,-1.12222,0.13444,-1.19889,-0.62,-0.096,-0.052,-1.55556,0.23667,1.14667
151254,-0.955,-0.131,0.256,-0.46333,0.31889,-1.06333,-0.554,0.091,0.11,-0.09889,-0.24111,-0.14889
151354,-0.93,-0.15,0.364,-0.79556,-0.07,-0.44222,-1.515,0.855,-0.27,-1.30111,0.14333,-0.39667
151445,-1.209,-0.083,0.455,-1.25444,0.03778,-0.1,-1.178,0.236,0.114,-1.37667,-0.33889,-0.51
151540,-1.152,0.101,-0.07,0.12,-0.08333,2.31111,-0.7,-0.872,0.087,1.76444,0.37,-1.72889
151651,-1.33,-0.246,0.393,0.64111,-1.05444,2.33,-0.906,-0.027,0.036,-0.15667,0.05,-1.28778
151755,-0.777,-0.036,0.174,2.18444,-0.65778,1.82778,-0.906,-0.082,-0.232,1.43,0.13556,-1.28444
151852,-0.488,-0.106,-0.012,1.25889,-0.05778,0.66444,-0.927,-0.156,-0.27,1.39667,-0.05111,-1.4
151957,-0.547,0.418,0.118,-0.14778,0.26,-1.00889,-0.956,0.083,-0.144,0.46111,0.02222,-0.98556
152058,-1.131,0.795,0.39,0.22,-0.59111,0.45667,-1.014,-0.444,-0.257,0.92,-0.06667,-0.32667
152161,-1.179,0.327,0.553,1.02,-0.27,0.10111,-1.318,-0.094,-0.309,0.81556,-0.06444,0.23444
152262,-0.942,-0.254,0.496,-0.80111,-0.25556,-1.04778,-1.136,-0.087,0.019,-0.36111,0.01778,2.97
152354,-0.975,0.039,0.084,-0.73778,-0.02222,-1.42111,-1.128,-0.266,-0.309,-2.05778,0.83889,1.97556
152460,-0.857,-0.114,0.278,-1.39667,0.10333,-1.15889,-0.735,-0.065,-0.062,-1.67778,0.57556,1.51333
152555,-0.905,-0.045,0.315,-1.14333,0.20778,-0.87778,-0.536,-0.139,0.074,-0.44778,0.00556,0.36
152662,-0.873,-0.039,0.237,0.08111,0.14222,-0.91889,-1.054,0.75,-0.406,0.31111,-0.32556,-0.96556
152757,-0.91,-0.302,0.192,-0.95444,-0.07111,-0.44556,-0.699,0.461,-0.081,0.38222,0.35333,0.98333
152861,-1.25,-0.081,0.165,-0.96556,-0.08222,0.34556,-0.747,0.209,0.021,-1.49556,0.14,-0.56
152963,-1.189,-0.073,0.017,0.77222,-0.33667,2.70778,-0.813,-0.183,-0.218,0.32,0.52667,-1.02
153056,-1.15,-0.297,0.333,1.55889,-0.9,2.07,-0.927,0.07,-0.066,0.75556,0.17778,-1.43111
153162,-0.73,-0.025,0.158,2.06556,-0.54,1.46778,-0.944,-0.021,-0.182,1.39889,0.05,-1.19111
153261,-0.496,-0.077,-0.083,0.30222,-0.15,0.39,-0.875,-0.211,-0.288,1.43333,-0.11556,-1.38444
153357,-0.556,0.457,0.324,0.02111,0.48444,-1.12556,-0.997,0.083,-0.114,0.2,-0.08,-1.14
153460,-1.0,0.705,0.154,-0.82444,-0.69444,0.19222,-1.109,-0.369,-0.279,0.97889,-0.06333,-0.31667
153562,-1.283,0.764,0.591,2.77333,-0.53667,0.42444,-1.376,0.038,-0.311,0.44889,-0.05444,0.68222
153646,-0.882,-0.447,0.782,-1.07444,-0.34444,-1.53444,-1.252,-0.34,-0.245,0.21778,0.25444,2.94889
153757,-0.96,0.027,0.2,-1.34,-0.04333,-1.24556,-1.146,-0.241,-0.096,-2.08889,0.82333,2.01222
153854,-0.907,-0.021,0.311,-1.08889,0.20111,-1.02111,-0.622,-0.058,-0.005,-1.51667,0.55556,1.31
153940,-0.896,0.007,0.317,-0.76,0.30667,-1.06,-0.426,-0.083,0.075,-0.08222,-0.09889,-0.00778
154057,-0.938,-0.069,0.329,-0.12222,0.25222,-0.94667,-1.601,1.118,-0.604,0.25111,-0.25889,-0.51222
154154,-0.969,-0.209,0.061,-1.03,-0.19222,-0.3,-0.639,0.47,-0.009,-0.55444,0.24889,0.39
154252,-1.392,0.06,0.23,-0.81111,-0.01111,1.08111,-1.399,0.773,0.034,-1.20556,0.50444,-0.09444
154355,-1.421,-0.284,0.405,0.23444,-0.8,2.60444,-1.077,-0.245,-0.536,-0.14889,-0.02333,-1.41
154449,-1.065,-0.253,0.216,2.38,-0.69889,1.85111,-0.975,0.004,-0.11,1.33556,0.17222,-1.71111
154553,-0.524,-0.075,0.096,1.29778,-0.41333,1.12667,-0.957,-0.04,-0.195,1.32,-0.02444,-1.20222
154643,-0.461,0.006,-0.037,0.18667,0.11778,-0.29333,-0.955,-0.246,-0.207,0.43,-0.27,-0.99
154754,-1.588,0.994,0.333,0.66556,0.2,-0.95,-1.03,-0.104,-0.21,0.55222,-0.11889,-0.94778
154855,-0.894,0.641,-0.11,0.32,-0.33889,-0.03556,-1.265,-0.268,-0.076,0.69667,-0.10111,-0.62556
154939,0.124,-0.606,-0.296,-1.79111,-0.46,-0.87333,-1.337,-0.035,-0.3,0.46889,0.25,0.53778
155052,-0.824,-0.081,0.24,-0.63889,-0.04,-1.25556,-1.255,-0.263,-0.043,-0.15778,0.10889,3.04111
155139,-0.945,0.063,0.243,-0.36222,-0.04667,-1.24,-1.206,-0.317,-0.319,-1.65,0.72444,2.28889
155257,-0.893,-0.12,0.219,-1.61667,0.06444,-1.1,-0.595,-0.03,-0.085,-1.64556,0.64,1.41556
155347,-0.899,-0.045,0.318,-0.7,0.26,-1.04667,-0.428,-0.099,0.132,-0.42,-0.01333,0.02
155454,-1.08,0.067,0.385,-0.25667,0.14667,-0.80333,-1.622,0.984,-0.454,-0.35778,-0.23889,-0.36667
155552,-1.086,-0.045,0.256,-1.29222,-0.09,0.06778,-0.974,0.433,0.016,-0.68667,0.15,0.01
155651,-1.242,0.177,0.194,-0.51778,0.11,1.98333,-1.07,-0.156,0.126,0.15444,0.24,-1.21
155743,-1.411,-0.186,0.349,0.43444,-1.09778,2.36667,-0.967,-0.168,-0.184,-0.50778,-0.08667,-1.37111
155839,-0.866,-0.19,0.396,2.62333,-0.88667,1.86778,-0.923,-0.014,-0.145,1.61556,0.20333,-1.55
155954,-0.423,-0.041,-0.137,1.61222,-0.21667,0.43,-1.076,0.115,-0.196,0.86667,-0.07667,-0.94222
156052,-0.512,0.388,0.115,-0.73889,0.12111,-0.81444,-0.92,-0.183,-0.138,0.3,-0.00778,-0.83667
156155,-1.299,0.789,0.239,1.03667,0.08222,-0.15111,-0.989,-0.286,-0.345,0.84333,-0.09333,-0.60333
156253,-1.328,0.292,0.229,0.70889,-0.05222,-0.18222,-1.285,-0.149,-0.359,0.84111,-0.35222,-0.61222
156354,-0.883,-0.24,-0.633,-1.98667,-0.07,-1.20444,-1.172,-0.01,0.046,0.41667,0.3,1.52444
156456,-0.867,-0.089,0.372,0.07444,0.2,-1.05889,-1.393,-0.494,-0.39,0.32222,0.94111,2.57333
156555,-0.947,0.004,0.264,-1.28778,-0.16,-1.21,-1.164,-0.252,-0.049,-2.37556,0.5,2.11444
156654,-0.891,-0.043,0.192,-1.07444,0.05333,-1.11,-0.519,-0.066,-0.009,-1.16,0.29667,1.17222
156751,-0.878,-0.071,0.373,-0.54778,0.28444,-0.96889,-0.485,0.052,0.045,0.13444,0.18667,-0.33778
156854,-0.933,-0.171,0.322,-0.68556,0.12,-0.76667,-1.584,0.776,-0.369,-1.54556,-0.17333,-0.53
156953,-1.337,-0.194,0.346,-1.37444,0.12778,-0.32222,-1.036,0.319,0.136,-0.98,0.10222,0.17889
157054,-1.219,0.028,0.135,-1.00333,0.00667,1.31,0.166,-0.906,0.369,-0.62778,0.35444,0.71667
157154,-1.402,-0.284,0.386,0.03778,-1.05667,2.15889,-0.87,-0.012,-0.008,-0.88556,0.12889,-1.01889
157253,-1.126,-0.159,0.24,2.86222,-0.71,1.65667,-0.966,-0.053,-0.216,1.59444,0.23333,-1.63778
157354,-0.564,-0.076,0.059,1.62778,-0.33333,1.30444,-0.95,-0.027,-0.225,1.58889,-0.01444,-1.26111
157458,-0.543,0.132,-0.102,0.10222,-0.08222,0.25333,-0.962,-0.24,-0.212,0.87667,-0.30111,-1.13
157551,-1.278,0.926,0.32,0.57222,0.39,-0.89444,-1.049,-0.072,-0.07,0.66,-0.05889,-0.83556
157653,-0.918,0.442,0.172,0.33333,-0.31222,-0.35444,-1.326,-0.097,-0.323,0.78,-0.19222,-0.38222
157753,-0.401,-0.311,-0.349,-0.97556,-0.75,-0.32778,-1.208,0.019,0.02,0.06111,0.07556,1.64444
157849,-0.981,-0.025,0.308,0.23222,0.12778,-1.29333,-1.431,-0.469,-0.441,0.90444,1.09,2.39889
157951,-0.94,-0.021,0.133,-1.32222,-0.12667,-1.41444,-1.133,-0.192,-0.089,-2.72111,0.74333,1.86778
158044,-0.924,-0.048,0.247,-1.57,0.06667,-0.87,-0.559,-0.153,0.035,-1.47889,0.32,0.87111
158143,-0.844,-0.091,0.258,-0.41778,0.30889,-1.02111,-0.524,0.121,0.178,0.37333,-0.15111,-0.63556
158253,-0.982,-0.111,0.348,-0.44556,0.14889,-0.84222,-1.383,0.917,-0.266,-1.43444,0.19778,0.10444
158339,-1.327,-0.217,0.398,-1.27222,0.16,-0.43889,-0.999,0.208,0.108,-1.51556,-0.28889,-0.11444
158454,-1.295,-0.054,0.353,-1.12333,-0.12778,1.49444,-0.785,-0.408,-0.003,1.87889,0.42889,-1.69889
158542,-1.383,-0.255,0.296,0.50444,-1.03444,2.30556,-1.025,-0.1,-0.049,-0.73,0.01,-1.29
158653,-1.059,-0.17,0.137,2.98667,-0.60444,1.76556,-0.976,-0.088,-0.363,1.55333,0.23444,-1.50778
158746,-0.526,-0.101,0.069,1.37556,-0.21667,1.30111,-0.943,-0.084,-0.155,1.49667,0.09,-1.17111
158851,-0.512,0.075,-0.11,0.05,0.13778,-0.29444,-0.937,-0.197,-0.176,0.58778,-0.13667,-1.02
158949,-1.662,1.206,0.529,0.73333,0.18778,-0.66889,-1.011,-0.124,-0.334,0.84333,-0.13333,-0.28778
159044,-0.938,0.408,0.236,0.73667,-0.08778,-0.39444,-1.274,0.011,-0.249,0.68667,-0.16778,-0.36
159152,-0.637,-0.539,-0.657,-1.36778,-0.16333,-0.70444,-1.093,0.135,0.137,0.31778,-0.01333,1.94333
159254,-0.96,-0.016,0.266,0.03111,0.17,-1.08556,-1.392,-0.33,-0.378,-0.39333,1.17444,2.37111
159355,-0.861,-0.177,0.142,-1.34778,-0.17444,-1.37222,-1.06,-0.151,-0.098,-2.49889,0.62778,1.81111
159452,-0.929,-0.083,0.254,-1.62,0.11444,-1.06444,-0.498,-0.204,0.063,-1.48889,0.05444,0.71889
159553,-0.961,0.061,0.352,-0.42889,0.22,-0.91111,-0.574,0.293,-0.015,0.67333,-0.19,-0.91222
159651,-0.869,-0.224,0.344,-0.72556,-0.04556,-0.34889,-1.149,0.77,-0.039,0.41111,0.54778,0.70889
159748,-1.15,0.032,0.175,-0.67778,0.08444,-0.42667,-0.884,0.175,0.109,-2.10444,0.28222,-0.57222
159850,-1.056,0.062,0.133,0.01222,-0.03444,2.45889,-1.641,-0.038,-0.716,1.99111,0.57556,-0.93333
159940,-1.329,-0.333,0.293,1.65,-1.19444,2.03889,-0.968,0.037,0.066,0.30111,0.16,-1.42111
160049,-0.806,-0.043,0.155,2.16778,-0.62667,1.72667,-0.877,-0.07,-0.279,1.55778,0.10889,-1.23778
160153,-0.437,-0.19,-0.046,1.15111,0.15889,0.62667,-0.889,-0.019,-0.252,1.32444,-0.01556,-1.11889
160240,-0.538,0.496,0.068,-0.76222,0.42667,-0.75,-0.83,0.058,0.025,-0.01889,-0.18333,-1.30556
160354,-1.049,0.82,0.126,-0.11889,-0.50444,0.64667,-0.957,-0.387,-0.195,0.48556,-0.09778,-0.56333
160449,-1.154,0.458,-0.031,2.05111,-0.35111,-0.14,-1.334,-0.07,-0.299,0.41,-0.13,-0.29222
160552,-2.037,0.232,0.886,0.14556,0.49,-0.87667,-1.12,0.018,0.152,0.35222,0.06667,2.10111
160651,-1.024,-0.105,0.618,-0.77,0.16889,-1.34,-1.317,-0.325,-0.269,-0.67,0.91,2.54778
160751,-0.937,0.016,0.153,-0.94667,0.03444,-1.30333,-0.939,-0.114,-0.075,-2.10111,0.53889,2.07111
160845,-0.856,-0.027,0.187,-1.39111,0.08778,-1.09,-0.487,-0.187,0.037,-0.97667,0.05,0.91778
160946,-0.856,0.01,0.148,-0.23,0.19,-1.18,-0.589,0.356,-0.188,0.70111,-0.3,-0.95
161051,-0.893,-0.27,0.299,-0.39,0.21,-1.00889,-1.454,0.74,-0.299,-1.00889,0.42,0.83889
161149,-1.431,-0.107,0.519,-1.51778,0.07667,-0.52778,-1.345,0.344,0.191,-1.38222,-0.24222,-0.54556
161250,-1.285,0.074,-0.088,-0.52222,-0.39667,1.81444,-0.173,-0.757,0.239,2.02333,0.36778,-1.85667
161351,-1.301,-0.415,0.353,2.48111,-1.08222,2.15778,-0.728,-0.01,0.018,-0.29778,-0.00889,-1.29778
161445,-1.055,-0.118,-0.062,1.66111,-0.46,2.17333,-0.923,0.031,-0.259,0.85111,0.02778,-1.54
161552,-0.411,-0.145,0.211,0.93,-0.13778,1.02889,-0.908,-0.036,-0.078,1.35889,0.01333,-1.54667
161650,-0.52,0.208,-0.021,-0.08,0.32111,-0.49111,-1.062,-0.018,-0.103,0.14556,-0.16,-1.07778
161753,-1.318,0.788,0.629,0.25889,0.05222,0.0,-0.879,-0.411,-0.36,0.88111,-0.15,-0.40778
161848,-1.132,0.251,0.028,0.87111,-0.34111,0.01889,-1.216,-0.151,-0.208,0.60222,-0.31889,-0.73333
161936,-0.713,-0.261,-0.246,-1.81,-0.03,-1.55,-1.236,0.018,-0.042,0.44,0.24444,1.27889
162050,-0.862,-0.076,0.241,0.19,0.15111,-1.25667,-1.364,-0.5,-0.446,0.25333,0.94,2.60222
162136,-0.953,-0.014,0.177,-1.31667,-0.06667,-1.40778,-1.099,-0.187,0.005,-2.29889,0.64111,1.96111
162248,-0.934,-0.058,0.241,-1.30778,0.11222,-1.11,-0.61,-0.065,-0.06,-1.09778,0.17778,1.19889
162355,-0.905,-0.14,0.355,-0.43333,0.33222,-1.03778,-0.478,0.078,0.076,0.25889,-0.10111,-0.21556
162455,-0.937,0.0,0.279,-0.62444,0.02,-0.68,-1.459,0.826,-0.511,-1.02444,-0.20333,-0.76
162555,-1.27,-0.177,0.416,-1.16111,0.07111,-0.25889,-1.102,0.456,0.237,-0.55556,-0.06667,0.17889
162654,-1.418,0.041,0.11,-0.25111,-0.17667,1.95889,-0.144,-0.774,0.155,0.01333,0.53556,0.32333
162755,-1.519,-0.264,0.341,0.27778,-1.09,2.45556,-1.052,-0.127,-0.133,-0.10667,-0.01222,-1.34556
162854,-1.014,-0.154,0.193,2.69222,-0.53333,1.80889,-0.929,-0.004,-0.252,1.40889,0.22222,-1.59222
162956,-0.468,-0.072,0.042,1.41778,-0.13667,0.84,-0.918,-0.013,-0.189,1.25667,-0.09667,-1.55222
163054,-0.454,0.276,-0.001,-0.58667,0.01444,-0.47889,-1.074,0.307,-0.264,-0.1,-0.08222,-0.86
163158,-1.651,1.001,0.578,1.43,-0.20222,0.07111,-0.973,-0.419,-0.549,0.93556,-0.11333,-0.42222
163252,-1.212,0.217,-0.002,0.34667,-0.15,-0.52667,-1.104,-0.148,-0.199,1.12333,-0.27444,-0.41333
163351,-0.311,-0.466,-0.828,-1.54667,-0.02111,-0.77778,-1.175,0.0,0.035,0.11778,0.02111,1.36
163453,-0.888,-0.115,0.437,-0.09111,0.19111,-0.91556,-1.493,-0.412,-0.352,0.15778,0.91,2.29111
163551,-1.001,-0.038,0.273,-1.30667,-0.01,-1.28111,-1.194,-0.111,-0.054,-2.45333,0.52333,1.73667
163652,-0.867,-0.025,0.297,-1.40333,0.11889,-1.27222,-0.537,-0.164,0.028,-1.62444,0.16333,0.86778
163748,-0.888,-0.026,0.316,-0.75889,0.47,-1.24444,-0.433,0.029,0.197,0.81556,-0.08556,-0.05444
163854,-0.918,-0.087,0.447,-0.58333,0.11556,-0.63444,-1.703,1.124,-0.463,-1.43,0.17778,-0.13556
163950,-1.237,-0.141,0.46,-1.35111,-0.00667,-0.19556,-1.154,0.391,0.01,-1.61778,-0.26667,-0.17
164051,-1.148,0.212,-0.176,-0.01,0.10444,2.47556,-0.755,-0.707,0.245,1.85,0.48222,-1.49111
164149,-1.332,-0.349,0.445,0.66333,-1.24111,2.55333,-0.955,0.02,-0.188,0.25778,0.09556,-1.24778
164238,-0.902,-0.049,0.151,2.4,-0.77,2.02,-0.881,0.015,-0.152,1.01556,0.11,-1.39
164351,-0.374,-0.132,0.053,1.11333,-0.21222,0.43111,-0.936,0.032,-0.138,1.38,0.03556,-1.23
164449,-0.643,0.446,0.23,-0.07333,0.52222,-1.3,-0.921,0.01,-0.087,0.45333,-0.04444,-1.24667
164546,-1.085,0.678,0.407,0.20444,-0.50333,0.56111,-0.994,-0.28,-0.315,0.96,-0.06,-0.55444
164642,-1.104,0.218,0.201,1.75,-0.22,-0.36333,-1.289,-0.139,-0.172,0.82,-0.12,-0.40333
164748,-0.901,-0.131,0.075,-0.23111,0.28,-0.95889,-1.145,0.15,0.225,0.47778,-0.00556,2.23667
164849,-1.06,-0.029,0.101,1.02222,0.03889,-1.35444,-1.32,-0.267,-0.43,-0.73222,1.05667,2.40778
164949,-0.917,-0.047,0.146,-1.81222,-0.21667,-1.37,-0.804,-0.024,-0.001,-2.28778,0.69556,1.70667
165048,-0.855,-0.049,0.314,-1.35556,0.15778,-1.18667,-0.517,-0.153,0.013,-1.04111,0.16889,0.44111
165149,-0.969,0.075,0.394,-0.06222,0.32111,-0.99,-0.811,0.441,-0.08,-0.00889,-0.22,-1.21
165246,-1.002,-0.267,0.357,-1.09889,-0.05,-0.38667,-1.063,0.752,-0.11,-0.18222,0.48,0.57111
165348,-1.279,0.116,0.296,-1.32111,-0.05444,0.33444,-1.24,-0.004,-0.112,-1.84,0.05444,-0.76778
165448,-1.338,-0.262,0.288,0.38778,-0.47556,2.70444,-1.231,-0.161,-0.74,0.9,0.43667,-0.54889
165548,-1.144,-0.291,0.257,2.33,-0.93222,2.01778,-1.014,-0.017,-0.159,1.08,0.3,-1.51
165650,-0.602,-0.066,0.124,1.52222,-0.58222,1.58778,-0.958,-0.025,-0.153,1.40444,0.05111,-1.16889
165748,-0.408,-0.109,-0.02,0.47,0.06,0.10889,-0.985,-0.17,-0.218,0.99778,-0.14,-1.00111
165848,-1.143,0.934,0.347,0.06,0.71111,-1.42444,-1.041,-0.086,-0.295,0.84111,-0.13889,-0.98556
165948,-0.911,0.515,-0.161,-0.44,-0.51778,-0.02778,-1.26,-0.185,-0.218,0.58556,0.02778,-0.34444
166049,-0.517,0.35,0.107,2.66111,-0.68,0.16444,-1.296,0.084,-0.197,0.18111,0.1,1.04333
166149,-1.129,-0.216,0.687,-1.51222,-0.51778,-1.52556,-1.362,-0.566,-0.583,1.18889,0.69778,2.48889
166250,-0.988,0.032,0.25,-1.40556,0.08,-1.40556,-1.211,-0.204,0.008,-2.32222,0.60333,1.82778
166347,-0.887,-0.036,0.264,-1.02,0.17556,-1.22,-0.541,-0.092,0.031,-1.07,0.28333,1.31
166451,-0.902,-0.035,0.354,-0.63,0.30444,-0.94111,-0.479,-0.025,-0.007,0.24889,-0.04556,-0.03111
166547,-0.958,0.013,0.272,-0.34778,0.05111,-0.86222,-1.607,1.051,-0.644,-1.28444,-0.26556,-0.58
166649,-1.263,-0.032,0.24,-1.28222,-0.11667,-0.22778,-1.067,0.309,0.108,-1.16111,0.08111,0.14
166748,-1.249,0.071,0.155,-0.65,-0.05333,1.94,-0.953,-0.133,-0.147,0.83222,0.26111,-0.54889
166845,-1.42,-0.22,0.437,0.35556,-1.11222,2.34,-1.057,-0.113,-0.192,0.05111,-0.12667,-1.39667
166940,-0.865,-0.058,0.106,2.76444,-0.56,1.91,-0.939,-0.014,-0.13,1.02556,0.20333,-1.01667
167048,-0.495,-0.075,0.049,0.98111,-0.04222,0.80889,-0.914,-0.052,-0.285,1.55333,0.03556,-0.86556
167147,-0.485,0.285,0.08,-0.59,0.14222,-0.71111,-0.884,-0.102,-0.181,0.27,-0.00778,-1.15333
167250,-1.52,1.041,0.474,0.81889,-0.25889,-0.33333,-1.067,-0.207,-0.451,0.44444,-0.29889,-0.82667
167349,-1.334,0.405,-0.188,0.55222,-0.09111,-0.54889,-1.293,-0.091,-0.225,1.02,-0.12889,-0.3
167450,-0.728,-0.285,-0.461,-1.42889,0.08333,-1.22889,-1.083,0.023,0.193,-0.15222,0.09444,2.14778
167549,-0.85,-0.041,0.21,0.29111,0.31,-1.07,-1.324,-0.267,-0.3,-0.50778,0.97,2.35778
167639,-0.929,-0.036,0.344,-1.33556,-0.06556,-1.25,-0.977,-0.071,-0.072,-2.06667,0.46111,1.76444
167748,-0.917,-0.018,0.259,-0.9,0.08444,-1.14,-0.588,-0.166,0.0,-1.18222,0.07444,0.73556
167846,-0.94,-0.05,0.259,-0.51,0.27,-1.10222,-0.59,0.229,-0.011,0.84778,-0.35556,-0.84333
167949,-0.895,-0.238,0.447,-1.03778,-0.01444,-0.6,-1.318,1.048,0.116,-0.46,0.40778,0.34778
168046,-1.177,0.026,0.435,-1.22,0.01222,-0.08,-1.122,0.383,-0.298,-2.39556,-0.24556,-0.08222
168147,-1.204,0.026,-0.033,0.12778,-0.04889,2.44778,-2.103,0.212,-0.914,1.08444,0.28889,-1.54556
168244,-1.205,-0.302,0.433,0.99556,-1.08333,2.15667,-0.995,0.042,-0.124,0.78667,0.18,-1.46667
168347,-0.667,-0.025,0.093,2.16556,-0.72,1.72889,-0.894,-0.056,-0.226,1.18111,0.05111,-1.42
168449,-0.464,-0.176,-0.02,0.75444,0.01333,0.41,-0.949,-0.144,-0.133,1.59111,-0.10556,-1.45778
168552,-0.708,0.498,0.312,0.16222,0.76444,-1.39444,-0.958,0.015,-0.126,0.47,0.01,-1.19111
168644,-0.694,0.547,0.149,-0.37778,-0.80444,1.02556,-1.028,-0.352,-0.19,0.66,-0.03333,-0.33333
168746,-0.829,0.25,0.417,2.21,-0.37778,-0.21444,-1.296,0.09,-0.304,0.61444,0.04778,0.30444
168844,-0.895,-0.13,0.377,-1.00222,-0.56,-1.77889,-1.232,-0.112,0.056,-0.62222,0.01556,3.00444
168948,-0.92,0.068,0.0,-0.72333,0.01,-1.64889,-1.063,-0.266,-0.174,-2.07444,0.92556,2.00111
169043,-0.881,-0.038,0.381,-1.55111,0.09111,-0.96222,-0.652,-0.019,-0.042,-1.51,0.49667,1.42667
169150,-0.888,-0.037,0.352,-0.63,0.15444,-0.73556,-0.551,-0.079,0.076,-0.28889,-0.01889,0.23444
169242,-0.9,-0.04,0.179,-0.08,0.17667,-0.97222,-1.085,0.873,-0.445,0.49556,-0.48667,-1.11889
169347,-0.97,-0.244,0.095,-0.79889,-0.15222,-0.27778,-0.636,0.416,0.105,0.44889,0.35,1.07667
169446,-1.325,0.016,0.296,-0.69222,0.04222,0.73222,-1.156,0.691,-0.228,-2.01667,0.58333,0.04889
169547,-1.42,-0.328,0.315,0.02444,-0.54667,2.81,-1.106,-0.181,-0.684,0.44667,0.16333,-0.97
169647,-1.111,-0.252,0.266,2.63,-0.86667,1.79,-0.955,0.025,-0.111,1.16333,0.17,-1.42444
169746,-0.522,-0.05,0.107,1.89,-0.54889,1.11556,-0.921,0.032,-0.214,1.23556,-0.01889,-1.23
169845,-0.463,-0.064,-0.147,0.27889,-0.12111,-0.19556,-0.914,-0.021,-0.251,1.07667,-0.11556,-1.23222
169942,-1.593,1.011,0.546,0.27556,0.29778,-1.11111,-0.882,-0.043,-0.217,0.43,-0.18444,-1.00667
170046,-0.515,0.56,0.072,-0.68444,-0.54222,0.20667,-1.15,-0.129,-0.032,0.65667,0.01778,-0.55
170144,-0.83,0.423,0.097,1.76889,-0.87556,0.15778,-1.364,0.057,-0.354,0.52444,-0.11222,0.46444
170247,-0.964,-0.326,0.527,-1.32778,-0.04444,-1.39222,-1.331,-0.402,-0.378,0.30111,0.14,2.80778
170346,-0.88,0.027,-0.069,-1.41444,-0.12222,-1.62667,-1.044,-0.26,-0.144,-2.25778,0.69,1.87
170446,-0.918,-0.109,0.451,-1.45889,0.11778,-1.03,-0.619,-0.047,-0.048,-1.57889,0.35556,1.41
170541,-0.927,-0.115,0.295,-0.44889,0.17,-0.83667,-0.529,-0.016,0.046,0.04222,0.09,0.31111
170646,-0.99,-0.093,0.299,-0.45,0.04444,-0.84556,-1.377,0.954,-0.533,-0.63778,-0.21111,-0.90222
170745,-1.028,-0.106,0.18,-1.37,-0.1,-0.09778,-0.643,0.425,0.23,-0.89111,0.25333,0.28444
170846,-1.36,0.201,0.171,-0.33556,0.02111,1.64556,-1.229,0.557,0.055,-0.56333,0.32222,0.11889
170946,-1.395,-0.316,0.605,0.86889,-1.06889,2.09,-1.073,-0.12,-0.337,0.18,-0.09556,-1.11
171041,-1.041,-0.094,-0.052,2.35,-0.39889,1.74778,-0.998,-0.019,-0.212,1.25333,0.13111,-1.31
171135,-0.476,-0.115,0.16,0.90222,-0.15778,0.91222,-0.888,0.007,-0.153,1.32,0.02,-1.25333
171248,-0.434,0.211,0.085,-0.30667,0.20222,-0.36667,-0.906,-0.1,-0.148,0.15,-0.13222,-1.05556
171349,-1.407,0.967,0.446,0.27556,-0.07,0.02556,-1.011,-0.177,-0.34,0.88,-0.11222,-0.52778
171445,-1.182,0.288,0.009,0.43333,-0.39889,-0.58333,-1.346,-0.034,-0.337,0.87667,-0.24667,-0.51556
171543,-0.972,0.017,-0.472,-1.23222,-0.06,-0.32556,-1.236,0.021,-0.068,0.35,0.06333,1.59333
171648,-0.983,-0.12,0.695,-0.28444,0.32667,-0.87556,-1.45,-0.398,-0.537,0.07,0.83889,2.40333
171748,-1.013,-0.054,0.141,-1.42889,-0.04,-1.42,-1.133,-0.169,-0.017,-2.44111,0.55667,1.83889
171844,-0.877,-0.128,0.227,-1.15556,0.21556,-1.20222,-0.598,-0.118,-0.063,-0.98,0.26556,0.97111
171943,-0.964,-0.078,0.323,-0.07889,0.22,-0.98111,-0.458,0.129,0.126,0.08333,-0.11667,-0.33444
172043,-0.931,-0.199,0.354,-1.11,-0.01667,-0.27667,-1.813,1.042,-0.419,-1.47444,-0.01667,-0.66889
172147,-1.255,-0.016,0.383,-1.33444,0.10556,0.00444,-0.998,0.1,0.195,-1.34889,-0.35556,-0.46444
172240,-1.142,0.036,0.078,-0.06333,-0.01889,2.69333,-1.154,-0.51,-0.127,1.62444,0.28667,-0.75889
172346,-1.291,-0.232,0.296,1.51556,-1.14333,2.10222,-1.006,-0.019,-0.161,0.28778,0.04556,-1.14111
172442,-0.833,-0.031,0.122,1.92222,-0.72667,1.65667,-0.898,-0.092,-0.196,1.56889,0.19111,-1.19889
172541,-0.453,-0.098,0.02,1.40111,-0.05889,0.26444,-0.878,-0.228,-0.149,1.49,-0.21556,-1.31444
172640,-0.654,0.41,0.066,-0.85889,0.39667,-1.12,-0.925,0.001,-0.235,0.86333,0.01222,-0.50556
172742,-1.083,0.714,0.208,0.64667,-0.63,0.83222,-0.913,-0.318,-0.22,0.04,-0.06556,-0.23
172853,-1.061,0.458,0.6,1.72222,-0.42,0.80333,-1.223,-0.061,-0.103,0.7,-0.11222,-0.02778
172952,-0.962,-0.068,0.28,-0.71667,-0.45111,-1.15333,-1.28,-0.08,0.023,-0.18222,-0.20333,2.68111
173053,-1.018,0.044,0.267,-0.45333,-0.07667,-1.41444,-1.176,-0.187,-0.092,-2.28,0.8,2.00222
173150,-0.85,-0.011,0.247,-1.31,0.05,-1.31667,-0.697,-0.052,-0.004,-1.06667,0.34333,1.43111
173253,-0.945,0.096,0.344,-0.83,0.07111,-0.87111,-0.602,-0.201,0.009,-0.87556,0.13,-0.05444
173350,-0.896,-0.033,0.23,-0.72778,0.28,-0.82889,-1.086,0.685,-0.338,0.57111,-0.43111,-0.98
173449,-1.043,-0.115,0.13,-0.36778,-0.00333,-0.50889,-0.688,0.605,0.055,1.31,0.34222,1.12
173545,-1.412,0.004,0.521,-0.86,0.00778,0.74556,-1.335,0.38,-0.516,-2.32222,0.23222,-0.19778
173648,-1.432,-0.298,0.237,-0.13889,-0.80889,2.73,-1.222,-0.071,-0.692,-0.05444,0.19,-1.58222
173746,-1.075,-0.261,0.182,2.61111,-0.69667,1.85889,-0.95,0.032,0.024,0.98111,0.20222,-1.67444
173847,-0.522,-0.029,0.138,1.23444,-0.37778,1.1,-0.967,-0.112,-0.237,1.69667,0.04333,-1.32444
173942,-0.455,-0.066,-0.044,0.56778,0.15444,-0.37111,-0.997,-0.054,-0.233,0.56889,-0.11667,-0.97
174048,-1.537,1.093,0.392,-0.50778,0.52778,-1.53556,-1.053,-0.022,-0.348,1.15556,-0.24444,-0.68444
174150,-0.906,0.433,-0.2,0.37667,0.02889,-0.01667,-1.261,-0.053,-0.159,0.51333,-0.08111,-0.26778
174251,-0.789,-0.675,-0.353,-1.33667,-0.18778,-0.79889,-1.125,0.013,0.061,0.23222,-0.06667,2.40889
174346,-0.88,-0.129,0.454,-0.50222,0.15333,-1.25,-1.3,-0.294,-0.32,-1.49778,1.11778,2.03222
174436,-0.911,-0.022,0.199,-0.86222,0.16222,-1.23889,-0.934,-0.044,0.059,-2.06889,0.66556,1.66667
174532,-0.974,-0.092,0.207,-0.95222,0.08889,-0.67556,-0.664,-0.169,-0.038,-1.22778,-0.18778,0.45889
174643,-0.882,-0.055,0.204,-0.69222,0.09889,-0.66778,-0.618,0.375,-0.001,1.03444,-0.49,-0.34
174741,-0.965,-0.183,0.336,-0.82444,0.03556,-0.45,-1.201,0.914,-0.185,-0.56778,0.2,-0.23222
174846,-1.291,0.058,0.501,-1.38444,0.25667,-0.14,-1.296,0.148,0.124,-1.04,-0.14111,-0.22
174938,-1.271,-0.091,-0.055,0.71111,-0.07,2.58889,-0.946,-0.602,-0.464,0.96556,0.52667,-1.0
175044,-1.262,-0.25,0.267,1.27556,-1.14333,2.12,-1.014,0.082,-0.042,0.03667,0.18,-1.31556
175143,-0.668,-0.031,0.212,1.84778,-0.75111,1.67222,-0.921,-0.056,-0.217,1.25111,0.16667,-1.25222
175244,-0.479,-0.125,-0.055,1.55444,-0.02778,0.13333,-0.904,-0.205,-0.203,1.65667,0.0,-1.10556
175345,-0.778,0.56,0.308,-0.26556,0.29444,-1.15222,-1.041,0.025,-0.145,1.22,-0.01,-1.03889
175438,-1.055,0.66,0.108,0.32,-0.46556,0.47111,-1.038,-0.206,-0.237,0.80556,-0.04889,-0.24889
175543,-1.326,0.444,0.731,1.47333,-0.32,-0.24333,-1.425,0.027,-0.318,0.63111,-0.05556,0.57667
175641,-1.032,-0.329,0.75,-1.32667,-0.13778,-0.56222,-1.287,-0.34,-0.271,0.37222,0.26222,2.81667
175745,-0.94,-0.03,0.293,-1.07222,0.04667,-1.28111,-1.166,-0.27,-0.113,-2.20333,0.8,2.02444
175844,-0.885,-0.056,0.281,-1.34667,0.12667,-1.19222,-0.56,-0.06,-0.019,-1.38556,0.41889,1.41222
175946,-0.902,-0.021,0.266,-0.94667,0.26222,-0.88,-0.51,-0.188,0.123,-0.20556,-0.02667,-0.08
176046,-0.951,0.04,0.406,-0.41889,0.19111,-0.85556,-1.524,0.956,-0.49,-0.01667,-0.39778,-1.11222
176145,-1.009,-0.1,0.055,-0.65778,-0.05444,-0.34,-0.607,0.473,0.162,0.87444,0.26889,0.54889
176242,-1.475,0.107,0.34,-0.71111,0.04667,1.31333,-1.075,0.612,-0.405,-2.22111,0.81111,0.72556
176340,-1.421,-0.362,0.514,-0.6,-1.02556,2.58556,-1.265,-0.428,-0.676,0.49889,0.09889,-1.49889
176439,-1.117,-0.196,0.083,3.24222,-0.78333,1.59444,-0.992,-0.008,-0.094,1.16,0.19333,-1.85
176546,-0.351,-0.06,-0.014,0.75444,-0.47,0.99,-0.914,-0.099,-0.134,1.24,-0.12889,-1.52778
176642,-0.435,0.02,-0.055,-0.09333,0.27111,-0.33667,-1.159,0.146,-0.355,0.18,-0.12889,-1.00444
176747,-1.633,1.113,0.333,0.04111,0.08222,-0.72667,-0.986,-0.254,-0.341,0.72222,-0.12,-0.61111
176839,-0.972,0.414,-0.108,1.12667,-0.34556,-0.18,-1.284,-0.11,-0.328,0.88667,-0.07333,-0.42444
176941,-0.425,-0.504,-0.654,-1.45333,-0.65556,-0.31333,-1.145,-0.028,0.076,0.52778,0.12778,1.63889
177033,-0.998,0.007,0.325,0.65111,0.23,-1.16889,-1.455,-0.394,-0.451,1.05667,0.93778,2.39444
177139,-0.997,-0.031,0.355,-1.59111,0.00889,-1.26889,-1.021,-0.083,-0.008,-2.69111,0.42444,1.70333
177244,-0.942,-0.018,0.245,-1.07,0.15444,-1.07778,-0.615,-0.108,0.011,-1.13444,0.18444,0.83111
177340,-0.905,-0.16,0.402,-0.26,0.41889,-0.95889,-0.514,0.17,0.166,0.71889,0.03333,-0.42111
177444,-0.891,-0.029,0.353,-0.41222,-0.00111,-0.64,-1.684,0.983,-0.424,-1.66778,-0.17444,-0.62
177543,-1.282,-0.117,0.303,-1.13667,-0.01,-0.22778,-0.986,0.245,0.156,-1.35778,-0.23444,-0.51889
177642,-1.256,0.05,0.054,-0.62222,-0.11111,2.30667,-0.321,-1.078,0.497,0.13222,0.60556,0.34778
177742,-1.362,-0.213,0.431,0.11333,-1.09667,2.42333,-1.004,-0.082,-0.071,-0.38,-0.04,-1.16222
177837,-0.889,-0.099,0.102,2.94,-0.60778,1.67222,-0.936,0.007,-0.217,1.97222,0.26,-1.34778
177942,-0.428,-0.101,-0.002,1.33,-0.09889,0.50111,-0.904,-0.044,-0.324,1.63778,-0.13,-1.22778
178041,-0.606,0.43,0.247,-0.5,0.27,-1.07889,-0.997,0.128,-0.212,-0.23667,-0.12889,-1.18333
178142,-1.158,0.597,0.323,0.51889,-0.52889,0.63889,-1.033,-0.352,-0.271,0.81667,-0.13111,-0.35111
178242,-1.137,0.142,0.842,0.72889,-0.12667,-0.04667,-1.409,-0.052,-0.314,0.80222,0.00667,0.16333
178343,-1.11,-0.231,0.516,-1.31333,-0.15333,-0.49222,-1.202,-0.106,0.17,-0.43889,-0.08778,3.05333
178447,-1.004,0.065,0.133,-0.03,0.05,-1.42,-1.096,-0.279,-0.202,-1.97111,0.92556,2.15444
178543,-0.83,-0.041,0.25,-1.51889,0.00333,-1.13111,-0.631,-0.033,-0.012,-1.38556,0.50444,1.54556
178645,-0.899,-0.003,0.299,-0.54778,0.27556,-1.07667,-0.535,-0.169,0.012,-0.34,-0.04556,0.16778
178741,-0.933,-0.009,0.242,-0.26889,0.18,-0.85889,-1.052,0.917,-0.374,0.51889,-0.43333,-1.46
178843,-1.034,-0.144,-0.015,-0.66556,-0.28778,-0.25778,-0.572,0.415,0.251,0.17,0.26556,0.52222
178943,-1.403,0.141,0.315,-0.98,-0.04,1.00333,-1.326,0.905,-0.335,-2.01889,0.59,0.20333
179042,-1.397,-0.264,0.286,0.15889,-0.82444,2.61556,-1.085,-0.148,-0.226,-0.59,-0.02111,-1.33
179140,-1.075,-0.179,0.249,2.20222,-0.74556,1.81778,-0.985,-0.068,-0.222,1.36778,0.2,-1.39
179245,-0.528,-0.106,0.043,1.70444,-0.37667,1.02556,-0.908,-0.074,-0.183,1.47444,-0.02889,-1.13222
179342,-0.553,0.021,-0.084,0.22,0.04889,-0.27,-0.988,-0.215,-0.158,0.3,-0.34556,-1.09
179442,-1.661,1.034,0.495,0.17556,0.64667,-1.31667,-1.089,-0.015,-0.251,0.78333,-0.19778,-0.63111
179543,-0.915,0.339,-0.005,-0.23111,-0.59,0.01444,-1.379,-0.052,-0.252,0.75,-0.10556,-0.40889
179638,-0.997,-0.107,-0.516,-1.03111,-0.74778,-0.29778,-1.204,-0.049,0.059,0.20222,0.11222,1.54
179737,-0.967,-0.16,0.6,-0.11667,0.22333,-1.16889,-1.43,-0.376,-0.413,0.88333,1.00556,2.33889
179844,-0.992,-0.03,0.134,-1.51778,-0.09667,-1.41778,-1.072,-0.155,0.011,-2.60444,0.61778,1.79889
179942,-0.912,-0.029,0.232,-1.16,0.11778,-1.04778,-0.574,-0.096,0.004,-0.97444,0.06778,0.85
180027,-0.883,-0.062,0.252,-0.19111,0.28889,-1.01889,-0.497,0.207,0.071,0.70889,-0.03889,-0.67667
180140,-0.953,-0.047,0.394,-0.75,-0.05778,-0.63556,-1.51,0.97,-0.36,-2.00222,0.02222,-0.20222
180242,-1.256,0.083,0.364,-1.34111,-0.03222,-0.01222,-0.937,0.156,0.102,-1.25778,-0.18444,-0.19667
180336,-1.196,0.082,-0.035,0.16667,0.01778,2.3,-1.561,-0.333,-0.481,2.17,0.48,-1.70222
180444,-1.216,-0.31,0.414,0.82222,-1.07,2.22333,-0.843,0.014,0.014,0.5,0.09556,-1.29889
180536,-0.771,-0.026,0.187,2.45444,-0.69,1.63556,-0.854,-0.017,-0.15,1.38222,0.08333,-1.23111
180643,-0.485,-0.105,-0.062,0.87556,0.0,0.44556,-0.931,-0.164,-0.222,1.21222,-0.21,-1.07
180744,-0.64,0.445,0.195,-0.57667,0.31444,-1.09333,-0.951,0.053,0.019,0.28222,-0.00111,-1.16
180843,-0.821,0.687,0.187,-0.56444,-0.61778,0.60333,-1.082,-0.331,-0.259,0.43111,-0.16111,-0.27667
180942,-1.062,0.199,0.791,1.56333,-0.30222,-0.79667,-1.433,0.072,-0.263,0.52889,-0.10778,0.32333
181042,-0.859,0.016,0.223,-0.24,-0.57111,-1.36333,-1.221,-0.313,-0.214,0.11222,0.26556,2.94556
181135,-0.922,-0.035,0.143,-0.48778,0.02889,-1.42333,-1.119,-0.229,-0.128,-1.88333,0.87,1.96
181240,-0.898,-0.104,0.221,-1.18889,0.08,-1.12111,-0.604,-0.056,-0.05,-1.20111,0.58556,1.41
181340,-0.907,-0.046,0.323,-0.81111,0.24,-0.91444,-0.514,-0.066,0.058,-0.33667,-0.05,-0.06778
181442,-0.973,0.1,0.253,-0.25667,0.1,-0.85,-1.353,0.942,-0.431,0.12,-0.36,-0.81
181541,-0.961,-0.179,0.087,-0.78111,-0.21556,-0.11556,-0.724,0.494,-0.145,-0.30778,0.34556,0.5
181642,-1.409,0.154,0.15,-0.46,0.09222,1.61,-0.95,-0.167,0.33,-1.14667,0.87111,0.22222
181739,-1.495,-0.265,0.543,-0.12889,-0.93,2.51444,-1.163,-0.245,-0.521,0.39333,-0.10111,-1.29444
181837,-1.081,-0.151,0.06,2.89,-0.56556,1.66444,-0.97,0.009,-0.192,1.60222,0.08556,-1.44778
181941,-0.421,-0.128,0.031,1.12556,-0.21889,1.0,-0.888,-0.042,-0.182,1.43222,-0.04,-1.23667
182043,-0.5,0.162,0.034,0.01667,0.04556,-0.71889,-0.953,-0.093,-0.199,-0.06222,-0.29889,-1.14
182140,-1.949,0.94,0.928,1.24556,0.31667,-0.59111,-0.968,-0.1,-0.407,1.08111,-0.14,-0.38
182244,-1.337,0.387,0.065,-0.48889,0.03889,-0.77444,-1.214,-0.034,-0.089,1.01,-0.06778,-0.26222
182341,-1.424,-0.007,-0.215,-1.41111,0.21111,-0.83111,-1.116,0.103,0.248,-0.09889,0.0,2.14889
182443,-0.831,-0.023,0.297,0.06,0.24667,-0.94,-1.314,-0.217,-0.313,-0.38556,0.93222,2.32222
182542,-0.895,-0.079,0.24,-1.22,-0.06556,-1.24,-0.857,-0.042,-0.036,-1.96889,0.40222,1.78111
182643,-0.891,-0.015,0.28,-0.97889,0.11889,-1.06222,-0.515,-0.171,-0.03,-0.96444,0.07556,0.67
182744,-0.858,-0.095,0.243,-0.15111,0.23889,-0.89444,-0.69,0.367,-0.111,0.69444,-0.15778,-1.17556
182841,-0.912,-0.291,0.362,-0.92444,-0.02,-0.42333,-1.275,0.909,-0.058,-0.19222,0.55889,0.86111
182943,-1.254,0.053,0.334,-1.44556,0.02222,0.05778,-0.843,0.135,-0.104,-1.68222,-0.01444,-0.84333
183041,-1.274,-0.136,0.052,0.41,-0.12889,2.69667,-0.903,-0.229,-0.244,0.51556,0.43889,-0.70444
183146,-1.152,-0.312,0.457,1.58111,-1.06444,2.25444,-0.911,-0.023,-0.067,0.69556,0.23,-1.38556
183248,-0.695,-0.034,0.179,2.24667,-0.63667,1.68556,-0.916,0.013,-0.07,1.43,0.06333,-1.10333
183349,-0.494,-0.043,-0.111,0.29889,-0.16111,0.13333,-0.961,-0.113,-0.242,1.26222,-0.18111,-1.22
183447,-0.794,0.526,0.311,-0.43444,0.64778,-1.35333,-0.927,-0.064,-0.166,0.31111,0.0,-0.86667
183545,-0.84,0.532,0.156,0.15444,-0.52111,0.39667,-1.157,-0.355,-0.205,0.71556,-0.01444,-0.45556
183646,-1.131,0.309,0.688,1.31,-0.41,-0.59667,-1.231,-0.068,-0.312,0.77222,-0.04,0.23333
183743,-0.763,0.031,0.181,0.18111,-0.11667,-0.97444,-1.165,-0.149,-0.003,-0.40222,-0.05,2.85444
183846,-0.907,0.024,0.116,-0.06556,0.0,-1.21,-1.09,-0.243,-0.177,-1.83778,0.89667,1.91111
183948,-0.88,-0.125,0.391,-1.14556,0.01333,-1.17889,-0.73,0.016,-0.053,-1.44,0.45556,1.47
184046,-0.883,-0.029,0.223,-0.88778,0.15778,-1.01444,-0.538,-0.16,0.079,-0.48556,-0.00444,0.43889
184149,-0.906,-0.035,0.326,-0.38111,0.01111,-0.86444,-1.023,0.723,-0.572,0.10556,-0.71556,-1.25444
184240,-1.072,-0.21,0.12,-0.98667,-0.14667,-0.18444,-0.852,0.602,0.124,0.35889,0.61889,0.71111
184348,-1.285,0.114,0.251,-0.98222,-0.04111,1.3,-1.167,0.364,-0.193,-1.01889,0.22,-0.42
184448,-1.492,-0.337,0.45,-0.12889,-1.06889,2.7,-1.061,-0.105,-0.31,-0.84222,0.05333,-1.08889
184547,-1.079,-0.204,0.19,2.92222,-0.64778,1.69111,-0.986,0.009,-0.211,1.29,0.27111,-1.42111
184629,-0.456,-0.022,0.021,1.09444,-0.26111,0.98,-0.918,-0.071,-0.084,1.58111,0.08333,-1.26333
184740,-0.552,-0.03,-0.036,-0.04222,0.09778,-0.49,-0.972,-0.255,-0.315,0.45556,-0.34111,-1.09667
184831,-1.585,0.976,0.354,1.14667,0.31333,-0.96333,-1.065,-0.054,-0.19,0.91556,-0.07,-0.54556
184927,-0.906,0.5,-0.109,0.78778,-0.20111,-0.55111,-1.31,-0.015,-0.231,0.81889,-0.05778,-0.29667
185041,-0.755,-0.103,-0.38,-1.33,-0.55111,-0.21444,-1.191,-0.018,0.011,0.35444,-0.04556,1.65444
185138,-0.95,-0.213,0.49,-0.31444,0.21,-0.98778,-1.435,-0.304,-0.293,0.59778,0.82,2.27778
185240,-0.948,-0.038,0.208,-1.39,-0.05,-1.34556,-1.029,-0.095,-0.166,-2.07556,0.59778,1.61444
185341,-0.903,-0.103,0.258,-0.95778,0.19,-1.16556,-0.602,-0.107,-0.003,-1.71222,0.22,0.85778
185427,-0.978,-0.093,0.177,-0.1,0.29333,-0.98556,-0.547,0.141,0.075,0.75889,0.21556,-0.41556
185541,-0.912,-0.109,0.433,-1.07222,-0.04,-0.34,-1.767,1.048,-0.535,-2.25778,-0.18333,-0.29889
185632,-1.191,0.033,0.286,-1.15556,0.0,-0.20222,-1.01,0.274,0.169,-1.00889,-0.13778,-0.01333
185728,-1.185,0.103,-0.013,0.49444,-0.21111,2.31,-1.528,-0.226,-0.631,1.99,0.41444,-1.19778
185842,-1.231,-0.264,0.28,1.33222,-1.08667,2.18667,-0.954,0.003,0.024,0.45778,0.09889,-1.50444
185940,-0.765,-0.033,0.177,1.83889,-0.57333,1.79,-0.902,-0.063,-0.181,1.31778,0.04556,-1.10111
186039,-0.454,-0.115,-0.018,0.98,0.10556,0.54,-0.877,-0.212,-0.187,1.07,-0.18,-1.14
186139,-0.58,0.524,0.277,0.08,0.66778,-1.49222,-0.969,0.174,0.034,0.48,0.05667,-1.23667
186243,-0.776,0.398,0.163,0.03,-0.84222,0.77778,-1.145,-0.3,-0.321,0.69222,-0.07889,-0.21222
186342,-1.266,0.383,0.609,2.27,-0.56667,-0.08333,-1.343,0.107,-0.113,0.56667,0.04333,1.32111
186438,-1.219,-0.144,0.625,-1.66889,-0.30778,-1.57111,-1.329,-0.424,-0.345,1.12556,0.81667,2.63
186527,-0.889,-0.026,0.061,-0.37111,-0.07889,-1.39444,-1.14,-0.142,-0.023,-2.15444,0.68889,1.82
186643,-0.902,-0.097,0.339,-1.24111,0.11556,-1.22778,-0.537,-0.06,-0.02,-1.31222,0.32667,1.00222
186738,-0.924,-0.047,0.243,-0.46,0.19556,-1.11444,-0.457,0.061,0.139,0.23111,0.12222,-0.69222
186839,-0.948,-0.041,0.444,-0.66222,-0.04444,-0.62556,-1.663,1.008,-0.721,-1.30444,-0.06,-0.32
186941,-1.154,-0.096,0.302,-1.14667,-0.09444,-0.17889,-0.98,0.235,0.049,-1.43556,0.19,-0.31
187042,-1.282,0.062,0.272,-0.90889,0.01778,2.07889,-1.123,-0.229,0.042,0.19,0.00667,-0.24889
187136,-1.454,-0.19,0.444,0.55556,-0.91778,2.31,-1.059,-0.179,-0.364,0.61778,-0.09,-0.92556
187241,-1.048,-0.071,0.148,2.56778,-0.50333,1.66333,-0.932,0.022,-0.21,1.07889,0.16667,-1.02667
187340,-0.477,-0.044,0.024,0.96111,-0.08,0.76111,-0.942,-0.069,-0.194,1.34111,-0.04889,-1.13333
187441,-0.535,0.255,-0.093,-0.42333,0.19667,-0.61778,-0.985,-0.056,-0.174,0.09667,-0.11889,-0.74778
187539,-1.69,1.146,0.624,1.50444,-0.08111,-0.48,-1.032,-0.207,-0.275,0.73111,-0.18667,-0.55889
187641,-1.243,0.233,0.104,0.61889,-0.24,-0.34333,-1.229,-0.052,-0.515,1.12222,-0.14444,-0.24444
187739,-1.025,-0.686,-0.819,-1.59,-0.02556,-0.76222,-1.187,0.017,0.105,0.09222,0.03222,1.90778
187840,-0.776,-0.041,0.38,0.01,0.23444,-1.08333,-1.331,-0.307,-0.342,-0.97222,1.10222,2.07556
187941,-0.929,0.001,0.113,-1.37556,0.05556,-1.56333,-0.818,-0.05,-0.019,-2.02889,0.45778,1.78222
188039,-0.949,0.064,0.229,-1.13,0.07778,-0.87111,-0.563,-0.204,0.0,-0.90889,0.05333,0.7
188134,-0.957,-0.084,0.242,0.03111,0.10778,-1.05111,-0.706,0.517,-0.197,0.57111,-0.35778,-0.61333
188240,-0.922,-0.287,0.254,-0.90889,-0.10556,-0.39778,-1.276,0.732,-0.319,-0.86,0.15,0.35556
188338,-1.249,-0.004,0.409,-1.50111,-0.03222,0.24778,-1.096,-0.135,0.141,-0.85222,-0.32,-0.72444
188438,-1.227,-0.073,0.08,0.59222,-0.28222,2.75444,-0.805,-0.604,-0.249,1.79,0.57333,-1.53444
188537,-1.227,-0.33,0.368,1.68222,-1.18,2.15333,-0.881,0.097,0.203,0.37,0.12222,-1.17556
188639,-0.609,-0.011,0.142,2.01778,-0.51444,1.62,-0.911,0.004,-0.197,1.74889,0.05778,-0.91889
188734,-0.443,-0.095,-0.083,0.47889,0.05111,0.09444,-0.915,0.0,-0.227,0.97444,-0.11111,-0.85
188834,-0.882,0.752,0.475,-0.55222,0.79556,-1.49444,-0.857,-0.069,-0.016,0.08556,-0.24889,-1.47
188934,-0.562,0.456,-0.033,0.18111,-0.82444,1.10444,-1.125,-0.224,0.036,0.31333,-0.01778,-0.62111
189039,-1.246,0.386,0.683,2.40111,-0.07444,-0.88444,-1.3,-0.067,-0.308,0.53556,0.02,0.55111
189140,-1.02,0.133,0.608,-1.32222,-0.49222,-1.23222,-1.156,-0.118,0.206,-0.58889,0.04667,3.02
189237,-0.959,0.082,0.06,-0.25556,-0.04333,-1.48556,-1.1,-0.274,-0.172,-1.65556,0.73333,1.94889
189335,-0.833,-0.201,0.354,-1.31,0.10778,-1.24333,-0.636,-0.011,-0.063,-1.30667,0.51111,1.40333
189437,-0.858,-0.078,0.183,-0.74556,0.36556,-1.16333,-0.499,-0.119,0.074,-0.39,0.01667,0.32
189535,-0.938,0.134,0.233,-0.52667,-0.10111,-0.70778,-1.159,0.89,-0.365,0.11333,-0.42111,-1.14111
189636,-1.126,-0.28,0.262,-0.75444,-0.2,-0.2,-0.985,0.311,-0.065,0.29,0.23,0.15889
189737,-1.337,0.097,0.203,-1.14778,-0.00556,1.22556,-0.837,0.549,0.103,-1.38222,0.38111,0.77556
189841,-1.385,-0.275,0.537,-0.39111,-0.77333,2.56556,-0.891,-0.353,-0.291,-0.57667,-0.07556,-1.36556
189941,-1.053,-0.133,0.143,2.57889,-0.59889,1.84333,-1.001,-0.042,-0.209,1.68667,0.2,-1.35556
190027,-0.586,-0.096,0.099,1.19778,-0.36,1.24556,-0.917,-0.024,-0.183,1.32444,-0.04,-1.26111
190137,-0.435,0.106,-0.022,0.19778,0.04556,-0.21,-0.99,-0.134,-0.204,-0.07222,-0.18556,-0.90778
190238,-1.665,1.009,0.343,0.19,0.42667,-1.33889,-0.987,-0.133,-0.191,0.97556,-0.15556,-0.49889
190339,-1.101,0.424,-0.129,0.42,-0.28667,-0.17667,-1.304,-0.086,-0.361,0.86222,-0.19333,-0.22889
190438,-0.639,-0.531,-0.644,-1.00778,-0.13333,-0.63333,-1.135,0.071,0.187,0.17444,-0.02667,2.14556
190526,-0.808,-0.144,0.297,0.28444,0.26667,-1.28111,-1.353,-0.32,-0.277,-0.25444,1.10778,2.23333
190635,-0.984,0.004,0.166,-1.38778,-0.01222,-1.21667,-0.882,-0.066,-0.048,-2.07889,0.57778,1.73778
190734,-0.89,-0.063,0.318,-0.99222,0.21444,-1.00111,-0.636,-0.126,0.024,-1.19,0.01667,0.65556
190839,-0.939,-0.051,0.151,0.14,0.19889,-1.03444,-0.555,0.379,-0.055,1.07,-0.17556,-0.86
190936,-0.983,-0.184,0.378,-0.77556,-0.04556,-0.47,-1.421,0.99,-0.094,-0.29889,0.42556,0.68556
191037,-1.29,-0.021,0.354,-1.01111,-0.13667,0.05778,-1.045,-0.056,0.018,-1.35667,-0.19222,-0.35222
191145,-1.258,-0.154,0.058,0.15,-0.14444,2.86111,-1.401,-0.265,-0.624,1.92333,0.40667,-1.16556
191234,-1.111,-0.294,0.336,2.01667,-0.93889,2.03222,-0.918,0.004,0.059,0.72333,0.18667,-1.45
191328,-0.691,-0.017,0.151,1.64444,-0.52556,1.39556,-0.894,-0.02,-0.152,1.56,0.01889,-1.05556
191438,-0.511,-0.127,0.003,0.42778,0.03778,0.26111,-0.894,-0.137,-0.223,0.74556,-0.12444,-0.83333
191537,-0.768,0.637,0.328,0.09444,0.66,-1.39778,-0.95,-0.013,0.114,-0.60111,0.02889,-1.32222
191633,-0.645,0.54,0.024,-0.59889,-0.72444,0.97,-1.002,-0.339,-0.178,0.77444,-0.01444,-0.29
191739,-0.728,0.222,0.226,2.22889,-0.78889,0.47444,-1.318,0.113,-0.438,0.61667,-0.14778,0.22889
191834,-1.105,-0.451,0.316,-1.72444,-0.46778,-1.53111,-1.135,-0.11,-0.016,-0.53667,-0.11556,2.88
191935,-0.854,0.048,0.146,-0.70667,-0.01111,-1.56111,-1.162,-0.268,-0.192,-1.72889,0.86556,2.11444
192035,-0.842,-0.137,0.226,-1.52222,0.13,-1.11222,-0.633,-0.106,-0.086,-1.46111,0.74556,1.68222
192140,-0.862,-0.088,0.289,-0.55667,0.33444,-0.81556,-0.49,-0.091,0.061,-0.51222,-0.01333,0.40889
192240,-0.945,0.045,0.288,-0.26444,0.13444,-0.90667,-1.119,0.924,-0.479,-0.10444,-0.51444,-0.96
192334,-1.053,-0.188,0.118,-1.0,-0.13778,-0.37333,-0.719,0.575,0.071,-0.30333,0.38,0.25889
192435,-1.4,0.085,0.375,-0.97333,0.01556,1.38778,-0.833,0.336,-0.156,-1.79667,0.46111,0.5
192537,-1.437,-0.258,0.38,0.14,-1.08556,2.53111,-1.052,-0.156,-0.298,-0.9,-0.08778,-1.32889
192633,-1.117,-0.219,0.104,2.71,-0.65,1.98889,-0.971,-0.074,-0.223,1.86,0.25556,-1.52222
192732,-0.434,-0.087,0.098,1.15778,-0.29889,1.08889,-0.905,0.019,-0.162,1.49778,0.05,-1.19444
192835,-0.434,0.023,-0.068,0.13889,0.12889,-0.5,-0.924,-0.083,-0.308,0.54,-0.14111,-1.26222
192934,-1.751,1.275,0.532,0.96,0.51556,-0.99111,-1.057,-0.051,-0.445,0.82556,-0.20778,-0.74333
193027,-1.088,0.289,-0.238,-0.19889,-0.07111,0.01444,-1.406,-0.046,-0.213,0.93,-0.03667,-0.52778
193133,-1.134,-0.273,-0.469,-2.07444,-0.16889,-1.14778,-1.076,-0.002,0.252,-0.02778,0.05667,2.37
193231,-0.86,-0.081,0.388,0.42444,0.37,-1.11333,-1.374,-0.259,-0.354,-0.04778,1.01111,2.49889
193333,-0.96,-0.044,0.083,-1.45,-0.18778,-1.23444,-0.861,-0.055,-0.066,-2.23444,0.51556,1.83
193436,-0.916,-0.033,0.364,-1.46667,0.13111,-0.94,-0.5,-0.182,0.019,-1.09444,0.06667,0.42778
193544,-0.91,-0.006,0.227,-0.01556,0.33333,-1.18222,-0.63,0.244,-0.025,0.65889,-0.16889,-1.45556
193643,-0.916,-0.217,0.38,-0.35111,-0.08222,-0.36889,-0.925,0.611,0.003,0.63333,0.58556,1.13556
193743,-1.296,0.021,0.211,-0.91333,-0.04889,-0.18222,-0.592,0.126,-0.108,-1.74889,0.06222,-0.71667
193843,-1.162,0.073,0.043,0.56889,0.03222,2.33556,-0.981,-0.053,-0.368,2.12222,0.76556,-1.37
193944,-1.254,-0.229,0.249,2.51,-0.82444,1.82778,-0.932,0.026,-0.13,0.40111,0.06667,-1.30556
194044,-0.763,-0.046,0.136,0.90111,-0.45,1.76444,-0.856,-0.082,-0.168,1.04111,0.08,-1.58667
194143,-0.459,-0.102,0.118,0.98667,0.05778,0.79,-0.894,-0.109,-0.162,1.28444,-0.15,-1.47556
194244,-0.51,0.296,0.106,-0.10889,0.47778,-0.89,-1.011,0.115,-0.233,0.57889,-0.12333,-1.03
194343,-1.177,0.802,0.336,-0.03111,-0.34444,0.01111,-1.092,-0.318,-0.299,1.05889,-0.06778,-0.17333
194439,-1.433,0.592,0.593,2.17222,-0.23667,-0.31,-1.411,0.075,-0.274,0.33778,0.01333,0.79444
194544,-1.062,-0.084,0.713,-0.36444,-0.20333,-0.89444,-1.27,-0.309,-0.153,0.79444,0.34667,2.86667
194644,-0.923,0.016,0.207,-0.95333,-0.07,-1.37556,-1.122,-0.234,-0.11,-2.02667,0.82,1.88111
194744,-0.901,-0.102,0.224,-1.23333,0.05,-1.22333,-0.519,-0.066,-0.004,-1.64333,0.61333,1.06444
194838,-0.94,-0.062,0.343,-1.03889,0.27889,-1.06667,-0.513,-0.103,0.036,-0.60333,-0.02444,-0.07222
194943,-0.969,0.115,0.3,-0.05889,0.08222,-0.89667,-1.515,0.977,-0.591,0.35889,-0.28778,-0.61667
195037,-0.984,-0.216,0.214,-1.06,-0.17,-0.13444,-0.924,0.395,0.048,0.21778,0.29,0.36
195136,-1.389,0.099,0.312,-0.72889,-0.02333,1.52778,-0.803,-0.011,0.341,-1.21333,0.13333,0.52778
195236,-1.495,-0.272,0.449,0.11889,-0.89667,2.58889,-1.133,-0.153,-0.351,-0.40889,-0.2,-1.23778
195334,-1.09,-0.164,0.022,2.92556,-0.59556,1.77,-0.994,0.026,-0.278,1.72111,0.17556,-1.42333
195436,-0.488,-0.101,0.015,0.99222,-0.35,0.97222,-0.915,-0.014,-0.214,1.45778,0.01667,-1.19
195533,-0.383,0.096,-0.082,-0.40444,0.23778,-0.57222,-0.944,-0.078,-0.26,-0.09444,-0.29889,-1.03222
195635,-1.607,1.089,0.296,1.84333,0.04889,-0.65222,-0.991,-0.207,-0.495,0.73222,-0.2,-0.43222
195734,-0.949,0.585,-0.016,0.57111,-0.13889,-0.36667,-1.122,0.039,-0.163,0.66556,-0.08,-0.25778
195827,-1.829,0.153,0.034,-0.78333,0.41333,-0.56778,-1.252,0.087,0.2,-0.25222,-0.11,2.15778
195937,-0.935,0.037,0.26,0.31222,0.23,-1.17,-1.306,-0.257,-0.382,-0.65222,1.04889,2.22889
196035,-0.886,-0.036,0.194,-1.4,-0.08111,-1.35,-0.816,0.028,-0.037,-1.86889,0.32222,1.79333
196136,-0.877,-0.017,0.244,-1.16667,0.09,-1.04111,-0.556,-0.112,0.004,-0.90556,-0.07,0.68556
196235,-0.873,-0.073,0.339,-0.10778,0.38778,-1.01667,-0.562,0.318,-0.257,1.02,-0.22333,-1.02111
196335,-0.9,-0.262,0.435,-0.74889,-0.00111,-0.40111,-1.213,0.912,0.04,-1.04889,0.47778,0.83778
196437,-1.353,0.037,0.304,-1.18111,0.00111,-0.14667,-1.079,0.019,-0.043,-1.60444,0.17111,-0.59778
196533,-1.181,0.0,0.026,0.46889,-0.04667,2.54778,-1.362,-0.103,-0.511,1.67889,0.50222,-0.79778
196628,-1.146,-0.296,0.351,1.26,-0.96222,2.20444,-0.895,0.067,0.087,0.82889,0.18556,-1.46333
196734,-0.664,-0.017,0.174,1.86333,-0.53556,1.62556,-0.847,-0.009,-0.2,1.60778,0.09444,-1.23
196838,-0.503,-0.137,-0.039,0.86889,0.01111,0.45889,-0.95,-0.102,-0.236,0.63556,-0.25333,-1.03778
196932,-0.655,0.548,0.3,0.02222,0.57222,-1.49333,-0.976,-0.013,-0.055,0.21333,-0.06,-1.13444
197029,-0.658,0.454,0.002,-1.20333,-0.79,0.53333,-1.119,-0.099,-0.093,0.50222,0.02111,-0.27111
197133,-0.955,0.256,0.667,2.59222,-0.48444,-0.39444,-1.387,0.116,-0.213,0.35778,0.01556,0.98333
197238,-1.014,-0.306,0.313,-1.00333,-0.45667,-1.50444,-1.417,-0.457,-0.455,1.11333,0.70444,2.50556
197335,-0.898,-0.062,0.165,-0.99111,-0.09667,-1.51333,-1.092,-0.215,-0.14,-2.45667,0.51,1.77222
197435,-0.903,-0.148,0.327,-1.50222,0.16333,-1.15111,-0.519,-0.102,-0.04,-1.14667,0.29222,1.01
197541,-0.868,-0.134,0.191,-0.51444,0.26444,-0.79556,-0.459,-0.045,0.076,0.08111,-0.03,-0.42222
197636,-0.989,0.019,0.379,-0.35667,0.16778,-0.88,-2.048,1.169,-0.684,-1.37444,-0.16444,-0.31889
197734,-1.225,-0.181,0.302,-1.24,-0.05111,-0.30778,-1.007,0.246,0.023,-1.06333,-0.25444,-0.07333
197835,-1.272,0.176,-0.078,-0.21556,-0.13333,1.97556,-1.217,-0.353,-0.031,1.45222,0.47111,-0.85222
197932,-1.394,-0.239,0.364,-0.15111,-0.97,2.60222,-0.966,0.0,-0.175,-0.03333,-0.01778,-1.30333
198036,-0.878,-0.058,0.149,2.40667,-0.50889,1.86444,-0.93,-0.039,-0.215,1.32111,0.14222,-1.43444
198135,-0.427,-0.135,-0.019,1.32444,0.05,0.66778,-0.928,-0.097,-0.257,1.11444,-0.15444,-1.48889
198234,-0.48,0.29,0.059,-0.68444,0.18444,-1.12333,-0.971,0.041,-0.125,0.06667,0.08222,-1.11778
198336,-1.338,0.609,0.27,0.47333,-0.60222,0.31889,-0.952,-0.449,-0.354,0.61222,-0.06889,-0.34111
198434,-1.349,0.25,0.451,1.44889,-0.2,-0.20889,-1.361,0.009,-0.302,1.1,-0.11222,0.10333
198536,-1.836,0.37,0.33,0.70333,0.31,-0.29,-1.145,0.073,0.348,-0.12667,-0.08222,2.76889
198633,-0.978,-0.069,0.602,-0.90889,0.22222,-1.24,-1.312,-0.223,-0.361,0.03778,0.94778,2.35778
198735,-0.854,-0.086,-0.001,-1.15222,-0.09111,-1.46111,-0.826,-0.053,-0.073,-2.09444,0.56333,1.70444
198833,-0.848,-0.107,0.292,-1.14444,0.26556,-1.20889,-0.442,-0.186,0.055,-1.09,0.09,0.45556
198929,-0.994,0.145,0.348,-0.29444,0.27222,-1.14111,-0.965,0.616,-0.168,0.30222,-0.29,-1.59778
199033,-0.979,-0.234,0.183,-0.70889,-0.08,-0.25667,-0.629,0.621,0.24,0.85778,0.44,1.72889
199136,-1.426,0.071,0.33,-0.69889,-0.12667,0.85,-1.021,0.147,-0.124,-1.78111,0.64222,-0.33
199234,-1.448,-0.364,0.283,-0.10667,-0.90889,2.87222,-0.933,-0.185,-0.28,-0.72444,0.19667,-1.23111
199332,-1.109,-0.269,0.221,2.2,-0.77,1.98333,-0.983,-0.043,-0.171,1.15667,0.18,-1.57
199435,-0.466,-0.026,0.082,1.53889,-0.37,1.16222,-0.968,-0.067,-0.225,1.32444,0.0,-1.33667
199536,-0.404,-0.028,-0.086,0.03333,0.03,-0.33222,-1.001,-0.087,-0.226,0.76556,-0.20778,-1.32222
199635,-1.738,1.223,0.531,0.02333,0.59111,-1.24333,-0.912,-0.211,-0.31,0.91667,0.01444,-0.55111
199735,-0.886,0.35,-0.079,0.71,-0.34444,-0.02333,-1.316,-0.143,-0.209,0.68111,0.03889,-0.36889
199833,-0.801,-0.358,-0.36,-1.41778,-0.57444,0.13667,-1.18,-0.092,-0.01,0.49,0.08333,1.53
199934,-1.097,-0.018,0.573,-0.42111,0.45333,-0.95,-1.476,-0.363,-0.502,1.01111,0.68111,2.45556
200033,-1.009,-0.024,0.163,-1.29,-0.07889,-1.34,-1.052,-0.132,-0.029,-2.49444,0.46444,1.73
200132,-0.91,-0.02,0.226,-1.28,0.18,-1.10222,-0.558,-0.12,-0.021,-1.09444,0.25,0.95778
200231,-0.937,-0.11,0.259,-0.16556,0.41222,-1.05111,-0.5,0.11,0.151,0.47333,-0.13556,-0.57667
200332,-0.881,-0.159,0.384,-0.54778,0.02111,-0.38667,-1.878,1.139,-0.374,-1.95556,0.23667,-0.21444
200433,-1.225,-0.016,0.321,-1.07889,0.04222,-0.17,-0.893,0.111,0.097,-1.45444,-0.37778,-0.39444
200531,-1.247,0.014,0.024,0.59556,-0.18667,2.63444,-1.15,-0.491,-0.199,1.81889,0.42556,-0.69
200632,-1.315,-0.261,0.325,1.45111,-0.97111,2.25222,-0.92,0.023,-0.05,-0.03667,-0.03,-1.14556
200731,-0.703,-0.034,0.169,1.66,-0.50889,1.90889,-0.887,0.011,-0.133,1.27778,0.17889,-1.47
200832,-0.494,-0.101,-0.015,1.01556,0.05,0.64778,-0.893,-0.125,-0.246,1.64889,-0.12889,-1.47
200932,-0.504,0.404,0.162,-0.46889,0.29,-1.34333,-0.992,0.094,-0.132,0.22556,-0.06667,-0.88222
201031,-1.302,0.865,0.428,-0.23667,-0.39667,-0.26889,-1.063,-0.345,-0.372,0.69667,-0.05333,-0.22444
201133,-1.072,0.444,0.553,1.61333,-0.76889,0.43222,-1.367,0.148,-0.141,0.41,-0.00556,0.59111
201225,-0.762,-0.099,0.281,-0.43111,-0.36444,-1.44444,-1.293,-0.355,-0.244,0.37778,0.39111,2.91222
201337,-0.941,-0.008,0.221,-0.63667,-0.07,-1.36111,-1.174,-0.214,-0.116,-1.95778,0.87222,1.93778
201433,-0.912,-0.058,0.222,-1.26333,0.03667,-1.15889,-0.546,-0.058,-0.017,-1.44667,0.47,1.18778
201536,-0.942,-0.023,0.398,-0.67889,0.19333,-0.89889,-0.448,-0.104,0.017,-0.32778,-0.06889,-0.19333
201630,-0.881,-0.058,0.384,-0.99444,0.17333,-0.62111,-1.564,0.92,-0.553,0.17,-0.41778,-0.67
201734,-1.036,-0.129,0.151,-0.84444,-0.12,-0.32,-0.881,0.417,0.094,-0.19,0.20556,-0.01111
201834,-1.351,0.16,0.421,-0.3,0.05222,1.86333,-1.13,0.438,-0.224,-0.93333,0.27,-0.29444
201936,-1.491,-0.274,0.34,0.40889,-0.90667,2.29444,-1.045,-0.171,-0.334,-0.00778,-0.08444,-1.19222
202033,-0.979,-0.109,0.114,2.37556,-0.48889,1.85222,-0.931,-0.046,-0.267,1.36,0.18111,-1.31667
202132,-0.445,-0.095,0.018,1.10556,-0.02333,0.63444,-0.931,-0.014,-0.195,1.49,-0.03889,-1.13889
202237,-0.504,0.2,-0.015,-0.10222,0.19222,-0.92111,-0.922,-0.037,-0.184,-0.12889,-0.19889,-0.99111
202332,-1.571,0.992,0.469,0.28889,0.01667,-0.09,-1.01,-0.182,-0.473,0.94556,-0.18667,-0.40111
202430,-1.121,0.434,0.033,-0.11444,-0.16333,-0.50111,-1.273,0.071,-0.243,0.63444,-0.14333,-0.32222
202533,-1.201,-0.234,-0.471,-0.93,0.16222,-0.08222,-1.138,0.037,0.143,-0.11333,-0.02778,1.76667
202636,-0.915,0.014,0.47,0.12222,0.3,-0.90778,-1.362,-0.271,-0.314,-0.02778,0.81778,2.38222
202734,-0.995,-0.061,0.158,-1.37222,-0.05778,-1.44667,-1.031,-0.1,-0.029,-2.12667,0.47333,1.78
202834,-0.861,-0.076,0.243,-1.16,0.22222,-1.18556,-0.505,-0.171,0.002,-0.91,0.05,0.76556
202931,-0.843,-0.016,0.229,-0.12444,0.27667,-1.00667,-0.568,0.218,-0.089,0.52889,-0.21333,-0.79889
203035,-0.948,-0.226,0.319,-0.47556,0.09333,-0.55889,-1.123,0.821,-0.018,-0.71667,0.52889,0.66
203130,-1.334,0.038,0.303,-1.04222,-0.02778,-0.12222,-0.812,0.118,-0.091,-1.39111,-0.38444,-0.66
203235,-1.135,0.001,0.068,0.76,-0.18889,2.64222,-0.871,-0.394,-0.385,1.02,0.62333,-0.92556
203334,-1.245,-0.279,0.28,1.37111,-1.09111,2.29,-0.898,0.018,-0.144,0.82222,0.12,-1.51333
203432,-0.732,-0.04,0.139,1.70111,-0.63111,1.80889,-0.889,-0.012,-0.198,1.33222,0.06444,-1.23667
203530,-0.372,-0.105,-0.003,0.53889,0.16333,0.37667,-0.983,-0.082,-0.178,0.75111,-0.17444,-0.88333
203632,-0.756,0.59,0.358,0.01444,0.8,-1.95333,-0.893,0.062,-0.061,0.27111,0.01,-1.00667
203737,-0.723,0.385,0.198,-0.07667,-0.75111,0.78,-1.084,-0.2,-0.258,0.54889,-0.12,-0.49556
203832,-0.706,-0.033,0.339,1.00111,-0.67,-0.34222,-1.355,0.145,-0.208,0.30667,0.10111,0.84889
203932,-1.007,0.098,0.377,-0.92889,-0.49778,-1.25,-1.3,-0.372,-0.266,0.13556,0.37,2.94444
204038,-0.899,0.0,0.103,-0.48444,-0.00778,-1.58,-1.101,-0.245,0.004,-2.62,0.57333,1.78333
204132,-0.883,-0.134,0.3,-1.5,0.20222,-1.34,-0.513,-0.013,-0.007,-1.0,0.39889,1.16444
204238,-0.969,0.01,0.309,-0.50778,0.30444,-0.83222,-0.534,-0.082,0.069,0.08,-0.16111,-0.24
204335,-0.932,-0.028,0.214,-0.52889,0.14,-0.54778,-1.699,0.973,-0.518,-0.24,-0.33222,-0.91667
204433,-1.122,-0.14,0.16,-0.68,-0.05889,-0.32,-1.003,0.297,0.108,-0.18222,0.12111,-0.05333
204532,-1.389,0.16,0.166,-0.52889,-0.05,1.65222,-0.58,-0.201,0.094,-0.58889,0.54333,0.53778
204633,-1.472,-0.251,0.438,0.21889,-1.02889,2.39778,-1.024,-0.178,-0.163,-0.63333,-0.13111,-1.40667
204738,-1.082,-0.147,0.11,2.72889,-0.58,1.74111,-0.964,-0.009,-0.232,1.57333,0.19,-1.27111
204839,-0.439,-0.096,0.095,1.13667,-0.25556,0.87222,-0.89,-0.011,-0.27,1.48556,0.02444,-1.19444
204936,-0.437,0.125,-0.152,-0.36667,-0.04889,-0.94111,-0.956,-0.089,-0.187,-0.06667,-0.11889,-0.75333
205037,-1.654,1.085,0.608,2.41,0.01,0.23,-1.0,-0.194,-0.294,0.71778,-0.22667,-0.59222
205136,-1.086,0.37,0.282,0.88556,-0.15,0.16556,-1.246,0.035,-0.349,1.10222,-0.07889,-0.03333
205234,-1.492,0.125,-0.073,0.88667,0.81444,-0.19444,-1.274,-0.003,0.305,-0.13889,-0.35,2.88111
205330,-1.001,0.016,0.439,-0.32667,0.07222,-1.39111,-1.244,-0.257,-0.349,-1.86,1.02444,2.11556
205431,-0.833,-0.036,0.135,-1.65778,0.05444,-1.34889,-0.697,-0.008,0.055,-1.48889,0.57667,1.61222
205532,-0.912,0.04,0.35,-0.82444,0.26667,-1.14444,-0.516,-0.177,-0.015,-1.06667,-0.10556,0.23222
205631,-0.972,0.08,0.317,-0.43667,0.1,-0.85,-0.97,0.69,-0.357,0.97,-0.36,-1.13667
205723,-0.92,-0.256,0.268,-0.78556,-0.06556,-0.26111,-0.943,0.616,-0.039,0.56556,0.58556,0.96111
205829,-1.355,0.025,0.331,-1.02889,-0.04,0.77333,-1.321,0.236,-0.017,-1.24111,0.29667,-0.51556
205932,-1.479,-0.281,0.363,0.45222,-0.61444,2.78,-0.948,-0.173,-0.708,-0.19667,0.19,-0.59222
206032,-1.139,-0.258,0.214,2.86,-0.74889,1.61556,-0.985,0.02,-0.138,1.54333,0.10667,-1.41
206127,-0.564,-0.036,-0.005,1.25,-0.31111,1.18,-0.926,0.004,-0.24,1.21444,-0.08111,-1.46111
206233,-0.485,-0.095,-0.045,0.14778,0.03,-0.02,-1.008,-0.088,-0.169,0.55222,-0.36,-1.45667
206323,-1.313,1.006,0.613,-0.13444,0.74111,-1.25222,-0.974,-0.1,-0.195,0.54667,-0.12889,-0.71889
206426,-0.853,0.432,0.041,-0.49444,-0.64222,0.01556,-1.297,-0.14,-0.201,0.62222,-0.02778,-0.34667
206535,-0.426,-0.197,-0.318,0.42,-1.04222,0.75333,-1.302,-0.002,-0.084,0.36,0.05333,1.31667
206629,-1.088,-0.255,0.495,0.08667,0.02889,-1.33778,-1.534,-0.419,-0.531,1.24,0.88556,2.49667
206733,-0.973,-0.017,0.149,-1.61889,-0.16333,-1.56,-1.074,-0.152,-0.051,-2.37111,0.63,1.74889
206833,-0.932,-0.031,0.292,-1.51333,0.22,-1.00667,-0.483,-0.056,-0.012,-1.37222,0.32111,0.77333
206933,-0.867,-0.107,0.344,-0.86111,0.33111,-0.83556,-0.617,0.142,0.12,0.04556,-0.00667,-0.48556
207031,-0.943,-0.08,0.312,-0.02556,0.12,-0.69778,-1.238,0.715,-0.393,-0.45889,-0.20556,-0.35444
207128,-1.235,-0.229,0.365,-1.07,0.04111,-0.37,-1.024,0.292,0.224,-0.98222,-0.23111,0.01889
207231,-1.365,0.113,0.043,-0.11,-0.18889,1.70667,-0.344,-0.868,0.306,0.77,0.34444,-0.41889
207330,-1.445,-0.299,0.448,0.23222,-0.88333,2.43778,-0.993,0.034,-0.059,-0.43333,-0.03111,-1.27222
207431,-0.97,-0.046,0.081,2.59111,-0.49667,1.83667,-0.928,-0.047,-0.324,1.31556,0.13222,-1.35111
207530,-0.508,-0.129,0.043,0.77778,-0.11556,0.91222,-0.905,0.023,-0.173,1.51444,0.01111,-1.23111
207628,-0.449,0.145,0.009,-0.14,0.23222,-0.72667,-0.967,-0.095,-0.247,-0.31778,-0.12,-0.99111
207731,-1.492,0.86,0.419,0.87,-0.15,0.03333,-1.095,-0.264,-0.434,0.89778,-0.27667,-0.65889
207825,-1.006,0.494,0.246,0.96333,0.05889,-0.25556,-1.168,-0.034,-0.16,0.74556,0.02444,-0.21333
207929,-1.465,0.211,-0.127,-0.14333,0.41778,-0.75889,-1.196,0.147,0.237,0.16111,-0.03,1.98111
208029,-0.945,-0.057,0.387,0.18111,0.25222,-1.12111,-1.356,-0.281,-0.366,-0.33222,0.91778,2.39222
208130,-0.903,-0.067,0.186,-1.40778,-0.16667,-1.34222,-0.916,-0.065,-0.049,-1.85,0.45556,1.79667
208231,-0.902,-0.034,0.241,-1.30444,0.09111,-0.96,-0.56,-0.191,-0.034,-1.18667,-0.04667,0.61667
208330,-0.833,-0.107,0.245,-0.14667,0.31778,-1.04222,-0.727,0.536,-0.125,1.17111,-0.39333,-0.62111
208429,-0.926,-0.148,0.269,-0.68222,-0.05556,-0.6,-1.316,0.971,-0.319,-0.77667,0.19667,-0.41
208529,-1.208,0.072,0.295,-1.09556,0.03333,-0.28333,-0.907,0.286,-0.042,-1.94,0.10778,-0.41222
208630,-1.184,0.141,0.007,-0.27667,-0.00333,2.14111,-1.353,-0.118,-0.449,1.38222,0.40556,-1.47778
208730,-1.348,-0.242,0.367,1.15,-1.01,2.28444,-0.91,-0.004,-0.043,0.00556,0.12,-1.33556
208833,-0.747,-0.023,0.158,2.00333,-0.61222,2.01444,-0.89,-0.09,-0.225,1.29,0.12667,-1.47
208929,-0.451,-0.117,0.035,1.21444,-0.05333,0.88,-0.925,-0.155,-0.248,1.63,-0.17111,-1.41667
209029,-0.449,0.348,0.081,-0.15667,0.16889,-0.96222,-0.99,0.067,-0.11,0.45556,0.10667,-1.02667
209132,-1.196,0.663,0.479,0.28444,-0.65889,0.32556,-1.123,-0.323,-0.347,0.9,-0.09333,-0.24111
209232,-1.317,0.385,0.801,1.06444,-0.22889,-0.40111,-1.36,-0.039,-0.271,0.99556,0.0,0.21667
209325,-1.211,0.149,0.37,0.25556,-0.05,-0.48111,-1.122,-0.113,0.033,-0.12111,0.01667,2.88778
209429,-0.997,0.015,0.268,-0.66444,0.05444,-1.28333,-1.151,-0.283,-0.217,-1.8,0.94111,1.94
209523,-0.876,-0.055,0.22,-1.24556,0.03444,-1.24,-0.743,-0.039,-0.029,-1.64778,0.59111,1.5
209628,-0.868,-0.023,0.283,-1.10222,0.15111,-1.02222,-0.493,-0.154,0.037,-0.69222,-0.09,0.22778
209726,-0.88,-0.003,0.416,-0.02667,0.30222,-1.17444,-0.978,0.727,-0.398,0.19444,-0.47667,-0.94556
209827,-0.97,-0.168,0.123,-0.80889,-0.16444,-0.26778,-0.72,0.582,-0.02,0.27222,0.48444,0.71778
209928,-1.373,0.094,0.309,-1.12111,-0.03444,0.76556,-1.409,0.408,-0.007,-1.61,0.27556,-0.14
210030,-1.348,-0.305,0.352,0.66889,-0.61667,2.67889,-0.946,-0.224,-0.585,-0.57778,0.00333,-1.08444
210129,-1.083,-0.249,0.184,2.33111,-0.77556,1.93444,-0.94,0.039,-0.137,1.34222,0.2,-1.60111
210232,-0.607,-0.062,0.102,1.07111,-0.48778,1.31222,-0.984,-0.023,-0.125,1.25667,-0.03889,-1.23889
210330,-0.449,-0.092,-0.026,0.35556,0.21,0.03889,-0.984,-0.243,-0.202,0.90111,-0.24556,-1.03889
210427,-1.522,1.131,0.473,0.17,0.48556,-0.99444,-1.068,-0.028,-0.123,0.52444,-0.13111,-1.01222
210533,-0.627,0.486,-0.03,0.00333,-0.49,0.09444,-1.229,-0.166,-0.186,0.58444,-0.02667,-0.42
210628,-0.38,0.143,0.057,1.46444,-1.20333,0.86333,-1.398,-0.027,-0.252,0.38778,-0.06,0.5
210729,-1.007,-0.126,0.545,-0.95778,-0.14222,-1.28556,-1.325,-0.568,-0.654,0.85444,0.52111,2.64556
210827,-0.945,0.052,0.099,-0.85889,-0.08556,-1.45556,-1.163,-0.244,0.052,-2.88444,0.68,1.81889
210929,-0.89,-0.054,0.253,-1.29111,0.14,-1.07,-0.633,-0.076,-0.027,-1.02778,0.32111,1.35222
211030,-0.906,-0.096,0.3,-0.91222,0.25667,-1.01556,-0.556,-0.029,0.034,0.04444,0.0,0.17111
211131,-1.028,0.028,0.4,-0.31667,0.21333,-0.97444,-1.347,0.797,-0.48,-0.53111,-0.44778,-1.02
211229,-1.184,-0.171,0.303,-1.20667,-0.14,-0.21667,-1.089,0.42,0.116,0.12222,0.09444,0.08667
211328,-1.386,0.119,0.287,-0.84556,-0.10556,1.42667,-0.395,-0.182,-0.056,-1.25444,0.38444,0.95778
211431,-1.479,-0.266,0.422,0.20111,-0.91111,2.47556,-1.098,0.0,-0.093,-0.84556,-0.05667,-1.21
211530,-1.097,-0.149,0.14,2.60889,-0.58556,1.75667,-0.977,-0.01,-0.232,1.50333,0.16556,-1.46667
211629,-0.522,-0.07,0.109,1.33,-0.17667,1.28333,-0.939,-0.023,-0.2,1.22556,-0.06,-1.30444
211729,-0.437,0.045,-0.054,-0.16,-0.01333,-0.30333,-1.036,-0.144,-0.15,0.29889,-0.29,-1.05889
211830,-1.743,1.042,0.5,1.09333,0.61889,-1.37556,-0.979,-0.162,-0.28,1.22778,-0.12889,-0.43
211931,-1.1,0.395,-0.093,0.71889,-0.09556,-0.50889,-1.229,-0.08,-0.194,0.79667,-0.13889,-0.39333
212031,-0.722,-0.602,-0.519,-2.06667,-0.44444,-0.37,-1.105,0.033,0.064,0.25444,0.00222,2.12222
212129,-0.901,0.043,0.467,-0.56556,0.12444,-0.80889,-1.325,-0.382,-0.435,-2.24778,1.09,1.88778
212229,-0.955,0.009,0.201,-1.05778,-0.01778,-1.20333,-1.016,-0.091,0.105,-1.68333,0.40222,1.78333
212329,-0.944,-0.014,0.315,-1.11111,0.07889,-0.99,-0.614,-0.145,-0.083,-0.46111,0.11,0.98778
212429,-0.863,-0.105,0.27,-0.74,0.2,-1.10667,-0.591,0.297,-0.021,0.38889,-0.17667,-0.38889
212530,-0.916,-0.116,0.325,-0.43111,0.1,-0.80778,-1.491,0.852,-0.375,-1.68333,0.16333,-0.32111
212630,-1.256,-0.121,0.344,-1.44222,0.11222,-0.28667,-1.145,0.235,0.282,-0.94889,-0.11667,-0.11667
212729,-1.285,0.146,0.142,-0.56444,-0.11889,1.62778,-0.39,-0.681,0.259,0.86667,0.39667,-0.68333
212830,-1.517,-0.249,0.42,0.02444,-1.06333,2.48667,-1.069,-0.048,-0.21,-0.21222,-0.07667,-1.26778
212930,-1.05,-0.12,0.101,2.65444,-0.56333,1.84444,-0.937,-0.022,-0.211,1.22556,0.22222,-1.49556
213029,-0.387,-0.119,0.046,1.14889,-0.20667,0.80333,-0.911,0.005,-0.141,1.50778,0.00444,-1.28778
213128,-0.573,0.329,0.104,-0.04444,0.14556,-0.86,-0.896,-0.054,-0.028,0.30778,-0.19333,-1.16556
213227,-1.301,0.729,0.26,0.79889,-0.17889,0.07111,-0.992,-0.304,-0.282,0.96444,-0.00333,-0.31333
213330,-1.048,0.303,0.187,0.90444,-0.25,-0.60667,-1.131,-0.075,-0.268,0.86778,-0.25,-0.29333
213429,-1.078,-0.043,-0.066,-1.37778,0.01889,-1.15889,-1.166,0.01,0.049,0.40444,0.02778,1.33
213530,-1.034,-0.189,0.54,-0.21,0.32333,-1.02889,-1.415,-0.373,-0.479,0.52667,0.95889,2.32
213631,-0.967,-0.096,0.181,-1.60778,-0.17111,-1.22667,-1.141,-0.187,-0.029,-2.99222,0.62889,1.76889
213732,-0.906,-0.056,0.241,-1.4,0.04222,-0.93778,-0.626,-0.102,-0.035,-1.51333,0.16444,1.09222
213829,-0.917,-0.08,0.257,-0.35222,0.25444,-0.86778,-0.56,0.054,0.139,0.54333,0.12556,-0.36333
213931,-0.879,-0.165,0.444,-0.94,0.08556,-0.63222,-1.631,1.02,-0.331,-2.70889,-0.14667,-0.79111
214028,-1.176,-0.029,0.352,-1.06778,0.00889,-0.11,-0.816,0.121,0.151,-1.18444,-0.14333,0.01222
214137,-1.192,0.062,-0.057,0.17889,0.03667,2.71222,-1.271,-0.467,-0.363,2.22556,0.63889,-1.07778
214235,-1.249,-0.314,0.355,0.90333,-1.01222,2.44111,-0.951,0.0,-0.095,0.42778,0.08,-1.10889
214329,-0.687,-0.005,0.172,2.12,-0.62556,1.84556,-0.889,-0.014,-0.192,1.33778,0.11111,-1.28778
214430,-0.441,-0.131,-0.008,1.07222,-0.04222,0.43444,-0.875,-0.125,-0.192,1.32444,-0.13,-1.36
214536,-0.694,0.693,0.272,0.10556,0.32444,-1.34778,-1.05,0.023,-0.196,0.48333,-0.11333,-0.98222
214634,-0.988,0.647,-0.028,-0.37,-0.58,-0.39,-1.12,-0.324,-0.283,0.78667,0.04222,-0.30333
214733,-0.917,0.554,0.564,2.77,-0.61,-0.3,-1.371,0.129,-0.322,0.54667,-0.02,0.77111
214836,-0.717,-0.365,0.199,-0.99,-0.18889,-1.74,-1.466,-0.489,-0.376,0.72556,0.58778,2.87667
214936,-0.885,-0.083,0.251,-1.03333,-0.24889,-1.43222,-1.05,-0.28,-0.068,-2.35667,0.82444,1.96111
215036,-0.915,-0.067,0.287,-1.55111,0.02,-0.97333,-0.52,-0.033,-0.013,-1.68778,0.26778,1.39
215132,-0.878,-0.134,0.321,-0.68556,0.04444,-0.57,-0.485,-0.014,0.109,0.24778,0.23333,-0.26444
215235,-0.861,-0.086,0.3,-0.72556,0.04,-0.56333,-1.701,0.886,-0.524,-0.93444,-0.62889,-1.66444
215333,-1.147,-0.076,0.246,-0.93667,-0.02444,-0.24333,-1.045,0.328,0.141,-0.08222,0.11,-0.29556
215434,-1.258,0.145,0.039,-0.64333,0.09333,1.54,-0.683,-0.079,0.0,-1.23,0.58556,0.18333
215534,-1.422,-0.278,0.583,0.20556,-1.05667,1.93111,-1.088,-0.254,-0.462,0.70889,0.03667,-1.09444
215624,-1.119,-0.056,-0.12,2.53889,-0.47444,1.62,-0.954,-0.061,-0.088,1.15,0.08444,-1.26889
215726,-0.586,-0.145,0.102,0.76778,-0.28333,1.41222,-0.915,-0.083,-0.252,1.27556,-0.11,-1.20556
215828,-0.374,0.221,0.03,0.03,-0.01222,-0.20778,-0.965,-0.147,-0.149,0.00889,-0.15,-1.12111
215929,-1.772,1.087,0.559,1.27111,0.27,-0.88,-0.958,-0.265,-0.372,1.08778,-0.08222,-0.46
216031,-1.035,0.465,-0.074,0.64,-0.13889,-0.58,-1.22,0.036,-0.143,0.81667,-0.04778,-0.34222
216130,-0.388,-0.601,-0.748,-2.00889,-0.55,-0.34222,-1.173,0.058,0.06,0.48778,0.29111,1.38889
216225,-0.978,0.049,0.435,0.30556,0.22444,-1.24,-1.488,-0.39,-0.459,0.67778,1.11333,2.50444
216329,-0.941,-0.062,0.129,-1.36556,-0.16556,-1.40667,-1.096,-0.176,-0.056,-2.52556,0.67556,1.99444
216422,-0.938,-0.035,0.214,-1.27333,0.01111,-1.00111,-0.623,-0.042,-0.055,-1.59222,0.14889,1.18778
216528,-0.912,-0.137,0.255,-0.53889,0.29889,-0.89,-0.456,0.124,0.133,0.99778,0.15,-0.46
216627,-0.936,-0.027,0.375,-0.82,-0.07778,-0.62333,-1.87,0.961,-0.573,-2.13111,-0.51333,-1.39111
216728,-1.337,0.108,0.45,-1.21111,-0.03111,-0.11778,-0.914,0.111,0.169,-1.24556,-0.14333,-0.93556
216827,-1.197,0.019,0.1,0.27111,-0.12778,2.6,-0.82,-0.87,-0.036,2.16222,0.6,0.07778
216927,-1.271,-0.373,0.363,1.71778,-1.09222,2.41222,-0.842,-0.218,-0.144,1.05889,0.20556,-0.62333
217026,-0.753,-0.078,0.137,1.97,-0.50889,2.16333,-0.92,-0.045,-0.172,1.46778,0.15556,-0.95889
217126,-0.319,-0.125,-0.063,0.19667,-0.15556,0.05667,-0.903,-0.074,-0.2,0.85556,-0.06111,-0.73889
217226,-1.014,0.693,0.208,0.43333,0.90778,-2.25778,-0.837,-0.133,-0.177,0.14778,-0.22889,-1.30111
217327,-0.933,0.486,0.054,0.17333,-0.51778,0.62556,-1.044,-0.353,-0.144,0.22778,-0.12111,-0.85
217425,-1.403,0.279,0.492,2.04444,0.35444,-0.68556,-1.302,-0.094,-0.345,0.59,-0.09333,-0.23889
217527,-0.642,-0.214,-0.128,-0.42222,0.36778,-1.02556,-1.094,0.064,0.355,0.38333,0.08667,2.16889
217629,-0.91,0.094,0.119,0.62889,0.11889,-1.07111,-1.339,-0.329,-0.321,-0.36444,0.90556,2.49667
217725,-0.854,-0.08,0.255,-1.34667,-0.07444,-1.30111,-0.952,-0.082,-0.091,-2.06222,0.46222,1.88
217829,-0.87,-0.031,0.294,-1.40444,0.01111,-1.01889,-0.542,-0.163,0.021,-1.04556,0.12222,0.76111
217927,-0.902,-0.134,0.307,-0.05333,0.31556,-0.92778,-0.576,0.245,-0.054,0.95333,-0.09,-0.71
218027,-1.038,-0.182,0.369,-0.94667,-0.02,-0.46778,-1.153,0.882,0.003,-1.38,0.06,-0.23667
218126,-1.306,0.049,0.333,-1.64444,-0.20444,0.41667,-1.173,-0.493,-0.282,-1.05889,-0.02556,-1.51222
218225,-1.307,-0.222,0.184,0.63111,-0.57222,2.96111,-0.393,-0.643,-0.008,1.07333,0.56222,-0.7
218330,-1.104,-0.338,0.409,2.29,-0.97333,2.18556,-1.022,-0.093,-0.177,1.22222,0.46444,-1.08556
218428,-0.707,0.003,0.042,1.60889,-0.28,1.52333,-0.893,-0.097,-0.073,1.23222,0.16889,-0.42556
218527,-0.388,-0.057,0.032,0.1,-0.02889,-0.03222,-0.867,-0.248,-0.194,0.44222,-0.02,-0.72889
218622,-1.093,0.75,0.394,-0.43778,1.02778,-2.05,-0.92,-0.11,-0.195,0.51444,-0.18,-1.0
218722,-0.624,0.49,-0.063,0.71,-0.73889,0.40444,-1.22,-0.106,-0.072,0.41,0.02222,-0.50556
218827,-0.841,0.467,0.388,0.66222,-1.07444,0.27222,-1.352,0.016,-0.227,0.4,0.08111,0.88889
218925,-1.053,-0.226,0.45,-0.68333,-0.01778,-1.31111,-1.312,-0.498,-0.306,0.73444,0.49556,2.95333
219026,-0.972,-0.028,0.222,-0.94778,-0.07333,-1.38444,-1.194,-0.263,-0.099,-2.41222,0.75,1.87
219125,-0.905,-0.077,0.22,-1.26333,0.13444,-1.18889,-0.569,0.001,0.016,-1.37111,0.36333,1.16444
219226,-0.936,-0.089,0.313,-0.25444,0.39778,-0.86556,-0.509,-0.056,0.099,0.41444,0.05222,-0.21889
219329,-0.909,-0.127,0.405,-0.56111,0.02556,-0.57222,-1.539,0.836,-0.493,-1.03556,-0.64444,-1.56778
219423,-1.269,-0.015,0.279,-0.90778,-0.18444,-0.09,-0.82,0.111,0.004,-1.72333,-0.09111,-0.7
219527,-1.125,0.146,0.152,-0.30222,-0.00778,2.31778,-0.791,-0.512,0.009,1.03778,0.30111,-1.10444
219619,-1.378,-0.184,0.472,1.02,-0.97222,2.28333,-0.987,0.008,-0.492,0.34,0.21556,-0.84222
219728,-1.03,-0.041,0.06,2.13,-0.48889,1.78,-0.889,0.04,-0.12,0.70778,0.14111,-0.48889
219828,-0.429,-0.018,0.074,0.62667,-0.07111,0.64444,-0.887,-0.233,-0.187,0.22,0.00889,-0.71
219928,-0.51,0.267,0.044,-0.35222,0.46,-1.06778,-1.012,-0.085,-0.061,0.23222,-0.11444,-1.16556
220027,-1.687,0.967,0.628,-0.22556,-0.59,0.14333,-1.135,-0.384,-0.372,0.89667,-0.18,-0.46222
220120,-1.206,0.38,0.657,1.03,-0.30111,-0.68889,-1.327,-0.012,-0.213,0.85889,0.09889,0.31
220226,-0.825,0.061,0.017,0.39222,-0.20333,-0.97778,-1.19,-0.111,0.032,-0.31,0.01667,3.15111
220330,-0.955,-0.026,0.161,-0.66,-0.04667,-1.43333,-1.081,-0.265,-0.244,-2.04,0.92778,2.04111
220426,-0.843,-0.124,0.303,-1.42556,0.06111,-1.24889,-0.718,-0.014,-0.019,-1.66778,0.47556,1.6
220527,-0.948,-0.029,0.275,-0.69,0.28889,-0.81889,-0.49,-0.161,0.071,-0.16333,0.05222,0.40111
220627,-0.922,-0.027,0.248,-0.07778,0.05444,-0.80222,-0.889,0.672,-0.492,0.7,-0.53889,-1.29444
220725,-1.025,-0.232,0.136,-0.87556,-0.16889,-0.33333,-0.728,0.371,0.29,1.52222,0.37,0.06
220821,-1.293,0.034,0.336,-0.99222,-0.06556,1.20333,-1.455,0.813,-0.021,-1.24778,-0.22111,-1.29
220928,-1.344,-0.279,0.276,0.32,-0.78778,2.67,-1.098,-0.25,-0.242,-0.20111,-0.20556,-1.61
221024,-1.07,-0.319,0.323,2.72556,-0.82556,1.76667,-0.963,0.01,0.048,0.67889,0.29,-0.68444
221124,-0.659,0.041,0.063,1.41222,-0.45222,1.19667,-0.962,-0.245,-0.279,1.03889,0.07333,-0.62333
221220,-0.478,0.024,-0.052,-0.05778,-0.07111,-0.25,-0.918,-0.191,-0.075,0.24222,-0.10556,-0.89889
221330,-1.491,0.937,0.654,0.52556,1.06444,-1.65333,-0.982,-0.086,-0.193,0.62333,-0.18111,-1.02556
221425,-0.691,0.219,0.005,-0.25778,-0.47,-0.49556,-1.437,-0.185,-0.252,0.65667,-0.09778,-0.49778
221526,-1.626,0.514,0.309,-0.86,0.35667,-1.14111,-1.18,-0.151,-0.291,0.98111,0.20667,1.21778
221626,-1.055,0.139,0.389,-0.43,0.51889,-1.16,-1.229,-0.267,-0.08,-0.37333,0.42889,2.88333
221725,-0.967,0.108,-0.032,0.11,-0.08778,-0.93,-1.194,-0.264,-0.29,-2.09444,0.78111,1.90111
221826,-0.913,-0.225,0.355,-1.04111,-0.09111,-0.53778,-0.782,0.036,-0.085,-1.31444,0.49222,1.64556
221925,-0.925,-0.103,0.052,-0.04889,0.11,-0.91333,-0.459,0.003,0.162,-0.30667,-0.05111,0.18889
222029,-0.88,-0.164,0.26,-0.69,0.04444,-0.65889,-1.195,0.648,-0.392,-0.12889,-0.53,-1.52333
222126,-1.132,-0.094,0.262,-0.86,-0.02,-0.23889,-0.885,0.054,0.177,0.37667,0.20556,-0.48444
222225,-1.213,0.144,0.052,-0.65,-0.13111,1.77667,-0.971,0.301,-0.145,-0.36556,0.23111,-0.72889
222320,-1.472,-0.238,0.448,0.31667,-1.33889,2.62,-1.138,0.017,-0.338,-0.28111,-0.18111,-1.24222
222425,-1.103,-0.169,0.175,2.65778,-0.55222,2.06222,-0.939,0.089,-0.004,0.11111,0.31444,-0.46222
222526,-0.402,-0.015,0.048,1.09889,-0.29444,0.70778,-0.923,-0.221,-0.293,0.92333,0.10444,-0.59778
222622,-0.519,0.308,-0.065,-0.35667,0.04444,-0.79333,-0.906,-0.08,-0.067,0.44,-0.03222,-1.01444
222726,-1.637,0.891,0.387,0.52111,0.16889,-0.57333,-1.073,-0.347,-0.418,1.06444,-0.15444,-0.68667
222824,-0.937,-0.068,0.371,-0.02333,-0.06444,-1.30222,-1.314,0.001,-0.263,0.88667,-0.09778,-0.34778
222927,-0.904,-0.356,-0.261,-0.51556,-0.21444,-0.78,-1.035,-0.024,0.057,-0.17222,0.14,2.25778
223022,-0.954,-0.38,0.637,-0.86667,0.16111,-0.76889,-1.22,-0.33,-0.401,0.37,0.86444,2.56333
223125,-0.962,0.062,0.11,-0.96889,-0.23889,-0.50333,-1.057,-0.148,-0.015,-2.64,0.56444,1.70778
223227,-0.838,-0.195,0.267,-0.56667,-0.14111,-0.59778,-0.628,-0.098,0.028,-1.30556,0.20333,0.33
223328,-0.919,-0.145,0.222,-0.23222,0.29222,-1.10222,-0.491,0.216,0.071,1.02889,-0.29444,-0.98333
223417,-1.009,-0.362,0.32,-0.74,-0.06,-0.46889,-1.3,0.791,-0.125,0.69889,0.31556,0.60889
223520,-1.206,-0.023,0.348,-1.00889,-0.05,-0.00333,-0.979,-0.23,-0.085,-0.52667,0.13333,-1.92111
223626,-1.071,0.008,0.219,-0.20889,-0.07222,2.52889,-0.532,-0.424,0.199,0.20111,0.30111,-0.30222
223724,-1.284,-0.192,0.34,1.57333,-0.99889,2.38778,-0.94,-0.283,-0.387,0.46222,0.17,-0.76667
223824,-0.834,-0.055,0.198,1.98111,-0.56111,1.93,-0.885,-0.029,0.025,0.71111,0.25444,-0.5
223925,-0.468,-0.049,0.028,0.95778,0.15333,0.43333,-0.892,-0.209,-0.256,0.51111,0.04667,-0.64778
224025,-0.539,0.308,0.067,-1.01,0.34444,-0.84889,-0.928,-0.097,-0.074,0.43444,-0.10111,-1.13
224123,-1.238,0.678,0.504,0.95667,-0.29444,0.16556,-1.073,-0.448,-0.285,0.51556,-0.13556,-0.62
224225,-1.333,0.131,0.449,0.53889,-0.38,-1.80556,-1.392,0.097,-0.16,0.76222,0.03222,0.26111
224330,-0.585,-0.319,-0.234,-0.01111,0.08667,-0.82778,-1.123,-0.038,0.028,-0.25889,0.02556,3.07444
224426,-0.822,-0.3,0.307,-1.51444,-0.20111,-1.0,-1.083,-0.23,-0.231,-1.25222,0.9,2.21333
224529,-0.933,-0.007,0.182,-0.90444,-0.12111,-0.76222,-0.862,-0.048,-0.086,-1.84889,0.55444,1.72556
224632,-0.862,-0.173,0.221,-0.43444,-0.07889,-0.68,-0.561,-0.045,0.166,-0.79111,0.02333,0.43
224729,-0.89,-0.107,0.28,-0.10444,0.19444,-0.98667,-0.527,0.231,-0.305,0.75,-0.55,-1.03
224830,-1.098,-0.317,0.303,-0.86111,0.10667,-0.63,-1.191,0.678,-0.107,1.40556,0.39444,-0.31
224931,-1.208,-0.091,0.176,-0.69444,-0.11889,-0.02111,-1.273,0.187,-0.083,-0.98667,0.41222,-2.21889
225026,-1.075,0.096,0.131,-0.46,0.23333,3.02778,-0.697,-0.627,0.068,-0.27333,0.00444,-1.14
225131,-1.225,-0.291,0.316,2.58,-1.09444,2.19667,-1.085,-0.111,-0.009,0.27778,0.20111,-1.04889
225226,-0.798,-0.011,0.158,1.50556,-0.78778,2.04667,-0.94,-0.167,-0.216,1.63333,0.1,-0.74111
225332,-0.472,-0.097,0.019,1.15,-0.06889,0.39333,-0.867,-0.18,-0.125,0.41444,0.00333,-0.65222
225431,-0.537,0.327,0.035,-0.48444,0.32,-0.81667,-0.83,-0.141,-0.108,0.44889,-0.07333,-1.07444
225530,-1.02,0.726,0.293,0.25889,-0.20333,0.15556,-1.19,-0.286,-0.104,0.69111,-0.14556,-0.59667
225624,-1.134,0.014,0.462,0.16222,-0.17,-1.77889,-1.284,-0.036,-0.166,0.52778,0.07444,0.10556
225731,-0.447,-0.301,-0.412,0.03444,-0.26222,-0.55667,-1.089,-0.09,0.01,-0.51778,0.03556,2.79556
225832,-0.886,-0.333,0.489,-1.40556,-0.17889,-0.98111,-1.108,-0.262,-0.335,-0.61667,0.8,2.26444
225924,-0.886,-0.063,0.174,-1.42222,-0.26556,-0.47444,-0.872,-0.052,0.0,-2.07,0.41111,1.79333
226020,-0.878,-0.218,0.288,-0.04556,-0.06111,-0.73667,-0.666,-0.053,0.116,-0.83333,0.20333,0.37333
226123,-0.934,-0.175,0.243,-0.19,0.26111,-0.93889,-0.762,0.135,-0.28,0.22,-0.45444,-1.06
226218,-1.059,-0.262,0.167,-0.97111,-0.00111,-0.52667,-1.012,0.606,-0.242,1.53,0.26111,-0.46
226324,-1.256,-0.121,0.418,-1.04667,-0.1,0.04556,-1.889,0.542,0.003,-1.07556,0.16667,-2.33444
226418,-1.04,-0.057,0.023,0.02222,-0.08778,2.74667,-0.803,-0.205,-0.164,0.20444,0.00889,-1.06
226521,-1.121,-0.317,0.501,1.95556,-0.91222,2.05889,-1.032,-0.043,0.005,0.69,0.33556,-0.84222
226619,-0.926,-0.037,0.1,2.02222,-0.53222,1.81,-0.926,-0.263,-0.291,1.48,0.13444,-0.64333
226722,-0.464,-0.086,-0.035,0.71,-0.14,0.78444,-0.86,-0.259,-0.101,0.41,-0.02889,-0.84667
226823,-0.428,0.369,0.202,-0.11444,0.44,-0.97111,-1.042,-0.075,-0.244,0.80222,-0.05778,-0.82889
226932,-0.877,0.428,0.217,-0.18222,-0.48667,-0.06,-1.163,-0.215,-0.249,0.62,-0.08333,-0.14667
227022,-1.285,0.397,0.222,2.10889,-0.24333,-0.66556,-1.289,0.083,-0.053,0.49111,0.05556,1.54556
227125,-0.876,0.101,0.122,0.72667,0.12222,-1.00667,-1.348,-0.43,-0.329,0.55111,0.96444,2.56333
227225,-0.822,-0.106,0.094,-0.55444,-0.28,-1.15667,-1.097,-0.157,-0.166,-2.63,0.63444,1.78222
227311,-0.916,-0.083,0.282,-1.34111,-0.08778,-0.62222,-0.58,-0.074,0.016,-1.43111,0.15667,0.92778
227423,-0.894,-0.17,0.253,-0.40222,0.10444,-0.70889,-0.581,0.057,0.182,0.63111,0.07,-0.39556
227526,-0.951,-0.112,0.356,-0.40667,0.11,-0.88,-1.526,0.75,-0.594,-1.28556,-0.60333,-1.33111
227624,-1.224,-0.028,0.289,-1.29333,-0.04222,-0.28222,-0.756,-0.091,0.053,-1.18889,0.06778,-0.64556
227710,-1.173,0.087,0.168,-1.03222,-0.00111,1.76222,-1.176,0.159,-0.066,0.50333,0.15,-0.57222
227820,-1.383,-0.209,0.395,0.56111,-1.07778,2.31444,-1.073,-0.122,-0.534,-0.34,-0.26222,-0.96222
227924,-1.11,-0.177,0.202,2.58,-0.65444,1.74,-1.007,0.016,-0.024,0.04,0.16111,-0.63444
228025,-0.552,-0.019,0.042,1.36778,-0.28111,0.91111,-0.937,-0.2,-0.32,0.91667,-0.04222,-0.59
228124,-0.433,0.191,-0.17,-0.61111,-0.07444,-0.14222,-0.907,-0.195,0.054,-0.15556,-0.09667,-0.90778
228225,-1.479,0.925,0.608,0.99,0.70444,-0.95889,-1.021,-0.19,-0.325,0.78889,-0.12,-0.73333
228324,-1.034,0.32,0.156,0.57556,0.02667,-0.78333,-1.351,-0.077,-0.306,0.95,-0.12778,-0.38
228424,-1.194,-0.02,0.051,-0.78333,-0.22667,-0.67111,-1.093,-0.093,0.013,0.55778,0.21111,1.97444
228525,-1.158,0.23,0.606,0.18,0.33778,-0.4,-1.262,-0.271,-0.32,0.65444,0.92556,2.29778
228623,-1.282,-0.163,-0.087,-0.48,0.16889,-1.22556,-1.043,-0.087,-0.028,-2.43667,0.29,1.85222
228725,-0.862,-0.284,0.228,-0.43222,0.25444,-1.34889,-0.729,-0.11,-0.13,-0.99111,0.21,0.80222
228822,-0.94,-0.093,0.245,-0.55667,0.28111,-0.83,-0.427,0.163,0.09,0.59778,0.12111,-0.33556
228924,-0.924,-0.113,0.153,-0.94222,-0.06556,-0.40222,-1.478,0.904,-0.105,-0.47,-0.04222,-0.81667
229023,-1.327,-0.009,0.364,-1.12222,-0.04111,-0.25778,-0.876,0.029,0.079,-1.94778,-0.11778,-1.08889
229119,-1.186,0.238,0.02,-0.53667,-0.09556,2.18667,-0.609,-0.513,0.113,0.35111,0.68556,-0.91444
229222,-1.309,-0.145,0.423,0.5,-1.04111,2.46778,-0.996,-0.083,-0.632,0.41778,0.10778,-0.65
229323,-1.06,-0.108,0.219,2.53556,-0.58333,1.94,-0.911,0.083,-0.057,0.80222,0.16889,-0.49333
229423,-0.447,-0.028,0.086,1.09222,-0.33556,0.63222,-0.875,-0.24,-0.196,0.50444,0.09,-0.61222
229525,-0.462,0.37,0.054,-0.34444,0.19889,-0.67889,-0.951,-0.037,-0.029,0.53444,-0.00778,-1.05889
229621,-1.528,0.838,0.529,0.0,0.09111,-0.38667,-1.076,-0.291,-0.422,1.16,-0.02556,-0.33
229721,-0.932,0.264,0.049,0.41333,-0.22556,-1.30889,-1.217,0.052,-0.182,0.46,-0.07,-0.16
229824,-0.937,-0.474,-0.212,-0.17111,-0.05111,0.0,-1.197,-0.021,0.076,0.07778,-0.13333,2.27667
229923,-0.933,-0.157,0.392,-0.84,0.05444,-0.80667,-1.223,-0.291,-0.281,-0.52444,0.96778,2.25
230023,-0.916,-0.179,0.187,-1.23444,-0.02,-1.05778,-0.851,-0.05,-0.042,-1.47111,0.55,1.77444
230122,-0.964,-0.025,0.325,-0.64667,0.18667,-0.83222,-0.467,-0.202,0.019,-0.94222,0.05222,0.44333
230220,-0.941,-0.027,0.407,-0.69556,0.19333,-0.81,-0.922,0.534,-0.308,0.35,-0.46,-1.26333
230324,-1.003,-0.168,0.25,-0.66222,-0.12,-0.33333,-1.018,0.534,-0.016,0.84111,0.28556,-0.13111
230425,-1.284,0.005,0.346,-0.95889,-0.00333,0.73556,-1.543,0.346,0.026,-1.37,-0.08778,-1.81889
230523,-1.318,-0.125,0.203,0.38889,-0.37556,2.81778,-0.965,-0.238,-0.33,-0.02667,-0.02,-1.02778
230620,-1.034,-0.231,0.379,2.43889,-0.98778,1.81778,-0.969,0.009,-0.074,0.96667,0.36778,-0.65111
230724,-0.74,0.041,0.125,1.62667,-0.57889,1.34222,-0.936,-0.212,-0.181,1.04667,0.10444,-0.65111
230822,-0.483,-0.026,-0.123,0.36444,0.07889,-0.07556,-0.909,-0.192,-0.118,0.54556,0.01111,-0.66889
230923,-0.925,0.561,0.367,-0.48,0.9,-1.38222,-0.931,-0.099,-0.176,0.80778,-0.12778,-0.82
231024,-0.857,0.409,0.174,-0.12333,-0.52333,0.12778,-1.118,-0.154,-0.229,0.59,-0.09333,-0.25556
231121,-1.116,0.5,0.215,1.15111,-0.7,-0.52667,-1.339,0.056,-0.053,0.39,0.00889,1.13889
231223,-0.85,0.043,0.567,-0.18111,-0.29,-1.34556,-1.361,-0.439,-0.403,0.51889,0.92222,2.47889
231323,-0.914,-0.038,0.071,-1.03889,-0.1,-1.25444,-1.168,-0.194,-0.084,-2.56667,0.69111,1.76667
231425,-0.885,-0.141,0.315,-1.50889,0.04222,-1.06,-0.651,0.036,-0.01,-1.31,0.23556,1.26667
231525,-0.929,-0.134,0.263,-0.17,0.34556,-1.04667,-0.451,0.036,0.108,0.36,0.10667,0.1
231620,-0.922,-0.02,0.332,-1.00556,-0.11,-0.3,-1.119,0.543,-0.268,-0.88,-0.57444,-1.52444
231723,-1.311,-0.092,0.297,-0.57889,-0.08333,-0.26444,-0.853,0.044,-0.05,-0.64,-0.07556,-0.50222
231824,-1.12,0.093,0.07,-0.85889,0.06333,2.02111,-0.85,-0.389,-0.031,1.00444,0.47778,-0.44778
231925,-1.392,-0.202,0.536,0.73,-1.09333,2.21111,-0.991,0.11,-0.428,-0.45889,-0.12889,-0.90778
232022,-1.152,-0.083,0.13,2.51889,-0.57667,1.73444,-0.949,0.05,-0.108,-0.2,0.18667,-0.6
232125,-0.499,-0.015,0.06,0.93778,-0.14444,0.86778,-0.964,-0.184,-0.25,0.74556,0.05778,-0.66667
232218,-0.464,0.175,-0.14,-0.43111,0.20889,-0.59222,-0.975,-0.122,-0.022,0.36111,-0.02667,-0.88556
232323,-1.926,1.163,0.783,0.42,0.2,-0.77444,-1.043,-0.268,-0.483,1.11556,-0.23778,-0.61333
232424,-0.797,0.171,0.225,0.37556,-0.17,-1.22,-1.273,-0.02,-0.17,0.67778,-0.01778,-0.12111
232522,-0.896,-0.344,-0.106,-0.04556,-0.52667,-0.69889,-1.108,0.064,0.083,-0.21111,-0.04222,2.60889
232625,-0.906,-0.212,0.483,-1.10556,-0.08333,-0.60444,-1.136,-0.198,-0.281,-0.69889,0.70222,2.20222
232725,-0.9,-0.138,0.198,-1.35444,-0.05889,-0.98556,-0.947,-0.071,-0.02,-1.58889,0.38778,1.75111
232822,-0.884,-0.134,0.319,-0.66889,0.16,-0.90778,-0.503,-0.141,-0.002,-0.79333,0.00778,0.55
232922,-0.894,-0.024,0.255,-0.28556,0.34333,-1.00222,-0.546,0.328,-0.206,1.01222,-0.25,-0.70444
233023,-0.916,-0.315,0.32,-0.82778,-0.02778,-0.38111,-1.423,0.763,-0.175,0.55778,0.25667,0.21222
233123,-1.198,0.029,0.344,-0.82333,0.00111,-0.11222,-0.95,-0.167,0.054,-1.17667,0.28889,-2.00111
233222,-1.125,-0.048,0.145,0.23222,-0.02,2.55444,-0.383,-0.503,0.063,0.44778,0.27778,-0.42778
233319,-1.221,-0.241,0.341,1.54,-0.94778,2.16889,-0.98,-0.242,-0.283,0.92,0.26222,-0.84111
233422,-0.894,-0.079,0.175,2.00889,-0.65111,1.84,-0.883,-0.093,-0.155,1.24556,0.15222,-0.51889
233523,-0.498,-0.083,0.01,0.74556,-0.07556,0.54556,-0.918,-0.198,-0.145,0.35556,0.02556,-0.70889
233623,-0.571,0.38,0.157,-0.47667,0.61889,-0.87333,-0.86,-0.091,-0.113,0.78444,-0.09111,-1.01
233720,-0.987,0.591,0.38,0.30889,-0.51556,0.30333,-1.074,-0.369,-0.232,0.59667,-0.10222,-0.53222
233822,-1.028,0.354,0.431,1.36889,-0.65889,-0.24111,-1.186,-0.049,-0.199,0.40556,-0.15889,-0.21444
233921,-1.398,0.226,0.234,-0.38667,0.38111,-0.52222,-1.085,0.075,0.135,-0.05333,0.04778,2.33
234021,-0.947,-0.036,0.351,0.22556,0.05889,-1.17111,-1.368,-0.274,-0.21,-0.92222,0.94667,2.41667
234123,-0.934,-0.043,0.296,-1.55111,-0.07667,-1.45889,-0.796,-0.067,-0.115,-1.52111,0.58667,2.03778
234220,-0.901,-0.027,0.196,-1.07444,0.11,-1.12222,-0.495,-0.199,0.052,-1.00333,-0.10778,0.45111
234322,-0.961,-0.039,0.308,-0.18444,0.33667,-0.98444,-0.659,0.447,-0.224,0.85333,-0.24667,-1.22667
234424,-0.926,-0.312,0.287,-0.72111,-0.05,-0.42889,-1.069,0.738,0.23,-0.07556,0.55556,0.91333
234522,-1.464,-0.109,0.478,-1.44,-0.05333,0.28,-1.284,0.098,-0.347,-1.81111,0.07111,-0.38667
234623,-1.282,-0.252,0.297,0.91,-0.45,2.73444,-0.85,-0.283,-0.671,-0.69778,-0.01,-0.60222
234728,-1.171,-0.228,0.05,2.47333,-0.86333,1.95111,-1.0,0.069,-0.22,1.20333,0.12111,-1.58444
234826,-0.65,-0.061,0.173,0.94667,-0.46111,1.68111,-1.014,-0.006,-0.083,1.39444,0.02778,-1.08444
234929,-0.454,-0.068,-0.009,0.54444,0.30667,0.12,-0.937,-0.173,-0.224,0.52889,-0.16,-0.81222
235027,-0.977,0.733,0.274,-0.13889,0.66,-1.57,-0.99,-0.037,-0.125,0.54333,-0.13,-1.04667
235124,-0.62,0.457,-0.173,0.23667,-0.59,0.56,-1.166,-0.193,-0.158,0.5,0.02222,-0.36444
235228,-0.98,0.475,0.621,2.32444,-0.40111,-0.61111,-1.284,0.074,-0.343,0.36333,-0.01889,0.52889
235329,-1.131,-0.136,0.405,-0.68556,-0.39667,-1.87889,-1.367,-0.44,-0.343,0.29889,0.46222,2.87556
235427,-0.939,-0.097,0.146,-1.05,-0.01222,-1.62778,-1.087,-0.227,-0.129,-1.95,0.71889,1.97667
235526,-0.939,-0.079,0.272,-1.4,0.03333,-1.00667,-0.557,-0.055,-0.085,-1.66778,0.38889,1.22
235628,-0.903,-0.105,0.407,-0.51778,0.12222,-0.79444,-0.558,-0.003,0.13,-0.05,0.14222,-0.23
235727,-0.915,-0.072,0.386,-0.78333,0.03222,-0.67111,-1.403,0.738,-0.472,-0.35444,-0.51111,-1.22444
235825,-1.193,-0.19,0.34,-0.88,-0.05667,-0.32,-0.866,0.173,-0.084,-1.1,-0.05444,-0.54778
235926,-1.238,-0.003,0.143,-0.96889,0.02444,1.65111,-1.054,0.269,-0.034,0.60111,0.12778,-0.89222
236026,-1.318,-0.204,0.433,0.41,-1.00667,2.24667,-1.069,-0.012,-0.468,0.13889,-0.06667,-0.96111
236126,-1.12,-0.172,0.145,2.58889,-0.59556,1.74,-0.93,-0.063,-0.072,0.40667,0.17111,-0.49
236216,-0.577,-0.074,0.042,1.22111,-0.17889,1.15889,-0.912,-0.209,-0.237,0.70444,0.02222,-0.56
236319,-0.412,0.171,-0.085,-0.47556,0.19889,-0.43333,-0.913,-0.185,-0.033,0.03667,-0.07444,-0.93111
236411,-1.916,1.177,0.693,0.57,0.36222,-0.96111,-1.025,-0.212,-0.438,1.08,-0.19111,-0.53667
236518,-0.914,0.468,0.219,1.06889,-0.09,-0.60667,-1.285,-0.038,-0.181,0.62333,-0.01667,-0.21889
236622,-1.075,-0.233,-0.371,-0.65889,0.01778,-0.36,-1.142,0.07,0.19,0.09556,-0.04333,2.12667
236721,-0.987,0.027,0.297,0.01444,0.19667,-1.20111,-1.267,-0.221,-0.363,-0.38556,0.90333,2.31
236819,-0.917,-0.075,0.198,-1.26333,-0.06556,-1.33,-0.895,-0.015,-0.046,-2.05222,0.41111,1.79778
236920,-0.886,-0.094,0.209,-1.18667,0.08111,-1.03667,-0.636,-0.176,0.05,-1.18667,0.16556,0.65
237016,-0.889,-0.098,0.331,-0.37222,0.16111,-0.89778,-0.485,0.246,-0.031,1.08222,-0.12444,-0.37889
237120,-0.971,-0.243,0.347,-0.8,-0.02333,-0.47,-1.44,0.965,-0.182,-0.72333,-0.14889,-0.57
237220,-1.276,-0.034,0.503,-1.16222,0.00556,0.00556,-0.966,-0.261,-0.058,-1.94,-0.26333,-1.17889
237320,-1.115,0.213,0.0,-0.11444,-0.01889,2.31222,-1.121,-0.399,-0.089,0.65556,0.39111,-0.61333
237420,-1.32,-0.151,0.388,1.27556,-1.05111,2.2,-0.981,-0.208,-0.408,0.44889,-0.17667,-0.78111
237520,-0.975,-0.08,0.169,2.34,-0.64333,1.75222,-0.94,0.106,0.041,0.42889,0.26667,-0.47667
237621,-0.461,-0.049,-0.02,0.79778,-0.02222,0.52667,-0.869,-0.14,-0.307,0.73556,0.03333,-0.50333
237721,-0.474,0.292,0.007,-0.96,0.30667,-0.62,-0.911,-0.074,-0.088,0.12778,-0.08333,-1.07556
237823,-1.335,0.948,0.407,0.45111,-0.33111,0.19,-1.061,-0.262,-0.309,0.75556,-0.12333,-0.5
237923,-1.002,0.203,0.458,0.96333,-0.08222,-0.61111,-1.313,-0.016,-0.285,0.76222,-0.06333,-0.01222
238022,-0.934,-0.16,-0.17,0.35889,0.31889,-0.90889,-1.11,0.05,0.247,-0.39778,-0.17889,2.85556
238121,-0.954,0.111,0.148,0.13667,0.07778,-1.13444,-1.198,-0.263,-0.345,-1.05667,0.96,2.24333
238220,-0.831,-0.114,0.2,-1.44333,-0.07444,-1.21556,-0.734,0.003,-0.057,-1.96333,0.58222,1.68556
238320,-0.861,-0.063,0.274,-0.98,0.12778,-0.98,-0.545,-0.176,0.08,-0.57667,0.05444,0.33
238421,-0.93,0.043,0.373,-0.13333,0.20333,-0.97778,-0.658,0.326,-0.27,0.78667,-0.46778,-1.02667
238515,-0.986,-0.233,0.292,-0.84,0.00333,-0.46556,-1.159,0.717,-0.067,1.32556,0.31,0.06
238620,-1.304,-0.028,0.25,-1.14778,-0.01,0.31,-1.799,-0.057,0.002,-0.84444,-0.20333,-2.22111
238719,-1.112,-0.183,0.002,0.6,-0.17778,2.89,-0.486,-0.765,-0.098,0.72,-0.00667,-1.20111
238823,-1.124,-0.344,0.397,2.24667,-0.89778,2.19111,-1.007,-0.058,0.088,0.84556,0.45444,-0.78333
238921,-0.843,0.013,0.035,2.06444,-0.48,1.68222,-0.935,-0.223,-0.271,2.02222,0.15444,-0.37
239021,-0.496,-0.057,0.046,0.33,-0.39222,0.22667,-0.905,-0.128,-0.165,0.39778,-0.00778,-0.59444
239118,-0.584,0.493,0.218,-0.23889,0.60778,-1.40444,-0.935,-0.023,-0.059,0.58444,-0.10889,-1.05889
239221,-0.953,0.393,0.074,0.13778,-0.53667,0.41444,-1.223,-0.229,-0.266,0.37,-0.15,-0.53667
239318,-1.047,0.552,0.578,1.49444,-0.78,-0.30778,-1.344,0.106,-0.183,0.51,0.07,0.91111
239420,-0.803,-0.391,0.228,-0.42667,-0.16333,-1.27222,-1.376,-0.534,-0.362,0.79,0.50444,2.90444
239520,-0.925,-0.049,0.148,-0.62444,0.02222,-1.40444,-1.17,-0.199,-0.073,-2.25667,0.67889,1.82
239615,-0.919,-0.087,0.265,-1.31,0.0,-0.99778,-0.597,-0.014,-0.078,-1.44,0.36,1.38333
239718,-0.931,-0.096,0.324,-0.57222,0.14222,-0.78889,-0.538,0.078,0.085,0.30222,0.22667,-0.00889
239823,-0.906,-0.051,0.45,-0.48222,0.03222,-0.70889,-1.144,0.574,-0.416,-0.73444,-0.55556,-1.43111
239918,-1.129,-0.099,0.169,-0.84444,-0.11,-0.36889,-0.662,0.213,0.096,0.08,0.14889,-0.41222
240019,-1.332,-0.015,0.204,-0.90667,-0.08,1.61,-1.221,0.767,-0.205,-0.23111,0.03111,-0.73556
240123,-1.375,-0.299,0.44,-0.15111,-0.97222,2.63,-1.174,0.067,-0.544,-0.59111,-0.24,-1.17667
240225,-1.111,-0.152,0.178,2.77333,-0.55889,1.83778,-0.974,0.045,-0.098,-0.06222,0.26,-0.63889
240318,-0.534,-0.045,0.043,1.12889,-0.26889,1.11667,-0.938,-0.197,-0.166,0.70556,0.07,-0.60222
240415,-0.509,0.102,-0.06,0.04889,-0.09111,-0.52667,-0.957,-0.184,-0.08,0.36,-0.05111,-0.84444
240518,-1.636,0.914,0.534,1.02,0.51,-1.26,-0.936,-0.267,-0.222,1.03556,-0.09111,-0.47111
240623,-1.01,0.364,-0.041,0.45667,-0.30222,-0.23778,-1.218,-0.167,-0.198,0.79333,-0.16,-0.39
240717,-0.499,0.109,0.08,0.50111,-0.87667,0.15,-1.307,0.079,-0.063,0.12667,0.12111,0.89
240821,-0.961,-0.283,0.184,-1.03333,-0.23,-1.21556,-1.374,-0.411,-0.37,0.59778,0.53889,2.81
240919,-0.925,-0.008,0.287,-1.01111,-0.09667,-1.28,-1.147,-0.227,-0.191,-2.33556,0.71,2.06889
241020,-0.937,-0.049,0.241,-1.06,0.15444,-1.10222,-0.502,-0.106,0.041,-1.33,0.6,1.22222
241114,-0.963,-0.025,0.213,-0.62556,0.28889,-0.92444,-0.444,0.09,0.088,0.87556,-0.05889,-0.38222
241220,-0.932,-0.114,0.293,-0.53222,0.0,-0.59889,-1.734,0.846,-0.285,-1.08889,-0.34,-1.29444
241321,-1.17,0.038,0.46,-1.02444,-0.01444,-0.27222,-0.819,0.149,0.062,-1.30778,-0.06889,-0.97333
241419,-1.182,0.073,0.247,-0.69,-0.03,1.51,-0.888,-0.207,-0.091,1.32444,0.43556,-1.04
241511,-1.385,-0.169,0.321,0.53111,-1.07222,2.45889,-0.951,-0.046,-0.529,0.07,-0.09778,-0.82667
241623,-1.144,-0.15,0.239,2.28444,-0.61111,2.05556,-0.968,0.039,-0.059,0.24778,0.27111,-0.59333
241718,-0.418,-0.053,0.038,1.35444,-0.14778,1.02,-0.939,-0.188,-0.251,0.86222,0.04778,-0.56889
241819,-0.514,0.148,-0.07,0.00111,0.03,-0.67,-0.915,-0.129,-0.06,0.40667,-0.06889,-0.94
241919,-1.872,1.088,0.688,0.00444,0.46556,-1.41444,-1.085,-0.298,-0.477,1.05,-0.21333,-0.57111
242022,-0.881,0.512,0.429,-0.15333,0.05778,-0.74,-1.332,-0.038,-0.182,0.59556,-0.02333,-0.12667
242119,-0.837,-0.41,-0.187,-0.00889,0.03889,-0.51556,-1.124,0.116,0.236,-0.25222,-0.12444,2.84778
242217,-0.942,0.15,0.146,-0.07111,0.08111,-1.06,-1.176,-0.267,-0.321,-1.26222,0.88333,2.28
242317,-0.873,-0.105,0.191,-1.38556,-0.1,-0.96,-0.8,-0.017,-0.05,-1.79,0.35444,1.69556
242418,-0.884,-0.05,0.313,-1.01111,0.08,-0.98111,-0.539,-0.229,0.013,-0.65333,0.14444,0.25667
242521,-0.868,-0.015,0.294,-0.24333,0.08,-0.81222,-0.771,0.439,-0.274,0.41111,-0.26,-0.95222
242615,-0.96,-0.326,0.251,-0.94222,0.03556,-0.40333,-1.029,0.703,-0.028,1.27222,0.23556,0.22
242719,-1.208,-0.007,0.537,-1.40111,0.15778,-0.10222,-1.097,-0.038,-0.33,-1.16111,-0.36,-1.32111
242816,-1.145,-0.058,0.138,-0.45778,0.06,2.73444,-0.617,-0.648,0.049,0.10667,0.56556,-0.27444
242916,-1.067,-0.242,0.23,1.92889,-1.07556,2.03667,-0.913,-0.317,-0.184,0.87444,0.30444,-1.09
243010,-0.919,-0.062,0.174,2.07,-0.66333,1.64111,-0.897,0.043,-0.062,1.05889,0.24444,-0.33
243120,-0.581,-0.034,-0.003,0.82,-0.08778,0.32333,-0.884,-0.21,-0.251,0.47444,0.10556,-0.53556
243216,-0.4,0.377,0.17,-0.65889,0.42667,-0.83,-0.844,-0.074,-0.13,0.59444,0.00444,-0.97111
243320,-0.836,0.493,0.201,0.69778,-0.58556,0.62444,-1.02,-0.27,-0.227,0.71222,-0.08111,-0.43889
243419,-1.311,0.23,1.124,1.35556,-0.24333,-0.19111,-1.303,-0.15,-0.192,0.83,0.06111,0.01222
243519,-1.036,-0.094,0.586,-0.85222,-0.12556,-0.95222,-1.237,-0.087,0.079,-0.13333,-0.10667,2.87667
243618,-0.991,0.08,0.098,-0.04444,-0.06333,-1.33889,-1.067,-0.293,-0.226,-2.30667,0.66889,1.94556
243718,-0.869,-0.166,0.301,-1.36333,0.02444,-1.22,-0.663,-0.004,-0.027,-1.22889,0.20333,1.65
243818,-0.887,-0.058,0.343,-1.11778,0.26222,-1.10778,-0.56,-0.09,0.018,-0.35222,0.04333,0.58778
243920,-0.912,-0.025,0.289,-0.42222,0.05111,-0.89667,-0.73,0.428,-0.281,0.35556,-0.29778,-0.75778
244019,-0.969,-0.284,0.281,-0.87,-0.06889,-0.43333,-1.148,0.723,-0.169,0.68889,0.33889,-0.05222
244120,-1.437,0.043,0.229,-1.22556,-0.10111,0.33889,-1.386,-0.214,0.131,-0.98333,0.06778,-2.03667
244218,-1.259,-0.29,0.344,0.32556,-0.29444,2.78778,-0.761,-0.524,-0.451,0.58556,0.14667,-1.10667
244316,-1.12,-0.226,0.179,2.06778,-0.88444,1.98222,-1.002,0.056,0.194,0.69222,0.38222,-0.75667
244410,-0.739,-0.052,0.157,1.84222,-0.50111,1.53667,-0.899,-0.346,-0.345,1.95444,0.16444,-0.37111
244516,-0.505,-0.057,-0.054,0.66111,0.01222,0.19,-0.914,-0.17,-0.114,0.21111,0.02667,-0.64222
244618,-0.876,0.772,0.462,-0.52778,0.72667,-1.38556,-1.002,-0.09,-0.216,0.95222,-0.13,-1.05222
244723,-0.975,0.304,-0.094,-0.33222,-0.62333,0.09778,-1.167,-0.087,-0.203,0.60444,-0.01778,-0.53889
244818,-0.341,-0.333,-0.422,2.59,-0.66,0.40778,-1.375,0.06,-0.192,0.57333,0.15667,0.94444
244923,-0.937,-0.269,0.493,-1.89111,-0.48556,-1.50778,-1.267,-0.549,-0.422,0.66444,0.33111,3.13556
245022,-0.944,0.023,0.257,-1.19333,-0.07556,-1.19556,-1.216,-0.193,0.01,-2.73,0.73,2.06667
245119,-0.934,0.03,0.154,-1.05889,-0.07667,-0.78667,-0.44,-0.079,0.03,-1.25,0.48,1.28444
245223,-0.853,-0.056,0.306,-0.39111,0.24444,-0.93,-0.496,-0.061,0.042,0.57,-0.19,-0.57444
245319,-0.901,-0.125,0.336,-0.55333,0.28333,-0.92333,-1.621,0.907,-0.689,-1.07,-0.1,-0.63
245418,-1.186,-0.034,0.235,-1.11,0.03333,-0.66444,-0.193,0.329,0.187,-0.44556,0.28778,-0.19222
245519,-1.331,-0.002,0.291,-0.98333,-0.11444,1.52556,-2.019,0.555,-0.374,0.43,0.11889,-1.56333
245623,-1.338,-0.288,0.386,0.28,-1.04222,2.50889,-1.0,-0.147,-0.145,-0.26778,-0.40222,-1.55
245725,-1.16,-0.253,0.276,2.60778,-0.65,2.00556,-1.037,0.015,-0.037,0.75111,0.38444,-0.63889
245822,-0.56,-0.05,0.042,1.26,-0.29333,1.28222,-0.891,-0.315,-0.167,1.79,0.09222,-0.5
245924,-0.44,0.01,-0.087,0.03889,0.05556,-0.42444,-0.997,-0.081,-0.116,0.02222,0.01,-0.70667
246017,-1.714,1.128,0.608,0.54444,0.80778,-1.39,-1.023,-0.104,-0.327,1.14556,-0.20556,-0.68111
246122,-1.126,0.473,-0.082,-0.19667,0.13444,-0.29444,-1.238,-0.102,-0.263,0.82,-0.08,-0.35111
246217,-0.448,-0.262,-0.583,-1.54778,-0.45,-0.6,-1.106,0.035,0.129,0.22111,0.04,1.77444
246312,-0.815,-0.357,0.418,0.06778,0.23778,-1.31667,-1.287,-0.288,-0.404,0.04556,0.97778,2.31667
246416,-0.967,-0.02,0.167,-1.36333,-0.04889,-1.16556,-1.132,-0.069,-0.01,-2.42,0.52556,1.66667
246517,-0.933,-0.067,0.269,-1.22444,0.04222,-0.85889,-0.643,-0.125,-0.015,-1.23111,0.1,1.06333
246613,-0.945,-0.097,0.29,0.03667,0.26778,-0.96444,-0.576,0.212,0.02,0.71,0.00889,-0.26667
246712,-0.958,-0.001,0.37,-0.70778,-0.02556,-0.54556,-1.434,0.696,-0.126,-1.5,-0.19111,-1.09889
246815,-1.208,-0.044,0.347,-1.09556,-0.10222,-0.05333,-0.71,-0.302,0.013,-1.87444,0.12222,-1.16667
246919,-1.164,0.104,0.178,0.08,0.04444,2.35333,-0.82,-0.333,0.114,0.18556,0.49333,-0.92111
247021,-1.333,-0.173,0.35,0.96778,-0.95111,2.21333,-1.001,-0.252,-0.166,-0.00889,0.04222,-0.77333
247116,-1.071,-0.094,0.134,2.60111,-0.57667,1.72889,-0.896,-0.049,-0.158,1.03,0.19333,-0.44444
247221,-0.591,-0.069,-0.024,1.03889,-0.11444,0.75333,-0.9,-0.176,-0.188,0.38111,0.05222,-0.66111
247319,-0.392,0.218,-0.058,-0.87889,0.26667,-0.50111,-0.961,-0.079,-0.018,0.40667,-0.11667,-0.99889
247417,-1.644,0.926,0.483,0.76778,-0.17444,-0.17556,-1.025,-0.406,-0.405,0.77111,-0.06444,-0.49
247515,-1.054,0.56,0.322,0.70444,-0.36889,-0.34,-1.179,-0.128,-0.244,0.56,-0.11,-0.37444
247617,-1.559,-0.116,0.013,0.22333,0.45889,-0.48333,-1.179,0.061,0.152,0.16111,0.12444,1.71444
247719,-0.937,-0.029,0.51,-0.34,0.13222,-1.20222,-1.276,-0.31,-0.29,-0.13333,0.88667,2.58333
247817,-0.942,-0.067,0.245,-1.11778,0.02,-1.25333,-0.945,-0.099,-0.1,-1.93667,0.59667,2.10889
247917,-0.919,-0.066,0.225,-1.27333,0.09,-0.90778,-0.591,-0.112,0.041,-1.23667,0.06,0.99222
248017,-0.853,-0.046,0.211,-0.20444,0.16667,-1.00556,-0.493,0.31,-0.013,1.01667,-0.10222,-0.78667
248114,-0.897,-0.197,0.359,-0.95111,-0.06778,-0.5,-1.331,0.923,-0.428,-0.78333,-0.10444,-0.89222
248214,-1.267,0.003,0.302,-1.05111,-0.03,-0.19333,-0.856,-0.246,-0.132,-1.57444,0.25,-2.12778
248315,-1.125,0.002,0.157,0.48333,-0.14556,2.52,-0.511,-0.693,-0.042,1.00667,0.31667,-0.72556
248417,-1.158,-0.244,0.186,1.54333,-0.90111,2.21333,-0.981,-0.287,-0.115,1.02222,0.28778,-0.90889
248510,-0.936,-0.097,0.183,2.09556,-0.56444,1.87778,-0.913,-0.099,-0.232,1.3,0.14,-0.39222
248616,-0.506,-0.084,0.0,0.58,-0.04222,0.66222,-0.886,-0.179,-0.202,0.34333,-0.02,-0.66778
248713,-0.421,0.491,0.245,-0.31556,0.53111,-1.12111,-0.902,0.027,-0.12,0.49,-0.06889,-1.03111
248816,-0.927,0.625,0.173,-0.26556,-0.82556,0.44444,-1.024,-0.298,-0.279,0.58111,-0.01444,-0.39
248918,-1.251,0.464,0.433,2.16111,-0.52667,-0.08444,-1.477,0.031,-0.343,0.50333,0.03111,0.82
249014,-0.883,-0.034,0.479,-0.98444,-0.37889,-1.57333,-1.244,-0.274,-0.144,0.52778,0.28111,3.02778
249119,-0.9,-0.103,0.314,-1.10333,0.04444,-1.45556,-1.032,-0.239,-0.004,-2.51556,0.70333,1.83333
249215,-0.878,-0.172,0.183,-1.25556,0.07778,-1.18889,-0.683,0.036,-0.015,-1.46778,0.38222,1.25556
249318,-0.979,-0.049,0.376,-0.31333,0.18,-0.98,-0.574,-0.04,0.025,0.07889,0.05222,0.04889
249417,-0.854,-0.133,0.392,-0.77111,0.0,-0.59,-0.863,0.467,-0.368,-0.05333,-0.55667,-1.30778
249517,-1.178,-0.092,0.169,-0.81556,-0.09444,-0.35,-0.822,0.354,0.118,1.41444,0.34222,-0.19556
249617,-1.36,0.004,0.248,-0.74667,-0.05,1.38,-1.52,0.869,-0.091,-0.52222,0.01556,-0.67889
249717,-1.383,-0.303,0.407,-0.14667,-0.92444,2.57333,-1.057,-0.125,-0.242,-0.70778,-0.20556,-1.2
249814,-1.11,-0.195,0.285,2.54778,-0.61667,1.84778,-0.934,-0.046,0.013,0.43889,0.28,-0.57667
249913,-0.555,-0.046,0.064,1.59556,-0.27111,1.21,-0.928,-0.273,-0.236,1.29778,0.07778,-0.56444
250014,-0.495,0.05,-0.075,-0.19111,-0.14333,-0.28,-0.906,-0.176,-0.089,0.09222,-0.07778,-0.79444
250117,-1.604,1.027,0.616,0.74444,0.48,-1.37778,-0.957,-0.116,-0.229,0.97778,-0.15556,-0.66111
250217,-0.862,0.383,0.088,0.34,-0.32,-0.35111,-1.283,-0.123,-0.235,0.86222,-0.11333,-0.52889
250317,-0.539,-0.156,-0.432,-1.27,-1.09667,0.27556,-1.37,0.023,-0.157,0.29889,0.03222,0.69444
250417,-0.952,-0.326,0.49,-1.59333,-0.02,-1.17111,-1.309,-0.465,-0.417,0.37778,0.38111,2.67444
250519,-0.936,-0.022,0.111,-1.05667,0.07667,-1.46111,-1.192,-0.283,-0.049,-2.53444,0.63889,1.84111
250616,-0.9,-0.103,0.215,-1.08778,0.18,-1.13444,-0.598,-0.096,-0.035,-1.26778,0.29333,1.54444
250720,-0.909,-0.05,0.297,-0.64,0.22,-0.93556,-0.526,-0.038,0.078,0.31444,0.06556,0.19
250814,-0.939,-0.149,0.403,-0.67333,0.14,-0.78444,-1.306,0.676,-0.293,-0.63,-0.60556,-1.37444
250917,-1.292,-0.135,0.208,-0.86444,-0.18,-0.35333,-0.495,0.087,0.149,-0.55667,0.15,-0.56333
251018,-1.246,0.015,0.311,-1.04889,-0.16778,1.64333,-1.111,0.379,-0.219,0.35,0.04444,-0.22667
251118,-1.384,-0.174,0.365,1.23,-0.91667,2.52,-1.012,-0.036,-0.282,-0.69778,-0.15,-0.94778
251210,-1.093,-0.209,0.205,1.70889,-0.46222,2.26889,-0.932,-0.056,-0.069,0.59889,0.23333,-0.46444
251315,-0.405,-0.051,0.064,1.04889,-0.16667,0.88333,-0.913,-0.168,-0.266,1.09222,0.13,-0.56333
251418,-0.486,0.192,0.031,0.03778,0.24667,-0.81556,-0.831,-0.127,-0.068,-0.14444,-0.02,-0.90111
251517,-1.475,0.874,0.685,0.08111,-0.02444,-0.56667,-1.021,-0.245,-0.408,1.22111,-0.07222,-0.42667
251610,-0.966,0.409,0.052,0.73444,-0.29556,-0.49333,-1.211,0.006,-0.204,0.64,-0.04444,-0.26889
251715,-1.295,-0.214,-0.304,0.03222,0.46,-0.75111,-1.156,0.091,0.13,-0.07222,0.06556,2.0
251810,-0.911,-0.08,0.484,-0.51444,0.18889,-1.27444,-1.27,-0.26,-0.397,-0.62889,0.74222,2.35556
251910,-0.879,-0.096,0.182,-1.47444,-0.07222,-1.06889,-0.847,-0.01,-0.097,-1.64778,0.30556,2.00667
252016,-0.887,-0.059,0.286,-1.25,-0.00111,-0.58,-0.659,-0.152,-0.049,-0.8,0.15556,0.82111
252110,-0.933,-0.103,0.125,0.14222,0.22778,-0.99778,-0.5,0.283,0.061,0.68667,-0.07333,-0.97889
252216,-1.003,-0.138,0.38,-0.86667,0.04444,-0.50667,-1.618,0.919,-0.379,-0.51222,-0.24444,-1.11444
252318,-1.22,0.044,0.336,-1.07,-0.08,0.09444,-0.872,-0.214,-0.098,-1.13,0.06111,-1.49
252419,-1.093,0.054,0.02,0.27889,-0.01,2.46,-0.735,-0.48,0.051,0.64111,0.30444,-0.62889
252518,-1.258,-0.277,0.378,1.07889,-1.06556,2.22,-0.986,-0.237,-0.166,0.75667,0.33,-0.82889
252617,-0.771,-0.06,0.138,2.17778,-0.69889,1.83667,-0.884,-0.089,-0.081,1.11889,0.21889,-0.28111
252717,-0.496,-0.083,-0.028,1.20667,-0.05,0.36667,-0.867,-0.176,-0.198,0.43111,0.05111,-0.67
252810,-0.565,0.475,0.23,-0.69667,0.34778,-1.02778,-0.973,-0.04,-0.136,0.79,-0.20778,-1.14889
252916,-0.895,0.51,0.166,-0.40556,-0.50333,-0.15,-1.107,-0.165,-0.228,0.64333,0.00333,-0.38111
253011,-1.082,0.677,0.271,2.14444,-0.46111,-0.69889,-1.279,0.116,-0.227,0.19,0.0,0.69111
253115,-0.896,0.052,0.335,-0.09,-0.24667,-0.72889,-1.222,-0.17,-0.107,0.36111,-0.02222,3.15889
253217,-0.884,-0.103,0.288,-1.18667,-0.05444,-1.21,-1.163,-0.26,-0.124,-2.17222,0.84,1.89111
253313,-0.893,-0.129,0.244,-0.97778,0.13889,-1.20222,-0.618,-0.066,0.02,-1.5,0.52,1.34556
253415,-0.932,-0.036,0.313,-0.84667,0.31333,-0.99556,-0.482,-0.168,0.044,-0.06889,0.12556,0.05444
253515,-1.06,0.04,0.4,-0.40222,0.2,-0.91222,-1.281,0.915,-0.528,-0.17333,-0.39667,-0.85222
253610,-1.172,-0.199,0.16,-0.63,-0.04444,-0.52,-0.715,0.199,0.025,0.28222,0.30222,-0.49111
253710,-1.263,0.036,0.229,-1.03,-0.10778,0.72,-1.58,0.568,-0.032,-0.35778,-0.11667,-2.07
253818,-1.26,-0.357,0.458,-0.12444,-0.31444,2.84667,-0.939,-0.261,-0.089,-0.28889,-0.14778,-1.02556
253910,-1.188,-0.248,0.227,2.89444,-0.86778,1.98778,-0.965,-0.108,-0.17,0.69778,0.26889,-0.76
254014,-0.658,-0.027,0.076,1.76556,-0.66778,1.61556,-0.931,-0.176,-0.188,1.20444,0.12222,-0.50111
254115,-0.452,-0.069,-0.03,0.19778,-0.27222,0.06,-0.94,-0.126,-0.145,0.26333,-0.05,-0.69889
254210,-1.249,0.83,0.475,-0.39,1.04222,-1.54444,-0.931,-0.09,-0.254,0.78667,-0.12778,-0.88556
254310,-1.105,0.274,-0.036,-0.65667,-0.53,0.21,-1.323,-0.203,-0.233,0.52667,-0.00667,-0.24333
254411,-0.678,-0.086,-0.324,0.09,-0.87667,0.06,-1.22,0.045,0.019,0.27,0.11222,1.32556
254510,-1.06,-0.159,0.448,-0.04556,-0.10111,-1.31111,-1.447,-0.353,-0.459,1.09333,0.78889,2.50889
254614,-0.965,-0.075,0.256,-1.30778,-0.12,-1.23889,-1.072,-0.122,-0.065,-2.41556,0.60444,1.80556
254712,-0.931,-0.062,0.217,-1.12222,-0.00889,-0.93,-0.59,-0.109,-0.021,-1.40889,0.28778,0.84111
254815,-0.901,-0.058,0.251,-0.36444,0.24444,-0.87,-0.496,0.174,0.207,0.36778,0.03111,-0.56889
254921,-0.915,-0.092,0.43,-0.66444,0.01444,-0.62,-1.394,0.882,-0.301,-1.27444,-0.2,-1.06333
255020,-1.309,-0.121,0.493,-0.99889,0.07444,-0.26111,-0.937,0.079,-0.006,-1.68889,-0.08,-0.88444
255113,-1.218,0.02,0.221,-0.94667,-0.01,1.67556,-0.875,-0.187,-0.071,0.69,0.27333,-0.83667
255221,-1.356,-0.155,0.28,0.85889,-0.82222,2.34,-0.923,-0.206,-0.385,-0.14111,0.06444,-0.82778
255319,-1.072,-0.142,0.265,2.48333,-0.48,1.77889,-0.955,0.025,-0.144,0.66,0.21222,-0.62
255420,-0.554,-0.035,0.006,1.29556,-0.18333,0.92111,-0.97,-0.14,-0.243,0.72111,-0.00778,-0.63
255520,-0.38,0.183,-0.1,-0.58556,-0.03556,-0.55778,-0.918,-0.072,-0.023,0.32,-0.06222,-0.91111
255620,-1.63,1.035,0.452,0.89444,-0.13111,-0.78444,-1.056,-0.24,-0.426,1.12111,-0.12889,-0.44778
255712,-1.307,0.453,0.791,1.22,-0.15333,-0.20556,-1.395,-0.115,-0.369,0.8,0.01889,0.18778
255814,-1.343,0.222,0.378,0.18667,0.27778,-0.45556,-1.264,-0.07,0.23,-0.00333,-0.12889,3.23
255919,-0.89,0.065,0.203,-0.37,-0.12,-1.33222,-1.072,-0.294,-0.47,-2.91,0.67889,1.98222
256022,-0.9,-0.142,0.319,-1.1,-0.02222,-1.22,-0.663,0.098,0.023,-1.31556,0.38778,1.51778
256120,-0.856,-0.05,0.246,-1.07889,0.12889,-0.97889,-0.521,-0.092,0.08,-0.44556,0.11333,0.36222
256216,-0.902,0.032,0.297,-0.42333,0.06444,-0.84444,-0.759,0.413,-0.457,0.53111,-0.40333,-0.96778
256318,-0.994,-0.223,0.279,-1.01778,-0.12,-0.41111,-1.067,0.575,-0.225,0.67222,0.32222,-0.39444
256419,-1.388,0.007,0.391,-1.22667,-0.03333,0.40333,-1.909,0.37,0.033,-0.49333,-0.18,-1.94222
256511,-1.331,-0.266,0.391,0.41,-0.52667,2.72444,-0.821,-0.683,-0.646,0.60556,0.00667,-1.76889
256615,-1.06,-0.302,0.205,2.69,-0.74778,1.97333,-0.925,0.086,0.382,1.06889,0.39,-0.58111
256713,-0.708,-0.034,0.133,1.40111,-0.35556,1.46111,-0.933,-0.265,-0.36,1.47,0.04222,-0.53222
256810,-0.453,-0.043,-0.042,0.11444,0.01222,0.03667,-0.894,-0.163,-0.027,0.17111,-0.04,-0.73889
256914,-1.252,0.914,0.491,-0.24222,0.95556,-1.48333,-0.969,-0.087,-0.248,0.86,-0.13667,-0.90778
257018,-0.601,0.368,-0.041,0.06333,-0.65889,0.16333,-1.153,-0.096,-0.018,0.34556,-0.06778,-0.54667
257115,-0.768,-0.02,-0.283,0.68444,-1.08111,0.39778,-1.37,0.01,-0.189,0.31,0.18,0.90667
257215,-0.859,-0.189,0.566,-0.85222,-0.13778,-1.40333,-1.303,-0.479,-0.347,1.12889,0.63667,2.8
257314,-0.969,-0.001,0.027,-0.93111,0.0,-1.45,-1.165,-0.206,0.017,-2.36778,0.65333,1.90889
257410,-0.919,-0.14,0.245,-1.18667,0.11889,-1.13222,-0.549,-0.032,-0.084,-1.15444,0.31889,1.18222
257510,-0.92,-0.145,0.283,-0.57667,0.22333,-0.81333,-0.517,0.062,0.09,-0.09556,0.02667,-0.41111
257614,-0.972,0.018,0.359,-0.75333,-0.00889,-0.57889,-1.433,0.738,-0.455,-1.02556,-0.47778,-1.19889
257710,-1.247,-0.049,0.29,-1.06,-0.14444,-0.15889,-0.67,0.014,0.029,-1.14667,0.10778,-0.63889
257810,-1.271,-0.032,0.18,-0.48222,-0.07667,1.42,-0.995,0.287,-0.011,0.50667,0.48111,-0.55889
257919,-1.341,-0.197,0.431,-0.25667,-0.92889,2.40111,-1.147,-0.093,-0.613,-0.09333,-0.22111,-0.81778
258010,-1.119,-0.083,0.207,3.09667,-0.57111,1.58889,-0.992,0.007,0.058,0.24889,0.27,-0.63222
258116,-0.526,-0.047,-0.045,1.27667,-0.17333,1.19,-0.913,-0.164,-0.292,0.89333,0.07111,-0.58111
258212,-0.496,0.073,-0.075,-0.23889,-0.09667,-0.15778,-0.995,-0.099,-0.08,0.19333,-0.06222,-0.92
258312,-1.711,0.979,0.49,0.11556,0.80222,-1.42778,-0.981,-0.187,-0.349,0.92,-0.10778,-0.61778
258410,-1.044,0.568,0.259,0.38222,-0.13333,-0.48111,-1.228,-0.088,-0.265,0.49667,-0.06333,-0.3
258514,-0.386,-0.177,-0.713,-1.1,-0.76556,0.54111,-1.089,0.086,0.299,0.0,0.06556,1.69444
258614,-0.781,-0.322,0.289,0.18556,0.20889,-0.78444,-1.391,-0.297,-0.383,0.25,0.89889,2.47667
258715,-0.916,-0.027,0.195,-0.93667,-0.15,-1.12,-1.119,-0.059,0.055,-2.42333,0.25778,1.96333
258814,-0.916,-0.064,0.184,-1.14333,0.0,-1.04667,-0.553,-0.171,-0.021,-0.80333,0.19667,0.84778
258912,-0.913,-0.137,0.388,-0.59889,0.31111,-0.94222,-0.455,0.22,-0.023,0.88778,-0.17333,-0.46333
259014,-0.953,-0.017,0.41,-0.71444,0.11,-0.82222,-1.499,1.064,-0.137,-1.02111,0.02444,-0.97444
259110,-1.229,0.053,0.453,-1.40556,0.01889,-0.15333,-0.998,-0.016,-0.026,-1.83556,-0.30444,-1.34
259212,-1.128,0.097,0.098,-0.46556,-0.07,2.10111,-0.919,-0.431,0.049,1.22333,0.62889,-1.23
259318,-1.27,-0.185,0.353,1.19667,-0.89556,2.11333,-0.982,-0.097,-0.434,0.49667,0.06889,-0.69778
259414,-0.976,-0.099,0.179,2.33,-0.57556,1.76778,-0.922,0.071,-0.012,0.63556,0.19111,-0.42111
259511,-0.535,-0.033,0.002,0.86667,0.00111,0.65778,-0.93,-0.137,-0.246,0.24444,0.03444,-0.59667
259610,-0.393,0.274,0.072,-0.83,0.23778,-0.59,-0.937,-0.103,-0.056,0.44667,-0.07333,-0.92222
259714,-1.426,0.935,0.527,0.85778,-0.41778,0.21,-1.04,-0.327,-0.301,0.8,-0.13889,-0.42889
259817,-1.218,0.561,0.31,1.15667,-0.41111,-0.35,-1.225,-0.061,-0.333,0.69444,-0.06111,-0.12667
259916,-1.328,-0.144,0.197,0.18778,0.68111,-0.91778,-1.197,0.023,0.105,-0.02778,-0.08333,2.55111
260013,-0.939,0.117,0.179,-0.2,0.09,-1.41333,-1.118,-0.267,-0.245,-1.53556,1.04667,2.21222
260110,-0.864,-0.044,0.259,-1.33444,-0.02,-1.08333,-0.797,-0.045,-0.05,-1.54,0.56,1.78889
260212,-0.927,-0.06,0.326,-0.68667,0.16,-0.84111,-0.612,-0.16,0.019,-0.79,0.06,0.59111
260315,-0.889,-0.042,0.173,-0.21,0.17,-0.89333,-0.755,0.573,-0.325,0.82,-0.40556,-0.67333
260412,-0.947,-0.199,0.341,-1.03444,-0.15333,-0.31333,-1.106,0.562,-0.128,1.00333,0.08,-0.12444
260512,-1.298,0.059,0.324,-1.14444,-0.10222,0.38556,-1.543,-0.012,-0.1,-0.97778,-0.07,-2.05222
260612,-1.279,-0.171,0.211,0.9,-0.29778,2.68,-0.652,-0.486,-0.199,0.94333,0.03,-0.68333
260715,-1.121,-0.187,0.203,1.59778,-0.80333,2.11,-1.031,-0.094,-0.069,0.72,0.35667,-1.04222
260810,-0.713,-0.032,0.153,1.75778,-0.56333,1.45556,-0.909,-0.176,-0.205,1.85667,0.12,-0.49889
260913,-0.502,-0.05,0.0,0.83,-0.00111,-0.09889,-0.926,-0.179,-0.183,0.12111,0.01889,-0.71
261012,-1.003,0.779,0.248,-0.66667,0.69444,-1.40889,-0.979,-0.12,-0.205,0.80222,-0.09889,-0.93333
261113,-0.744,0.437,-0.067,-0.02667,-0.63,0.64556,-1.18,-0.117,-0.179,0.38333,-0.01667,-0.26556
261214,-1.03,0.195,0.6,2.60444,-0.68333,-0.58,-1.279,0.068,-0.069,0.32111,0.05778,1.41889
261314,-1.026,-0.015,0.235,-0.88889,-0.29,-1.19667,-1.399,-0.503,-0.514,0.48778,1.12222,2.37333
261411,-0.952,-0.047,0.184,-0.72667,-0.18667,-1.20222,-1.184,-0.165,-0.043,-2.64222,0.62667,1.78889
261512,-0.9,-0.099,0.236,-1.26667,0.08222,-1.04333,-0.566,-0.135,-0.006,-1.07778,0.13889,0.97111
261615,-0.863,-0.091,0.24,-0.44,0.30778,-0.97889,-0.5,0.245,-0.069,1.06111,-0.16444,-0.55556
261716,-0.935,-0.102,0.32,-0.54,0.04556,-0.69444,-1.417,0.797,-0.397,-0.90333,-0.15556,-0.46778
261810,-1.161,-0.091,0.306,-1.24444,-0.05444,-0.23333,-0.955,0.163,0.186,-0.64,0.06444,-1.11889
261915,-1.197,-0.039,0.208,-0.60778,0.04667,0.89111,-1.028,0.647,-0.071,-1.03222,0.10556,-1.46333
262014,-1.303,-0.323,0.443,0.09556,-0.73,2.38,-1.096,-0.184,-0.314,0.16111,-0.06333,-1.03778
262111,-1.203,-0.18,0.243,2.75111,-0.73,1.86444,-1.016,-0.018,-0.112,0.50889,0.23444,-0.74667
262210,-0.603,-0.033,0.115,1.61889,-0.34333,1.56333,-0.933,-0.233,-0.251,1.19556,0.09889,-0.57111
262312,-0.527,0.028,-0.03,0.19556,-0.1,0.19444,-0.939,-0.125,-0.103,0.38111,0.00111,-0.63
262413,-0.957,0.573,0.347,-0.29333,0.77,-1.65,-0.948,-0.161,-0.198,0.70222,-0.09444,-0.78667
262513,-0.939,0.399,0.037,0.04111,-0.53,0.14667,-1.145,-0.245,-0.234,0.46222,-0.16556,-0.5
262611,-0.602,0.377,0.085,1.22778,-0.83,0.24222,-1.36,0.107,-0.093,0.47778,0.11111,0.83111
262715,-0.981,-0.23,0.557,-1.13667,-0.31,-1.55444,-1.289,-0.522,-0.412,0.55444,0.60778,2.81
262810,-0.984,0.008,0.043,-0.94556,-0.00889,-1.41778,-1.186,-0.25,-0.043,-2.48556,0.66556,1.76667
262914,-0.918,-0.113,0.451,-0.96,0.09,-1.12,-0.696,-0.016,0.0,-1.39444,0.19333,1.47444
263010,-0.966,-0.084,0.24,-0.49667,0.14,-0.87222,-0.507,0.025,0.051,0.62222,0.09778,0.21222
263110,-0.887,-0.108,0.325,-0.62,-0.01444,-0.51556,-1.399,0.755,-0.434,-1.18556,-0.34444,-1.76778
263212,-1.13,-0.168,0.258,-0.78889,-0.06222,-0.35222,-0.98,0.183,0.089,-1.05111,-0.14667,-0.78889
263313,-1.238,0.096,0.03,-0.65,0.01556,1.32889,-1.062,0.283,-0.176,1.02556,0.02667,-0.67333
263410,-1.329,-0.229,0.484,-0.03667,-0.87222,2.34333,-1.037,-0.075,-0.301,-0.36444,-0.03111,-0.95667
263510,-1.163,-0.122,0.125,2.47889,-0.60333,1.75333,-0.965,-0.079,-0.095,0.66,0.14,-0.55222
263610,-0.626,-0.05,0.064,1.50556,-0.11667,1.19556,-0.921,-0.17,-0.217,0.27222,0.04667,-0.58556
263713,-0.441,0.109,-0.086,-0.35,0.02778,-0.05,-0.936,-0.162,-0.045,0.26,-0.10556,-0.89556
263813,-1.662,1.085,0.589,0.65889,0.45778,-1.41,-1.062,-0.1,-0.281,0.92,-0.16,-0.67778
263910,-0.996,0.515,-0.103,0.94,0.03222,-0.41111,-1.277,-0.021,-0.253,0.71889,-0.01444,-0.04667
264012,-0.621,-0.527,-0.549,-0.67667,-0.07333,-0.29889,-1.209,0.049,0.227,0.11111,-0.24556,2.45778
264115,-0.929,0.017,0.438,-0.17333,0.08222,-1.03556,-1.228,-0.269,-0.248,-1.31333,0.83556,2.13111
264212,-0.97,-0.013,0.056,-1.06444,0.1,-1.17889,-0.883,-0.057,-0.038,-1.46,0.51889,1.56444
264314,-0.911,-0.035,0.377,-0.90444,0.09333,-0.97444,-0.615,-0.111,-0.035,-0.95111,0.09444,0.46333
264413,-0.889,-0.125,0.183,-0.20111,0.18667,-1.07778,-0.775,0.38,-0.129,0.59556,-0.26444,-0.35111
264510,-0.925,-0.176,0.306,-0.95667,-0.06889,-0.37556,-1.419,0.828,-0.374,-0.70889,0.06222,-0.96333
264612,-1.214,0.063,0.532,-1.17333,0.14778,-0.15667,-1.211,0.004,0.051,-0.94111,0.01889,-1.75222
264712,-1.217,0.234,-0.077,0.43222,0.04,2.49333,-0.772,-0.436,0.269,1.05889,0.32556,-1.13111
264814,-1.274,-0.261,0.421,1.42778,-0.95333,2.29778,-0.911,-0.041,-0.587,0.19556,0.32444,-0.71
264912,-0.904,-0.039,0.207,1.89111,-0.74,1.94556,-0.92,0.062,0.03,0.43,0.12,-0.48889
265010,-0.493,-0.037,0.078,0.99,-0.27111,0.42556,-0.871,-0.167,-0.208,0.16111,0.09667,-0.57889
265111,-0.505,0.33,0.061,-0.29667,0.40111,-1.11,-0.972,-0.032,0.032,0.54778,-0.07889,-1.16556
265210,-1.425,0.836,0.444,0.04667,-0.21778,-0.09,-1.023,-0.319,-0.321,0.70444,-0.09333,-0.41222
265312,-1.12,0.137,0.536,0.67222,-0.38889,-0.80889,-1.187,0.004,-0.274,0.70556,-0.12333,-0.07
265418,-1.079,-0.305,-0.109,0.07,0.20111,-0.80889,-1.138,0.127,0.24,-0.30444,-0.15889,2.60556
265518,-0.928,0.106,0.232,-0.38111,-0.01,-1.14444,-1.156,-0.27,-0.425,-1.01778,1.01778,2.18222
265614,-0.866,-0.174,0.261,-1.33,-0.04333,-1.03667,-0.871,-0.013,-0.018,-2.01333,0.52111,1.62778
265718,-0.895,-0.043,0.33,-0.92667,0.18333,-0.90667,-0.536,-0.164,0.113,-0.96444,0.18111,0.44333
265811,-0.998,0.114,0.313,-0.48222,0.17889,-0.87444,-0.69,0.381,-0.253,1.07667,-0.33889,-0.96222
265917,-1.051,-0.244,0.293,-0.71,-0.15333,-0.25667,-0.949,0.594,0.072,1.10222,0.45667,0.41556
266013,-1.453,0.052,0.23,-1.28,0.02222,0.96111,-1.811,0.103,0.013,-1.40778,-0.17556,-2.30889
266112,-1.284,-0.451,0.664,-0.73667,-0.67778,2.71333,-0.962,-0.586,-0.161,0.43,-0.03444,-1.13667
266217,-1.045,-0.31,0.192,3.25667,-0.73,1.65222,-0.943,-0.075,0.075,0.87333,0.52556,-0.78667
266318,-0.612,-0.007,-0.005,0.85,-0.35778,1.3,-0.913,-0.274,-0.305,1.70556,0.04,-0.56444
266417,-0.495,-0.019,-0.01,0.03889,0.08111,-0.38111,-0.991,-0.148,-0.163,0.19778,-0.05556,-0.81222
266517,-1.604,1.013,0.566,0.28444,0.68444,-1.23778,-0.871,-0.211,-0.262,0.88111,-0.13556,-0.66
266616,-0.429,0.491,-0.154,0.02333,-0.52778,-0.24111,-1.187,-0.109,0.038,0.48333,-0.01667,-0.49444
266718,-0.937,0.564,0.215,0.54778,-0.83667,-0.16,-1.271,0.024,-0.198,0.27333,0.16667,1.09556
266816,-1.066,-0.226,0.585,-1.01222,-0.11444,-1.50667,-1.256,-0.349,-0.227,0.39111,0.33111,2.89
266915,-0.962,-0.089,0.062,-0.88444,0.01111,-1.55222,-1.18,-0.233,-0.196,-2.43333,0.65889,1.89444
267011,-0.984,-0.126,0.228,-1.05556,0.08444,-0.68111,-0.64,-0.042,-0.049,-1.63222,0.48444,1.22
267110,-0.891,-0.119,0.266,-0.51111,0.06,-0.64444,-0.519,0.04,0.173,0.28333,0.06,-0.40333
267210,-0.892,-0.145,0.413,-0.44667,0.05,-0.72333,-1.687,0.969,-0.642,-1.51667,-0.63111,-1.07
267312,-1.302,-0.067,0.312,-0.98778,-0.16444,-0.14222,-0.972,0.125,0.025,-1.14,-0.13,-1.23333
267412,-1.157,0.185,-0.004,-0.34556,-0.03333,1.9,-0.911,-0.21,0.045,1.02556,0.37778,-1.18778
267510,-1.407,-0.215,0.568,0.14222,-1.07444,2.24778,-1.077,-0.11,-0.56,0.01778,0.11,-0.72444
267610,-1.04,-0.081,0.098,2.97667,-0.58556,1.66111,-0.927,-0.014,-0.097,0.87889,0.19889,-0.51889
267710,-0.52,-0.063,-0.025,1.21889,-0.12333,0.88444,-0.928,-0.122,-0.245,0.55333,0.08889,-0.63889
267812,-0.456,0.207,-0.018,-0.86333,0.14889,-0.38222,-0.907,-0.2,-0.038,0.23222,-0.02667,-0.92556
267912,-1.774,1.028,0.536,0.93667,0.04778,-0.62444,-1.037,-0.314,-0.463,0.97,-0.11889,-0.53667
268010,-1.033,0.323,0.154,0.15,-0.11111,-0.79667,-1.228,-0.068,-0.171,0.94556,-0.00778,-0.14222
268110,-1.035,-0.268,-0.096,-0.71444,-0.20889,-0.70444,-1.129,0.101,0.211,-0.08556,-0.10333,2.11
268212,-0.861,-0.025,0.143,-0.61,0.20889,-1.05444,-1.268,-0.238,-0.343,-0.59556,0.88778,2.25111
268310,-0.885,-0.074,0.22,-0.82778,0.00333,-1.06556,-0.972,-0.039,-0.059,-1.86333,0.4,1.59778
268410,-0.874,-0.104,0.316,-0.91556,0.21,-0.99222,-0.535,-0.16,0.02,-1.02,0.05111,0.77556
268510,-0.954,-0.018,0.298,-0.15333,0.25111,-0.99222,-0.654,0.305,-0.02,1.13333,-0.16444,-0.62
268613,-0.959,-0.277,0.25,-0.40556,-0.07778,-0.50778,-1.198,0.778,-0.209,0.92667,0.26111,-0.46333
268710,-1.272,-0.028,0.24,-1.03889,-0.09333,0.15,-1.003,-0.338,-0.227,-1.05222,0.22,-2.11556
268811,-1.223,-0.19,0.19,0.23667,0.05667,2.87111,-0.485,-0.688,-0.001,0.47333,0.17111,-0.87333
268910,-1.173,-0.288,0.315,1.87222,-0.99667,2.23556,-1.036,-0.091,-0.151,0.56,0.37778,-0.92889
269010,-0.767,-0.016,0.153,1.56667,-0.64778,1.75111,-0.913,-0.172,-0.167,1.69111,0.13111,-0.57222
269114,-0.444,-0.126,-0.039,0.70889,0.06556,0.10667,-0.909,-0.222,-0.184,0.35,0.00444,-0.63667
269214,-1.034,0.792,0.278,-0.45444,0.70333,-1.39889,-0.936,-0.117,-0.182,0.80444,-0.11556,-0.93222
269310,-0.837,0.513,0.203,0.23,-0.52111,0.48333,-1.166,-0.201,-0.089,0.48444,-0.02556,-0.44222
269410,-0.752,0.311,0.054,1.65222,-0.80667,-0.65556,-1.333,0.166,-0.247,0.53111,0.08889,0.82667
269510,-0.727,-0.104,0.149,-1.48889,-0.48667,-1.36778,-1.273,-0.392,-0.374,0.21556,0.35444,2.94111
269610,-0.881,-0.027,0.004,-0.60111,-0.08111,-1.21,-1.114,-0.27,-0.11,-2.29889,0.74556,1.96222
269708,-0.916,-0.153,0.292,-1.64222,-0.06889,-0.88889,-0.576,-0.01,-0.089,-1.45,0.47111,1.41333
269810,-0.91,-0.045,0.277,-0.93556,0.13333,-0.73333,-0.496,-0.096,0.145,-0.51,0.05556,-0.02
269908,-0.843,-0.062,0.405,-0.23,0.31,-0.91,-1.411,0.67,-0.303,0.04,-0.38,-1.11
270010,-1.19,-0.203,0.137,-0.7,0.02333,-0.52444,-0.577,0.257,0.134,1.23,0.25,0.00778
270099,-1.337,0.039,0.238,-0.98556,0.01,0.69222,-1.165,0.841,0.016,-0.79222,-0.08333,-1.54778
270210,-1.234,-0.375,0.498,-0.14,-0.56778,2.59889,-1.157,-0.186,-0.375,-0.43111,-0.15556,-1.13
270305,-1.176,-0.231,0.196,2.77222,-0.86667,1.91,-1.002,-0.041,0.016,0.76667,0.33,-0.74222
270410,-0.681,-0.092,0.061,1.63778,-0.47,1.54,-0.921,-0.299,-0.25,1.34444,0.11667,-0.61
270509,-0.457,-0.108,-0.02,0.49556,0.0,-0.03111,-0.906,-0.175,-0.073,0.16889,-0.01222,-0.68667
270610,-1.26,0.953,0.325,-0.09444,0.76444,-1.58222,-1.027,-0.104,-0.437,1.03222,-0.13333,-0.65556
270706,-0.946,0.479,-0.015,-0.06,-0.48111,0.51556,-1.281,-0.191,-0.29,0.74889,-0.00444,-0.22
270810,-0.35,-0.274,-0.598,-0.41333,-1.24444,0.03111,-1.238,0.037,0.087,0.51,0.09889,1.45111
270902,-0.828,-0.306,0.42,-0.97,-0.03111,-1.03444,-1.416,-0.431,-0.511,0.76889,0.76222,2.37556
271013,-0.972,0.033,0.065,-0.88889,-0.14,-1.36333,-1.135,-0.156,-0.041,-2.54778,0.42333,1.69111
271107,-0.903,-0.06,0.254,-1.27667,0.08444,-1.09444,-0.602,-0.074,-0.033,-1.13444,0.28889,0.83556
271210,-0.89,-0.114,0.227,-0.72444,0.29,-0.95556,-0.526,0.126,0.063,0.88444,0.03667,-0.16222
271299,-0.964,-0.063,0.341,-0.21,0.14556,-0.82,-1.551,0.851,-0.552,-1.61111,-0.30333,-0.46222
271410,-1.239,-0.035,0.147,-1.09,-0.16222,-0.34444,-0.435,0.284,-0.014,-0.7,0.30444,-0.71
271512,-1.384,-0.061,0.272,-0.96889,-0.05111,0.58,-1.907,0.551,-0.333,-0.34111,0.11,-2.13333
271612,-1.371,-0.351,0.438,0.29222,-0.83333,2.63667,-1.062,-0.181,-0.418,0.11333,-0.33222,-1.48222
271694,-1.151,-0.282,0.317,2.97667,-0.84222,1.94667,-0.947,-0.067,0.118,0.70333,0.34,-0.62667
271810,-0.552,-0.069,-0.019,1.68889,-0.38222,1.51667,-0.953,-0.331,-0.275,1.47111,0.08111,-0.53556
271910,-0.478,0.108,-0.145,0.03889,-0.09889,-0.19333,-0.957,-0.119,0.0,0.15,-0.07,-0.81
272008,-1.603,0.943,0.522,0.86333,0.78222,-1.37,-1.002,-0.187,-0.294,0.92778,-0.1,-0.57222
272110,-0.951,0.507,0.005,-0.59778,-0.55667,-0.47111,-1.293,-0.112,-0.171,0.83778,-0.14111,-0.38667
272209,-0.442,-0.195,-0.32,1.42889,-1.02778,-0.08667,-1.224,0.069,-0.07,0.22333,0.13556,0.97111
272305,-0.919,-0.322,0.413,-0.52333,0.09889,-1.26,-1.367,-0.446,-0.433,0.90333,0.73778,2.58111
272408,-0.941,-0.025,0.094,-0.91111,-0.05778,-1.33778,-1.197,-0.228,-0.047,-2.47222,0.66556,1.70667
272504,-0.927,-0.119,0.242,-1.31556,-0.04,-0.94778,-0.673,-0.075,-0.071,-1.50556,0.28889,1.34111
272608,-0.952,-0.139,0.381,-0.58222,0.22778,-0.95,-0.51,0.04,0.064,0.42889,0.11778,-0.16556
272707,-0.924,-0.073,0.443,-0.59889,-0.02889,-0.57778,-1.505,0.746,-0.458,-1.10111,-0.43,-1.16111
272808,-1.214,-0.022,0.132,-0.98222,-0.09667,-0.21556,-0.538,0.296,0.102,-0.37,0.27,-0.69667
272899,-1.285,0.004,0.057,-0.85333,0.02667,1.48,-1.013,0.508,-0.103,-0.63778,0.11778,-1.18667
273010,-1.359,-0.277,0.535,0.10889,-1.20222,2.39,-1.089,-0.128,-0.358,-0.25889,-0.08333,-1.06222
273110,-1.134,-0.131,0.101,2.97889,-0.56,1.72,-0.974,-0.045,-0.02,0.31444,0.31222,-0.65889
273206,-0.563,-0.074,0.027,1.24444,-0.27556,1.21889,-0.909,-0.24,-0.27,1.08889,0.02111,-0.58778
273309,-0.465,0.083,-0.09,-0.13889,-0.03778,-0.31556,-0.973,-0.121,0.0,0.08444,-0.03333,-0.89889
273408,-1.758,1.126,0.717,0.89222,0.43333,-1.13111,-1.033,-0.13,-0.308,1.14,-0.13556,-0.46111
273508,-1.095,0.543,0.02,0.25333,-0.12222,-0.37333,-1.13,-0.097,-0.218,0.78889,-0.15333,-0.34
273607,-0.098,-0.19,-0.682,-2.03556,-0.62111,-0.72556,-1.117,0.094,0.144,0.14778,0.03556,0.94222
273710,-0.906,-0.087,0.304,0.00556,0.18444,-1.02667,-1.445,-0.438,-0.317,0.19667,0.84778,2.41333
273810,-0.895,-0.048,0.165,-1.02778,-0.09333,-1.37111,-1.111,-0.204,-0.102,-2.56889,0.64889,1.81444
273908,-0.888,-0.05,0.242,-1.20333,0.11,-1.03444,-0.606,-0.12,0.005,-1.42444,0.11222,1.25111
274007,-0.9,-0.185,0.236,-0.18667,0.37667,-1.20667,-0.52,0.217,0.104,0.99333,-0.00333,-0.24556
274104,-0.931,-0.091,0.344,-0.61222,-0.06111,-0.54,-1.516,0.861,-0.337,-1.80333,-0.28444,-1.05444
274205,-1.194,-0.127,0.33,-1.14111,-0.03444,-0.23889,-0.879,-0.033,0.089,-1.18,0.16,-0.94444
274295,-1.193,0.028,0.112,-0.88556,0.04444,1.83556,-1.088,0.192,-0.046,-0.03333,0.16333,-0.5
274406,-1.356,-0.237,0.476,0.64889,-0.96889,2.23111,-1.196,0.016,-0.516,-0.04222,-0.25778,-0.94889
274505,-1.143,-0.16,0.128,2.32778,-0.58667,1.76556,-0.97,-0.074,-0.013,0.46667,0.25333,-0.45222
274605,-0.607,-0.093,0.067,1.17444,-0.21778,1.18778,-1.001,-0.178,-0.286,1.29111,0.05444,-0.52889
274706,-0.425,0.074,-0.208,-0.61667,0.14333,-0.23556,-0.989,-0.016,-0.116,0.25444,-0.08222,-0.72
274807,-1.931,1.33,0.657,0.84889,0.01222,-0.65222,-0.974,-0.098,-0.476,1.01,-0.13333,-0.34444
274905,-0.978,0.421,0.031,0.85222,0.17333,-0.75111,-1.234,-0.013,-0.306,0.73778,-0.15667,-0.21222
274991,-0.965,-0.408,-0.52,-0.77667,0.27556,-0.74556,-1.187,0.12,0.143,0.37222,-0.25,2.48556
275112,-0.994,-0.147,0.411,0.22111,0.14222,-1.23778,-1.321,-0.226,-0.301,-1.26444,0.99556,2.11556
275212,-0.845,-0.125,0.232,-1.67,-0.09,-1.09,-0.885,-0.045,-0.044,-1.96222,0.44222,1.62333
275310,-0.94,-0.038,0.277,-0.74,0.19556,-0.78222,-0.592,-0.169,0.044,-1.32333,0.02556,0.53111
275407,-0.923,-0.043,0.158,-0.34222,0.21,-0.93,-0.616,0.311,-0.043,1.30889,-0.09333,-0.75667
275508,-0.909,-0.318,0.367,-0.79778,0.00667,-0.41889,-1.37,0.955,-0.022,-0.97778,0.08778,-0.22556
275615,-1.222,-0.068,0.405,-1.24556,0.11,0.01889,-1.153,-0.296,-0.033,-1.42444,-0.23889,-1.87111
275714,-1.099,-0.016,0.105,0.22444,-0.09111,2.51556,-0.81,-0.407,0.056,0.83556,0.47444,-0.73111
275810,-1.202,-0.246,0.32,1.60333,-0.91,2.07556,-0.892,-0.129,-0.493,0.68444,0.18889,-0.60222
275914,-1.005,-0.109,0.153,2.2,-0.81556,1.59,-0.91,0.043,-0.072,0.72,0.13333,-0.43556
276015,-0.536,-0.022,-0.047,0.85778,0.02333,0.48778,-0.908,-0.095,-0.227,0.71556,0.16,-0.44556
276114,-0.375,0.34,0.133,-0.66111,0.60667,-0.71,-0.81,-0.191,-0.128,0.81889,-0.09,-0.92778
276216,-0.999,0.488,0.433,0.60667,-0.60111,0.90889,-1.122,-0.143,-0.336,0.78,-0.30111,-0.40444
276310,-1.577,0.486,1.088,1.97444,-0.38778,-0.55778,-1.434,0.061,-0.115,0.63,0.04778,0.83111
276414,-0.987,-0.192,0.637,-0.52889,-0.23,-1.40333,-1.401,-0.516,-0.508,1.10444,0.53,2.49111
276513,-0.901,0.011,0.124,-0.54667,-0.11,-1.53667,-1.139,-0.189,0.068,-2.25889,0.69778,1.73444
276614,-0.943,0.026,0.253,-1.25667,-0.03,-1.00556,-0.53,-0.066,-0.018,-0.98333,0.39444,1.24
276709,-0.904,-0.092,0.222,-0.84,-0.02444,-0.62,-0.642,0.056,0.098,0.41,0.02,-0.26889
276809,-0.878,-0.162,0.318,-0.84,0.14222,-0.75111,-1.246,0.666,-0.601,-0.57667,-0.25,-1.15667
276914,-1.114,0.116,0.12,-0.75889,-0.06556,-0.45333,-0.454,0.415,0.234,-0.10889,0.23333,0.1
277014,-1.342,0.133,0.365,-1.26667,-0.04667,1.87222,-2.301,-0.048,-0.459,-0.5,-0.20222,-2.17111
277104,-1.578,-0.331,0.395,0.98778,-1.41333,2.12222,-0.979,-0.583,0.192,-0.26222,-0.40444,-1.47222
277208,-0.933,-0.151,0.133,2.25667,-0.55222,1.94667,-0.88,-0.321,0.038,1.23444,0.32556,-0.60556
277292,-0.437,-0.076,-0.009,1.28889,-0.04,0.50111,-0.927,-0.175,-0.249,1.83333,0.02111,-0.56556
277408,-0.615,0.312,-0.031,-0.41444,0.07,-1.07556,-0.939,0.004,-0.161,0.36556,-0.03,-0.68778
277506,-1.517,0.881,0.494,0.33111,-0.01778,-0.36111,-0.987,-0.159,-0.423,1.08667,-0.18778,-0.45111
277607,-1.177,0.601,0.187,0.17444,0.07667,-0.44556,-1.113,0.008,-0.221,0.62889,-0.17667,-0.26556
277706,-0.99,-0.227,-0.674,-0.63,0.30556,-0.77889,-1.273,0.167,0.208,-0.04333,-0.15778,2.05
277807,-0.914,0.074,0.333,0.22,-0.01333,-1.04667,-1.287,-0.267,-0.384,-0.90111,0.90111,2.11
277905,-0.912,-0.077,0.223,-1.26222,0.04444,-1.25,-0.959,-0.02,0.125,-1.96556,0.4,1.65889
278008,-0.923,0.02,0.224,-0.84111,0.16333,-1.15,-0.531,-0.164,-0.003,-0.67889,0.11,0.62333
278105,-0.913,-0.039,0.305,-0.78778,0.18,-0.81222,-0.628,0.348,-0.319,1.07222,-0.19,-0.51
278209,-0.982,-0.132,0.382,-0.98111,0.01,-0.41,-1.516,0.965,-0.187,0.70222,0.24889,-0.55222
278304,-1.323,0.057,0.372,-0.86,-0.08889,0.42889,-1.563,-0.222,-0.327,-1.29444,-0.31778,-1.82667
278407,-1.429,-0.286,0.274,0.28778,-0.46111,2.83333,-0.702,-0.654,-0.269,0.52111,0.01,-0.74667
278507,-1.062,-0.227,0.273,2.36889,-0.74,1.90333,-1.051,0.024,0.014,1.25556,0.48111,-0.71444
278606,-0.697,0.029,0.05,1.25111,-0.46556,1.15556,-0.938,-0.036,-0.204,1.56667,0.04333,-0.42333
278705,-0.501,-0.072,0.005,0.56222,0.20222,-0.24,-0.889,-0.072,-0.102,0.18222,-0.01,-0.57444
278807,-1.277,0.97,0.29,-0.93,0.83778,-1.33222,-0.987,-0.01,-0.325,0.85444,-0.18778,-0.74667
278908,-0.724,0.563,-0.089,0.00333,-0.46,0.46111,-1.19,0.082,-0.173,0.58,-0.04,-0.20333
279010,-0.508,0.13,-0.626,0.44556,-1.25667,-0.20333,-1.137,0.114,0.205,-0.02556,-0.12222,2.33778
279109,-0.832,-0.262,0.479,-0.17,0.03,-1.13,-1.373,-0.208,-0.405,-0.79889,1.08111,2.03778
279211,-0.905,-0.054,0.298,-1.48,-0.06556,-1.30222,-0.83,-0.019,0.023,-1.56,0.58444,1.63111
279296,-0.914,0.001,0.225,-0.44889,0.09556,-0.76778,-0.546,-0.175,0.042,-0.93667,-0.07,0.34333
279408,-0.884,-0.12,0.131,-0.64778,0.14222,-0.75222,-0.776,0.503,-0.257,1.57778,-0.16,-0.88333
279502,-0.979,-0.134,0.307,-0.72778,0.00111,-0.61556,-1.286,1.016,-0.269,-0.74556,-0.04222,-0.56
279606,-1.332,0.042,0.528,-1.40778,-0.15667,0.50556,-1.223,-0.435,-0.246,-1.44,-0.60222,-1.22778
279706,-1.611,-0.516,0.439,-0.45778,-0.58333,3.17444,-0.666,-0.569,-0.364,0.7,0.25333,-0.40778
279795,-0.923,-0.125,0.099,2.46667,-0.70556,1.88889,-0.94,0.294,-0.305,1.29444,0.38,-0.10667
279906,-0.661,0.153,0.098,1.26889,-0.47778,0.85889,-0.918,0.154,-0.137,0.47,0.01667,-0.43889
280007,-0.63,-0.033,-0.006,0.75556,0.28111,-0.23,-0.903,-0.087,-0.145,-0.03111,0.05556,-0.64222
280106,-0.852,0.519,0.402,-1.22111,0.79,-0.83556,-0.916,-0.104,-0.153,0.63556,-0.04333,-0.88
280205,-0.832,0.489,0.119,0.41222,-0.46111,0.59667,-1.003,-0.153,-0.144,0.47778,-0.08333,-0.25
280309,-1.509,0.511,0.884,0.95556,0.13556,-0.14,-1.318,-0.02,-0.374,0.32333,0.09778,0.76111
280406,-1.17,-0.095,0.872,-0.62111,-0.2,-0.68778,-1.37,-0.277,-0.119,-0.00111,0.23222,2.83333
280508,-1.015,0.079,0.096,-0.53222,-0.05111,-1.35,-1.075,-0.197,-0.096,-1.85889,0.69,1.84
280607,-0.924,-0.07,0.32,-0.82778,0.06778,-1.09556,-0.543,-0.015,-0.039,-1.47667,0.46556,1.06222
280707,-0.922,-0.077,0.241,-0.87333,0.16778,-0.87778,-0.61,0.112,0.148,0.55444,0.12667,-0.22111
280806,-0.896,-0.088,0.371,-0.55,0.22889,-0.75111,-1.152,0.487,-0.424,-0.76111,-0.44333,-1.09333
280907,-1.078,0.038,0.157,-0.80111,0.0,-0.4,-0.669,0.377,0.046,0.82111,0.19667,-0.27556
281006,-1.335,0.119,0.256,-0.55,-0.11667,1.31,-1.77,0.5,-0.255,-1.92222,0.30556,-1.62889
281105,-1.416,-0.351,0.393,-0.56111,-1.19111,2.70667,-1.02,-0.38,-0.008,-0.80556,-0.20778,-1.52333
281206,-1.016,-0.158,0.092,2.74111,-0.67333,1.58111,-0.922,-0.175,0.0,0.61778,0.28889,-0.74889
281307,-0.445,0.047,0.024,1.45556,-0.26556,0.50444,-0.886,-0.26,-0.236,1.56889,0.11556,-0.55889
281407,-0.647,0.129,-0.194,-0.37667,-0.23444,-0.57,-0.999,-0.156,-0.166,0.43333,-0.09,-0.57222
281506,-1.569,0.969,0.557,0.59556,0.64222,-1.28889,-1.038,-0.018,-0.356,0.60222,-0.12778,-0.51667
281604,-0.972,0.287,0.326,-0.05667,-0.16556,-0.18667,-1.338,0.107,-0.324,0.54778,-0.01444,0.02889
281705,-0.895,-0.32,-0.161,0.21333,0.17444,-0.38222,-1.285,-0.299,-0.107,0.12889,-0.51444,2.77667
281802,-1.056,-0.01,0.294,-0.01111,0.24333,-1.06778,-1.13,-0.178,-0.085,-1.30667,0.60778,1.87556
281903,-0.836,-0.103,0.319,-1.06556,0.1,-1.14889,-0.647,-0.008,-0.12,-0.59556,0.49,1.34444
282005,-0.983,0.153,0.105,-0.21222,0.08556,-0.78889,-0.669,0.041,0.091,-0.88889,-0.13778,0.17
282103,-0.9,-0.176,0.442,-1.02556,0.12111,-0.70889,-0.786,0.411,-0.326,0.79667,-0.37778,-0.89778
282203,-0.992,-0.009,0.282,-0.32333,0.33333,-0.80333,-1.178,0.67,0.114,-0.15778,0.00778,-0.40667
282305,-1.16,0.045,0.53,-0.68111,0.15222,-0.01333,-1.37,0.104,-0.044,-1.10444,-0.41667,-1.50111
282398,-1.338,-0.198,0.248,0.38222,0.01889,2.55222,-0.729,-0.472,0.125,0.65,0.38778,-0.42
282494,-1.198,-0.171,0.056,2.41,-1.08556,1.70889,-0.964,0.063,-0.517,1.30333,0.51778,-0.73
282591,-0.822,0.071,0.008,1.31778,-0.46,1.72,-0.875,-0.058,-0.197,0.87667,0.04444,-0.46
282705,-0.57,-0.021,-0.061,0.54333,0.31111,0.46333,-0.901,-0.132,-0.152,0.24889,0.03222,-0.68889
282803,-0.439,0.293,0.428,-1.1,0.58222,-0.63444,-0.932,-0.074,-0.235,0.71778,-0.10556,-0.90778
282905,-1.146,0.596,0.58,0.16111,-0.35,0.30556,-0.991,-0.28,-0.273,0.68111,-0.14667,-0.44889
283005,-1.307,0.125,0.626,-0.17222,-0.06444,-0.68,-1.365,-0.108,-0.255,0.53333,0.09444,0.28222
283104,-1.013,-0.06,0.062,0.07,0.26889,-0.77,-1.248,-0.013,0.21,-0.02556,-0.45,2.45333
283201,-0.974,0.106,0.038,0.22667,0.05889,-1.27778,-1.096,-0.258,-0.243,-1.04889,0.88667,1.99
283295,-0.868,-0.092,0.374,-1.46444,-0.05111,-0.89,-0.833,-0.02,-0.061,-1.38333,0.69,1.46
283402,-0.941,0.01,0.303,-0.03889,0.05444,-0.40778,-0.786,-0.065,0.156,-1.12333,0.09778,0.21667
283504,-0.881,-0.125,0.268,-0.15778,0.01333,-0.45556,-0.804,0.196,-0.209,0.86,-0.36333,-0.52111
283605,-0.93,-0.203,0.198,-0.01667,0.01556,-0.61,-1.162,0.805,-0.382,-0.17111,0.17444,-0.34
283698,-0.965,-0.122,0.215,-0.71,-0.00889,-0.54,-0.538,0.255,0.087,-0.36,0.12333,-0.16
283807,-0.987,-0.014,0.401,-0.88778,-0.04222,-0.24778,-1.126,0.358,-0.162,-0.53556,-0.10778,-1.42556
283905,-1.21,0.104,-0.137,-0.20556,-0.05667,1.24,-0.632,-0.419,0.115,-0.10556,0.35111,-0.88778
283993,-1.153,-0.339,0.517,-1.26111,-0.37556,2.61111,-0.95,-0.422,-0.402,-0.15667,-0.02667,-0.57
284105,-1.117,-0.168,0.132,2.71,-0.50222,1.5,-1.02,-0.034,-0.114,0.55222,0.2,-0.19667
284200,-0.709,0.011,0.038,0.98222,-0.47,0.79111,-0.94,-0.122,-0.229,0.56,0.15889,-0.16222
284303,-0.765,0.176,-0.05,0.25889,-0.12556,-0.44222,-0.999,-0.092,-0.153,-0.00222,-0.05,-0.38667
284405,-1.124,0.503,0.256,0.18111,0.25667,-1.09778,-0.986,-0.066,-0.166,0.19,-0.04333,-0.49889
284504,-0.98,0.435,0.065,0.28333,-0.16111,0.45222,-0.979,-0.174,-0.139,0.17444,-0.07,-0.33889
284603,-0.779,0.169,0.221,0.29,-0.08333,-0.57889,-1.004,-0.032,-0.199,0.48111,-0.01556,-0.35
284704,-1.46,0.475,0.444,1.16444,0.06889,-0.84556,-1.099,-0.198,-0.239,0.80111,0.09556,-0.1
284803,-0.973,0.075,0.179,0.20556,0.23,-0.49556,-1.012,-0.105,-0.071,0.37889,-0.00667,0.43333
284904,-0.915,-0.084,0.111,-0.24111,-0.21,-0.45,-0.943,-0.166,-0.066,-0.18222,0.15,0.69889
285004,-0.969,-0.178,0.317,-0.5,0.13222,-0.28778,-1.103,-0.008,0.063,0.16333,-0.18111,1.70889
285102,-0.995,-0.057,0.166,0.41778,-0.05889,-0.27778,-1.08,-0.197,-0.315,0.61333,0.12778,1.31
285205,-0.925,-0.117,0.252,-0.35111,-0.1,-0.16556,-0.865,0.002,-0.167,-1.29,0.10889,0.09
285301,-1.022,-0.042,0.208,-0.02444,-0.00222,-0.13333,-0.842,-0.039,0.141,-1.22889,0.29,-0.81444
285402,-1.169,-0.145,0.344,-0.22111,0.08,-0.10667,-1.356,0.495,-0.39,-1.57,-0.23333,0.23333
285499,-0.891,-0.055,0.181,-0.34778,-0.09556,-0.04556,-1.082,-0.008,-0.337,1.36889,-0.31333,-1.02333
285605,-0.954,-0.148,0.212,0.22778,-0.01,-0.13333,-1.002,0.012,-0.029,-0.18333,-0.22556,-0.82111
285701,-0.993,-0.152,0.162,0.13889,0.18556,-0.21667,-1.117,0.096,-0.165,0.06333,0.03111,0.26444
285806,-0.96,-0.137,0.195,-0.21,-0.05,0.04,-0.978,-0.178,-0.095,-0.20222,-0.07556,-0.01222
285910,-0.979,-0.137,0.169,0.01556,0.01444,-0.01111,-1.026,-0.097,-0.072,0.01556,0.00778,-0.03778
286012,-0.969,-0.114,0.183,-0.01333,0.00444,0.04667,-0.999,-0.107,-0.107,0.09778,0.01889,0.07778
286111,-0.961,-0.142,0.186,-0.02778,-0.01333,0.05111,-0.997,-0.099,-0.08,-0.01,0.00556,0.04444
286207,-0.981,-0.111,0.188,-0.02333,-0.00889,0.01444,-0.994,-0.108,-0.096,-0.00111,0.0,0.01778
286310,-0.968,-0.15,0.189,-0.05333,-0.00111,-0.01333,-0.996,-0.113,-0.11,0.0,-0.00333,0.01
286412,-0.963,-0.139,0.2,-0.02222,-0.02,0.0,-0.996,-0.116,-0.09,-0.08,-0.00889,-0.01889
286509,-0.958,-0.133,0.199,-0.06,0.01,0.0,-1.001,-0.119,-0.066,0.02,-0.02333,-0.01778
286610,-0.964,-0.136,0.188,0.02889,-0.00333,-0.01222,-0.998,-0.128,-0.074,0.03111,-0.00667,-0.02
286710,-0.961,-0.14,0.172,0.04,0.01111,-0.03,-0.993,-0.134,-0.081,0.08556,0.00333,-0.00667
286811,-0.968,-0.144,0.165,0.02,-0.00111,0.00778,-0.992,-0.122,-0.087,0.06556,-0.01667,-0.02556
286911,-0.965,-0.152,0.184,-0.03444,0.00556,0.00333,-0.996,-0.125,-0.086,-0.01778,-0.01444,-0.02444
287010,-0.967,-0.143,0.195,-0.02333,0.00667,0.02222,-0.989,-0.146,-0.065,0.00222,-0.01,-0.01556
287112,-0.964,-0.143,0.179,0.01444,0.00222,-0.01333,-0.99,-0.145,-0.064,0.00889,-0.00333,-0.00667
287210,-0.965,-0.152,0.174,-0.00778,0.00333,-0.01778,-0.993,-0.136,-0.078,0.02222,-0.00111,0.00556
287312,-0.963,-0.144,0.185,-0.02667,0.00667,-0.01444,-0.984,-0.136,-0.069,-0.00889,-0.00222,-0.00556
287395,-0.966,-0.135,0.183,-0.00556,-0.00778,0.01,-0.996,-0.125,-0.078,-0.01556,-0.00556,0.00333
287504,-0.966,-0.141,0.182,-0.01222,-0.00333,0.00778,-0.992,-0.131,-0.075,-0.01444,-0.00111,0.00444
287588,-0.966,-0.134,0.189,0.00222,0.0,0.00667,-0.995,-0.124,-0.072,-0.01778,0.00111,0.00556
287705,-0.963,-0.141,0.186,0.01444,0.0,0.0,-0.994,-0.125,-0.079,-0.00667,0.00667,0.01
287804,-0.967,-0.143,0.181,-0.00444,0.00333,0.00778,-0.998,-0.117,-0.093,-0.03667,0.0,-0.01111
287906,-0.969,-0.122,0.195,-0.02889,0.00444,0.0,-0.995,-0.136,-0.072,-0.03556,0.00222,0.00111
288001,-0.965,-0.132,0.179,0.04222,0.0,-0.00222,-0.996,-0.132,-0.075,0.01556,0.01222,0.01111
288106,-0.967,-0.144,0.18,0.01111,0.0,0.00889,-0.996,-0.128,-0.085,0.00778,0.00667,0.0
288192,-0.97,-0.134,0.181,-0.03333,-0.00222,0.01,-0.992,-0.129,-0.081,-0.03111,0.0,-0.00444
288305,-0.969,-0.131,0.186,-0.03444,-0.00444,0.02111,-0.995,-0.129,-0.074,-0.03667,0.00667,0.00778
288404,-0.964,-0.123,0.197,0.0,0.0,0.01,-0.996,-0.132,-0.076,-0.02,0.00889,0.00222
288504,-0.969,-0.123,0.188,0.04889,0.00556,0.00889,-0.994,-0.127,-0.085,0.03889,0.01556,0.01222
288604,-0.975,-0.119,0.178,0.06778,0.01222,-0.01222,-0.997,-0.123,-0.105,0.03222,0.00556,-0.00667
288704,-0.967,-0.132,0.175,0.00889,0.0,-0.00444,-0.993,-0.13,-0.087,0.02444,0.00444,0.00667
288804,-0.968,-0.132,0.179,-0.01,-0.00444,0.00222,-0.993,-0.127,-0.078,-0.02444,0.0,-0.00444
288905,-0.966,-0.127,0.185,-0.01889,-0.00667,0.00889,-0.993,-0.128,-0.081,-0.00111,-0.00111,0.00111
289000,-0.965,-0.125,0.187,-0.00667,0.0,0.00222,-0.994,-0.134,-0.082,0.00667,-0.00333,0.0
289101,-0.97,-0.125,0.185,0.00333,-0.00222,0.00222,-0.994,-0.121,-0.085,-0.01333,0.0,-0.00111
289199,-0.971,-0.117,0.189,-0.02111,-0.00222,0.00667,-0.991,-0.129,-0.081,-0.01444,-0.00111,0.0
289301,-0.97,-0.118,0.186,0.0,-0.00111,0.00222,-0.992,-0.125,-0.085,-0.01,0.0,0.0
289403,-0.97,-0.122,0.183,-0.00556,-0.00222,-0.00111,-0.991,-0.128,-0.085,-0.01111,-0.00333,0.0
289502,-0.965,-0.122,0.194,-0.00556,0.0,0.0,-0.99,-0.128,-0.083,0.01556,-0.00333,-0.00444
289601,-0.969,-0.12,0.185,0.03333,0.00111,-0.01778,-0.998,-0.118,-0.09,0.01333,0.0,0.0
289705,-0.969,-0.128,0.183,0.00556,0.0,-0.00667,-0.992,-0.125,-0.086,0.00111,0.0,0.0
289801,-0.968,-0.129,0.185,0.00222,0.0,-0.01,-0.995,-0.125,-0.084,-0.00222,0.0,-0.00667
289905,-0.968,-0.128,0.182,0.00556,0.0,-0.00444,-0.991,-0.125,-0.086,-0.00556,0.00556,0.01333
290005,-0.968,-0.127,0.191,-0.00444,-0.00444,-0.00333,-0.992,-0.125,-0.08,-0.01778,-0.00667,-0.01111
290095,-0.97,-0.122,0.187,-0.01,-0.00222,0.0,-0.993,-0.13,-0.078,0.02,-0.00111,0.0
290205,-0.97,-0.127,0.188,0.01,-0.00556,-0.00222,-0.99,-0.134,-0.08,0.00889,0.0,-0.00111
290306,-0.973,-0.124,0.192,0.0,0.0,0.00444,-0.988,-0.133,-0.084,0.00222,0.0,0.00222
290403,-0.968,-0.125,0.191,0.00444,0.0,-0.00778,-0.993,-0.121,-0.087,-0.00556,-0.00222,-0.00333
290504,-0.965,-0.124,0.198,0.00333,0.0,-0.00889,-0.993,-0.13,-0.076,0.0,0.0,-0.00444
290601,-0.971,-0.121,0.188,0.02778,0.00444,-0.01111,-0.992,-0.125,-0.086,0.00333,0.00111,0.0
290707,-0.974,-0.126,0.183,-0.00222,-0.00111,-0.00111,-0.997,-0.122,-0.09,-0.00778,-0.00222,0.0
290806,-0.966,-0.128,0.187,-0.00889,-0.00333,-0.00222,-0.993,-0.131,-0.081,-0.02111,-0.00556,-0.00333
290903,-0.967,-0.128,0.19,0.01444,-0.00111,-0.00111,-0.997,-0.129,-0.081,0.00222,-0.00333,-0.00444
291000,-0.97,-0.129,0.187,0.00444,-0.00222,-0.00222,-0.995,-0.126,-0.085,-0.00222,-0.00556,-0.00778
291098,-0.969,-0.124,0.19,-0.02,-0.00667,0.00111,-0.996,-0.133,-0.072,-0.02333,-0.00444,-0.00889
291203,-0.974,-0.124,0.19,0.01111,0.0,-0.01111,-0.99,-0.135,-0.076,0.01222,0.0,-0.00222
291302,-0.97,-0.133,0.183,-0.00333,-0.00111,-0.00111,-0.989,-0.13,-0.08,0.01222,0.0,0.00111
291403,-0.97,-0.123,0.191,-0.01667,0.0,0.0,-0.991,-0.134,-0.077,-0.00889,0.0,-0.00667
291494,-0.967,-0.125,0.182,-0.01,0.0,0.0,-0.991,-0.13,-0.085,0.00778,0.00333,0.00222
291603,-0.969,-0.123,0.188,0.0,-0.00111,0.0,-0.995,-0.125,-0.084,-0.00333,0.00222,0.00444
291703,-0.966,-0.129,0.187,-0.01,-0.00222,0.00333,-0.994,-0.124,-0.086,-0.00444,0.0,0.00778
291801,-0.966,-0.127,0.193,0.00222,0.0,0.0,-0.995,-0.132,-0.08,-0.00889,-0.00111,-0.01
291900,-0.966,-0.132,0.186,-0.00333,0.0,0.0,-0.992,-0.125,-0.081,0.00111,-0.00111,0.0
292003,-0.968,-0.124,0.189,-0.00889,-0.00333,0.0,-0.996,-0.129,-0.075,-0.00556,0.00111,0.0
292102,-0.968,-0.125,0.193,0.00111,0.0,0.00444,-0.994,-0.131,-0.08,-0.00889,0.0,0.00222
292200,-0.969,-0.126,0.192,-0.01,-0.00222,0.00333,-0.995,-0.127,-0.083,-0.01444,0.0,0.01
292301,-0.97,-0.128,0.191,-0.00778,0.0,0.00111,-0.993,-0.125,-0.082,-0.01,-0.00111,0.00333
292401,-0.971,-0.123,0.187,-0.00111,0.0,0.00111,-0.994,-0.128,-0.079,-0.00222,0.00222,0.00667
292502,-0.97,-0.124,0.187,0.00667,-0.00333,0.00444,-0.996,-0.121,-0.086,-0.01889,0.0,0.00556
292600,-0.968,-0.122,0.199,-0.00556,0.0,0.0,-0.995,-0.126,-0.087,-0.00667,-0.00222,0.00111
292700,-0.971,-0.122,0.184,-0.00222,0.00556,-0.00222,-0.996,-0.116,-0.083,-0.00333,0.0,0.00222
292804,-0.968,-0.118,0.194,0.00222,0.00222,0.00111,-0.995,-0.124,-0.083,0.00778,-0.00333,0.0
292901,-0.967,-0.123,0.186,-0.00556,0.00111,-0.00222,-0.994,-0.125,-0.08,0.01,0.0,-0.00556
293002,-0.969,-0.125,0.181,-0.00667,-0.00111,0.00778,-0.994,-0.131,-0.08,0.00333,0.0,0.0
293102,-0.969,-0.124,0.186,0.00222,0.0,-0.00222,-0.995,-0.125,-0.083,0.01,0.00111,-0.00222
293206,-0.97,-0.127,0.194,-0.00889,0.00111,-0.00222,-0.998,-0.12,-0.081,-0.00444,-0.00333,0.0
293301,-0.97,-0.126,0.189,0.0,0.00444,-0.00667,-0.998,-0.124,-0.08,0.0,0.00111,-0.00333
293400,-0.967,-0.121,0.188,0.02,0.00333,-0.00222,-0.999,-0.114,-0.087,-0.00222,0.0,-0.00556
293501,-0.969,-0.126,0.186,-0.00111,0.0,0.0,-0.992,-0.123,-0.087,-0.00667,0.0,0.0
293598,-0.971,-0.122,0.192,0.00111,-0.00111,0.00222,-1.0,-0.121,-0.083,-0.02778,-0.00222,-0.00222
293698,-0.969,-0.125,0.196,0.02,0.00444,-0.01,-0.996,-0.131,-0.08,0.00778,-0.00444,-0.00778
293799,-0.968,-0.128,0.183,0.00111,0.0,-0.00111,-0.993,-0.125,-0.084,0.01,-0.00111,-0.00222
293902,-0.965,-0.123,0.187,-0.00333,-0.00444,-0.00111,-0.991,-0.131,-0.075,-0.00556,-0.00667,-0.00778
293999,-0.972,-0.123,0.192,0.01222,-0.00222,-0.00556,-0.996,-0.128,-0.075,0.00667,-0.00444,-0.00444
294103,-0.97,-0.128,0.189,-0.00111,-0.00333,-0.00333,-0.992,-0.124,-0.076,0.01222,-0.00333,0.0
294202,-0.971,-0.128,0.19,0.00111,-0.00333,-0.00222,-0.993,-0.125,-0.081,0.00667,-0.00222,-0.00333
294300,-0.969,-0.125,0.187,-0.00222,-0.00667,-0.00556,-0.989,-0.127,-0.079,0.00889,0.0,-0.00111
294402,-0.969,-0.125,0.188,0.00111,-0.00333,-0.00333,-0.995,-0.124,-0.079,0.00556,-0.00222,-0.00111
294499,-0.966,-0.123,0.19,0.00333,-0.01222,0.00889,-0.993,-0.116,-0.082,-0.01556,0.00222,0.00556
294603,-0.967,-0.123,0.207,0.00111,-0.00333,-0.00111,-0.997,-0.126,-0.082,-0.02889,-0.00222,0.0
294697,-0.968,-0.12,0.2,0.01333,0.00111,-0.00111,-0.996,-0.118,-0.077,0.00222,-0.00222,-0.00778
294801,-0.968,-0.128,0.187,0.00667,0.00222,0.00111,-0.99,-0.122,-0.079,0.0,0.0,-0.00222
294900,-0.969,-0.12,0.19,-0.01778,0.0,0.00111,-0.994,-0.119,-0.077,-0.02,0.0,-0.00111
295000,-0.969,-0.122,0.193,-0.00333,0.00778,-0.00111,-0.991,-0.13,-0.076,0.00333,0.00111,-0.00778
295098,-0.966,-0.119,0.187,0.0,0.00333,-0.01,-0.994,-0.117,-0.082,0.00444,0.00333,-0.01333
295200,-0.967,-0.13,0.19,-0.01556,0.00111,0.00333,-0.992,-0.126,-0.078,-0.00333,0.00444,0.00111
295301,-0.966,-0.128,0.191,0.00333,0.00333,0.0,-0.996,-0.122,-0.083,-0.01333,0.00222,-0.00222
295404,-0.963,-0.131,0.193,-0.01333,0.00556,0.01,-0.998,-0.12,-0.077,-0.02556,0.00333,-0.00778
295502,-0.967,-0.118,0.194,-0.01,0.00333,0.00889,-0.993,-0.124,-0.079,-0.01556,0.00111,0.0
295600,-0.973,-0.124,0.185,0.01,0.00444,0.0,-0.997,-0.123,-0.086,-0.00222,0.0,-0.00333
295696,-0.971,-0.125,0.186,-0.00444,0.0,-0.00222,-0.993,-0.119,-0.088,-0.02,0.0,-0.00333
295800,-0.972,-0.111,0.194,-0.01111,0.0,0.0,-0.995,-0.123,-0.078,-0.02556,0.0,0.00111
295900,-0.969,-0.124,0.189,0.02,0.00111,-0.01,-0.99,-0.128,-0.084,0.02,0.0,0.0
296003,-0.966,-0.125,0.181,0.01,0.00111,-0.01,-0.994,-0.114,-0.088,0.00333,0.0,0.0
296101,-0.968,-0.128,0.187,-0.00889,-0.00444,0.0,-0.992,-0.132,-0.081,-0.00778,-0.00222,0.00111
296197,-0.969,-0.127,0.186,-0.00111,0.0,-0.00111,-0.997,-0.121,-0.084,-0.00556,0.0,-0.00111
296302,-0.965,-0.126,0.188,0.00667,0.0,-0.00111,-0.994,-0.127,-0.08,0.0,0.0,-0.00333
296399,-0.968,-0.128,0.185,0.0,-0.00111,0.0,-0.996,-0.118,-0.08,0.02333,0.0,0.0
296500,-0.966,-0.122,0.186,-0.01222,-0.00333,0.00667,-0.993,-0.128,-0.076,0.00222,0.0,0.00222
296599,-0.968,-0.122,0.192,0.00222,-0.00222,0.00667,-0.995,-0.124,-0.079,0.0,0.0,0.00556
296697,-0.969,-0.128,0.188,-0.00111,-0.00111,0.00222,-0.992,-0.121,-0.089,0.00111,-0.00222,0.0
296799,-0.971,-0.115,0.198,-0.00778,-0.00111,0.0,-0.998,-0.122,-0.082,-0.02556,-0.00556,-0.00556
296901,-0.969,-0.12,0.194,-0.00222,0.0,-0.00556,-0.99,-0.129,-0.078,0.0,0.0,0.0
296997,-0.969,-0.127,0.185,0.01667,0.00111,-0.01,-0.996,-0.119,-0.083,0.01,0.00111,0.0
297099,-0.968,-0.129,0.187,-0.00778,0.0,-0.00333,-0.993,-0.125,-0.083,-0.01,-0.00111,-0.00444
297197,-0.965,-0.124,0.191,-0.00333,-0.00111,-0.00778,-0.994,-0.125,-0.079,-0.00556,0.0,-0.00444
297300,-0.966,-0.126,0.193,0.00667,-0.00222,-0.00111,-0.992,-0.124,-0.078,0.01,0.0,-0.00444
297404,-0.968,-0.124,0.188,0.00444,-0.00222,-0.00444,-0.992,-0.125,-0.083,0.0,-0.00111,-0.00222
297500,-0.972,-0.123,0.19,-0.00111,0.0,-0.00111,-0.992,-0.119,-0.081,-0.01,-0.00111,-0.00556
297605,-0.968,-0.118,0.197,-0.00889,-0.00222,-0.00222,-0.989,-0.127,-0.078,-0.00444,0.0,-0.00333
297701,-0.97,-0.13,0.193,0.01,0.0,-0.00333,-0.994,-0.123,-0.08,0.00556,0.0,-0.00444
297806,-0.969,-0.125,0.189,0.0,0.00111,-0.00111,-0.991,-0.122,-0.082,-0.00556,-0.00111,-0.00111
297908,-0.97,-0.112,0.196,-0.00222,-0.00889,0.01667,-0.994,-0.125,-0.083,-0.01667,0.0,0.0
298006,-0.962,-0.136,0.185,-0.02333,0.00222,0.00333,-0.992,-0.124,-0.078,0.00333,0.0,0.00444
298108,-0.971,-0.117,0.187,-0.00111,-0.00222,-0.00333,-0.993,-0.122,-0.081,-0.00778,0.0,-0.00333
298206,-0.965,-0.12,0.19,-0.00111,-0.00222,0.00111,-0.99,-0.122,-0.082,-0.00333,0.0,0.00333
298307,-0.97,-0.121,0.189,-0.01,0.0,0.0,-1.0,-0.112,-0.089,-0.02,-0.00444,-0.00556
298400,-0.966,-0.12,0.192,-0.01667,-0.00444,0.0,-0.994,-0.125,-0.081,-0.01889,-0.00556,-0.00444
298507,-0.966,-0.12,0.198,0.01444,0.00222,-0.01111,-0.993,-0.126,-0.076,-0.00444,-0.00111,-0.00556
298605,-0.969,-0.122,0.191,0.00778,-0.00111,-0.00556,-0.993,-0.127,-0.082,0.0,0.0,-0.00222
298707,-0.968,-0.124,0.19,-0.01444,0.0,0.0,-0.993,-0.121,-0.078,-0.01667,0.0,-0.00556
298801,-0.968,-0.121,0.188,-0.00333,0.0,-0.00222,-0.992,-0.129,-0.081,-0.01,0.0,-0.01
298905,-0.971,-0.117,0.19,-0.01556,0.0,-0.01,-0.992,-0.124,-0.081,-0.01,-0.00222,-0.00556
299006,-0.97,-0.124,0.191,0.0,0.00444,-0.00889,-0.996,-0.128,-0.078,0.00444,0.0,-0.00333
299108,-0.972,-0.118,0.19,0.02333,0.00111,-0.01333,-0.993,-0.128,-0.082,0.02,0.00111,-0.01
299203,-0.964,-0.127,0.19,0.00889,0.0,-0.01333,-0.992,-0.131,-0.083,0.01,0.00333,0.00111
299300,-0.969,-0.134,0.186,0.0,0.0,-0.00444,-0.993,-0.124,-0.084,0.00667,0.0,-0.00333
299397,-0.969,-0.122,0.194,-0.00778,-0.00111,-0.00778,-0.996,-0.125,-0.076,-0.01222,-0.00333,-0.00778
299500,-0.966,-0.123,0.19,0.01,-0.00111,-0.00556,-0.995,-0.125,-0.082,0.0,0.0,-0.00111
299597,-0.965,-0.129,0.194,0.00556,-0.00111,-0.00556,-0.994,-0.123,-0.082,-0.01,-0.00333,-0.00222
299699,-0.966,-0.126,0.195,-0.01556,-0.00222,0.00778,-0.995,-0.128,-0.081,-0.01556,-0.00444,0.0
299793,-0.968,-0.127,0.196,0.00111,0.0,0.00222,-0.991,-0.128,-0.081,-0.00556,-0.00333,-0.00667
299898,-0.968,-0.131,0.195,-0.00222,0.0,0.0,-0.994,-0.123,-0.08,-0.00111,-0.00444,-0.00222
299999,-0.97,-0.131,0.188,-0.03222,-0.00556,-0.00111,-0.99,-0.13,-0.069,-0.00556,-0.00111,0.00333
300100,-0.969,-0.127,0.198,0.00222,-0.00111,0.0,-0.991,-0.125,-0.078,-0.00222,0.00222,0.0
