cuda:0 (1 GPUs)
Train Size: 46341, Vali Size: 5792, Test Size: 5794

=== DAPT seed=3431 | train=46341 vali=5792 | start=saved/bertx/limu_bert_x | lr=0.0005 epochs=3200 batch=1024 workers=8 ===
    mask_cfg(./config/mask.json): ratio=0.15 alpha=6 max_gram=10 prob=0.8 replace=0
Loading the model from saved/bertx/limu_bert_x
Epoch 1/3200 : Average Loss 0.2265. Test Loss 0.2005
Epoch 2/3200 : Average Loss 0.1984. Test Loss 0.1867
Epoch 3/3200 : Average Loss 0.1819. Test Loss 0.1732
Epoch 4/3200 : Average Loss 0.1743. Test Loss 0.1630
Epoch 5/3200 : Average Loss 0.1667. Test Loss 0.1576
Epoch 6/3200 : Average Loss 0.1609. Test Loss 0.1534
Epoch 7/3200 : Average Loss 0.1564. Test Loss 0.1489
Epoch 8/3200 : Average Loss 0.1521. Test Loss 0.1468
Epoch 9/3200 : Average Loss 0.1488. Test Loss 0.1519
Epoch 10/3200 : Average Loss 0.1453. Test Loss 0.1481
Epoch 11/3200 : Average Loss 0.1469. Test Loss 0.1447
Epoch 12/3200 : Average Loss 0.1409. Test Loss 0.1410
Epoch 13/3200 : Average Loss 0.1389. Test Loss 0.1409
Epoch 14/3200 : Average Loss 0.1360. Test Loss 0.1409
Epoch 15/3200 : Average Loss 0.1339. Test Loss 0.1401
Epoch 16/3200 : Average Loss 0.1326. Test Loss 0.1340
Epoch 17/3200 : Average Loss 0.1328. Test Loss 0.1296
Epoch 18/3200 : Average Loss 0.1305. Test Loss 0.1321
Epoch 19/3200 : Average Loss 0.1282. Test Loss 0.1250
Epoch 20/3200 : Average Loss 0.1280. Test Loss 0.1263
Epoch 21/3200 : Average Loss 0.1293. Test Loss 0.1279
Epoch 22/3200 : Average Loss 0.1243. Test Loss 0.1278
Epoch 23/3200 : Average Loss 0.1264. Test Loss 0.1281
Epoch 24/3200 : Average Loss 0.1250. Test Loss 0.1232
Epoch 25/3200 : Average Loss 0.1231. Test Loss 0.1223
Epoch 26/3200 : Average Loss 0.1230. Test Loss 0.1219
Epoch 27/3200 : Average Loss 0.1201. Test Loss 0.1205
Epoch 28/3200 : Average Loss 0.1216. Test Loss 0.1189
Epoch 29/3200 : Average Loss 0.1202. Test Loss 0.1223
Epoch 30/3200 : Average Loss 0.1197. Test Loss 0.1177
Epoch 31/3200 : Average Loss 0.1185. Test Loss 0.1192
Epoch 32/3200 : Average Loss 0.1190. Test Loss 0.1167
Epoch 33/3200 : Average Loss 0.1173. Test Loss 0.1157
Epoch 34/3200 : Average Loss 0.1166. Test Loss 0.1208
Epoch 35/3200 : Average Loss 0.1157. Test Loss 0.1186
Epoch 36/3200 : Average Loss 0.1175. Test Loss 0.1189
Epoch 37/3200 : Average Loss 0.1184. Test Loss 0.1159
Epoch 38/3200 : Average Loss 0.1136. Test Loss 0.1157
Epoch 39/3200 : Average Loss 0.1146. Test Loss 0.1141
Epoch 40/3200 : Average Loss 0.1150. Test Loss 0.1132
Epoch 41/3200 : Average Loss 0.1138. Test Loss 0.1146
Epoch 42/3200 : Average Loss 0.1122. Test Loss 0.1120
Epoch 43/3200 : Average Loss 0.1129. Test Loss 0.1127
Epoch 44/3200 : Average Loss 0.1132. Test Loss 0.1105
Epoch 45/3200 : Average Loss 0.1104. Test Loss 0.1113
Epoch 46/3200 : Average Loss 0.1120. Test Loss 0.1140
Epoch 47/3200 : Average Loss 0.1110. Test Loss 0.1093
Epoch 48/3200 : Average Loss 0.1103. Test Loss 0.1099
Epoch 49/3200 : Average Loss 0.1105. Test Loss 0.1107
Epoch 50/3200 : Average Loss 0.1095. Test Loss 0.1099
Epoch 51/3200 : Average Loss 0.1103. Test Loss 0.1100
Epoch 52/3200 : Average Loss 0.1082. Test Loss 0.1113
Epoch 53/3200 : Average Loss 0.1079. Test Loss 0.1067
Epoch 54/3200 : Average Loss 0.1077. Test Loss 0.1080
Epoch 55/3200 : Average Loss 0.1079. Test Loss 0.1094
Epoch 56/3200 : Average Loss 0.1082. Test Loss 0.1064
Epoch 57/3200 : Average Loss 0.1067. Test Loss 0.1100
Epoch 58/3200 : Average Loss 0.1058. Test Loss 0.1073
Epoch 59/3200 : Average Loss 0.1053. Test Loss 0.1065
Epoch 60/3200 : Average Loss 0.1060. Test Loss 0.1052
Epoch 61/3200 : Average Loss 0.1051. Test Loss 0.1076
Epoch 62/3200 : Average Loss 0.1066. Test Loss 0.1120
Epoch 63/3200 : Average Loss 0.1076. Test Loss 0.1075
Epoch 64/3200 : Average Loss 0.1060. Test Loss 0.1143
Epoch 65/3200 : Average Loss 0.1040. Test Loss 0.1041
Epoch 66/3200 : Average Loss 0.1048. Test Loss 0.1178
Epoch 67/3200 : Average Loss 0.1060. Test Loss 0.1060
Epoch 68/3200 : Average Loss 0.1051. Test Loss 0.1021
Epoch 69/3200 : Average Loss 0.1051. Test Loss 0.1058
Epoch 70/3200 : Average Loss 0.1050. Test Loss 0.1078
Epoch 71/3200 : Average Loss 0.1039. Test Loss 0.1114
Epoch 72/3200 : Average Loss 0.1030. Test Loss 0.1086
Epoch 73/3200 : Average Loss 0.1029. Test Loss 0.1041
Epoch 74/3200 : Average Loss 0.1041. Test Loss 0.1028
Epoch 75/3200 : Average Loss 0.1025. Test Loss 0.1032
Epoch 76/3200 : Average Loss 0.1031. Test Loss 0.1050
Epoch 77/3200 : Average Loss 0.1031. Test Loss 0.1021
Epoch 78/3200 : Average Loss 0.1032. Test Loss 0.1050
Epoch 79/3200 : Average Loss 0.1008. Test Loss 0.1028
Epoch 80/3200 : Average Loss 0.1015. Test Loss 0.0989
Epoch 81/3200 : Average Loss 0.1026. Test Loss 0.1012
Epoch 82/3200 : Average Loss 0.1000. Test Loss 0.1033
Epoch 83/3200 : Average Loss 0.1015. Test Loss 0.1039
Epoch 84/3200 : Average Loss 0.0996. Test Loss 0.0958
Epoch 85/3200 : Average Loss 0.1007. Test Loss 0.1001
Epoch 86/3200 : Average Loss 0.1003. Test Loss 0.0971
Epoch 87/3200 : Average Loss 0.1003. Test Loss 0.1039
Epoch 88/3200 : Average Loss 0.0992. Test Loss 0.0996
Epoch 89/3200 : Average Loss 0.1000. Test Loss 0.0989
Epoch 90/3200 : Average Loss 0.0991. Test Loss 0.1001
Epoch 91/3200 : Average Loss 0.0991. Test Loss 0.1003
Epoch 92/3200 : Average Loss 0.0982. Test Loss 0.0994
Epoch 93/3200 : Average Loss 0.0984. Test Loss 0.1010
Epoch 94/3200 : Average Loss 0.0992. Test Loss 0.0989
Epoch 95/3200 : Average Loss 0.0998. Test Loss 0.0974
Epoch 96/3200 : Average Loss 0.0982. Test Loss 0.0991
Epoch 97/3200 : Average Loss 0.0988. Test Loss 0.0971
Epoch 98/3200 : Average Loss 0.0987. Test Loss 0.0978
Epoch 99/3200 : Average Loss 0.0979. Test Loss 0.0947
Epoch 100/3200 : Average Loss 0.0971. Test Loss 0.1003
Epoch 101/3200 : Average Loss 0.0976. Test Loss 0.0988
Epoch 102/3200 : Average Loss 0.0972. Test Loss 0.0974
Epoch 103/3200 : Average Loss 0.0978. Test Loss 0.0997
Epoch 104/3200 : Average Loss 0.0979. Test Loss 0.0978
Epoch 105/3200 : Average Loss 0.0958. Test Loss 0.0984
Epoch 106/3200 : Average Loss 0.0973. Test Loss 0.0988
Epoch 107/3200 : Average Loss 0.0967. Test Loss 0.0987
Epoch 108/3200 : Average Loss 0.0956. Test Loss 0.0980
Epoch 109/3200 : Average Loss 0.0970. Test Loss 0.0991
Epoch 110/3200 : Average Loss 0.0966. Test Loss 0.0961
Epoch 111/3200 : Average Loss 0.0960. Test Loss 0.0954
Epoch 112/3200 : Average Loss 0.0957. Test Loss 0.0982
Epoch 113/3200 : Average Loss 0.0965. Test Loss 0.0952
Epoch 114/3200 : Average Loss 0.0957. Test Loss 0.0957
Epoch 115/3200 : Average Loss 0.0947. Test Loss 0.0963
Epoch 116/3200 : Average Loss 0.0955. Test Loss 0.0973
Epoch 117/3200 : Average Loss 0.0944. Test Loss 0.0950
Epoch 118/3200 : Average Loss 0.0950. Test Loss 0.0948
Epoch 119/3200 : Average Loss 0.0959. Test Loss 0.0952
Epoch 120/3200 : Average Loss 0.0956. Test Loss 0.0966
Epoch 121/3200 : Average Loss 0.0939. Test Loss 0.0975
Epoch 122/3200 : Average Loss 0.0949. Test Loss 0.0939
Epoch 123/3200 : Average Loss 0.0943. Test Loss 0.0963
Epoch 124/3200 : Average Loss 0.0940. Test Loss 0.0954
Epoch 125/3200 : Average Loss 0.0936. Test Loss 0.0937
Epoch 126/3200 : Average Loss 0.0937. Test Loss 0.0964
Epoch 127/3200 : Average Loss 0.0925. Test Loss 0.0946
Epoch 128/3200 : Average Loss 0.0932. Test Loss 0.0945
Epoch 129/3200 : Average Loss 0.0935. Test Loss 0.0936
Epoch 130/3200 : Average Loss 0.0926. Test Loss 0.0923
Epoch 131/3200 : Average Loss 0.0918. Test Loss 0.0944
Epoch 132/3200 : Average Loss 0.0925. Test Loss 0.0950
Epoch 133/3200 : Average Loss 0.0923. Test Loss 0.0947
Epoch 134/3200 : Average Loss 0.0930. Test Loss 0.0944
Epoch 135/3200 : Average Loss 0.0925. Test Loss 0.0968
Epoch 136/3200 : Average Loss 0.0932. Test Loss 0.0933
Epoch 137/3200 : Average Loss 0.0920. Test Loss 0.0926
Epoch 138/3200 : Average Loss 0.0929. Test Loss 0.0939
Epoch 139/3200 : Average Loss 0.0914. Test Loss 0.0929
Epoch 140/3200 : Average Loss 0.0921. Test Loss 0.0943
Epoch 141/3200 : Average Loss 0.0918. Test Loss 0.0901
Epoch 142/3200 : Average Loss 0.0922. Test Loss 0.0908
Epoch 143/3200 : Average Loss 0.0910. Test Loss 0.0925
Epoch 144/3200 : Average Loss 0.0925. Test Loss 0.0968
Epoch 145/3200 : Average Loss 0.0911. Test Loss 0.0901
Epoch 146/3200 : Average Loss 0.0907. Test Loss 0.0913
Epoch 147/3200 : Average Loss 0.0914. Test Loss 0.0922
Epoch 148/3200 : Average Loss 0.0920. Test Loss 0.0904
Epoch 149/3200 : Average Loss 0.0925. Test Loss 0.0934
Epoch 150/3200 : Average Loss 0.0913. Test Loss 0.0901
Epoch 151/3200 : Average Loss 0.0942. Test Loss 0.0939
Epoch 152/3200 : Average Loss 0.0920. Test Loss 0.0894
Epoch 153/3200 : Average Loss 0.0915. Test Loss 0.0916
Epoch 154/3200 : Average Loss 0.0901. Test Loss 0.0905
Epoch 155/3200 : Average Loss 0.0907. Test Loss 0.0919
Epoch 156/3200 : Average Loss 0.0903. Test Loss 0.0949
Epoch 157/3200 : Average Loss 0.0896. Test Loss 0.0909
Epoch 158/3200 : Average Loss 0.0906. Test Loss 0.0952
Epoch 159/3200 : Average Loss 0.0908. Test Loss 0.0911
Epoch 160/3200 : Average Loss 0.0907. Test Loss 0.0913
Epoch 161/3200 : Average Loss 0.0897. Test Loss 0.0897
Epoch 162/3200 : Average Loss 0.0895. Test Loss 0.0924
Epoch 163/3200 : Average Loss 0.0898. Test Loss 0.0941
Epoch 164/3200 : Average Loss 0.0893. Test Loss 0.0916
Epoch 165/3200 : Average Loss 0.0887. Test Loss 0.0889
Epoch 166/3200 : Average Loss 0.0896. Test Loss 0.0910
Epoch 167/3200 : Average Loss 0.0890. Test Loss 0.0904
Epoch 168/3200 : Average Loss 0.0890. Test Loss 0.0887
Epoch 169/3200 : Average Loss 0.0890. Test Loss 0.0896
Epoch 170/3200 : Average Loss 0.0889. Test Loss 0.0893
Epoch 171/3200 : Average Loss 0.0888. Test Loss 0.0912
Epoch 172/3200 : Average Loss 0.0887. Test Loss 0.0893
Epoch 173/3200 : Average Loss 0.0895. Test Loss 0.0927
Epoch 174/3200 : Average Loss 0.0893. Test Loss 0.0870
Epoch 175/3200 : Average Loss 0.0893. Test Loss 0.0891
Epoch 176/3200 : Average Loss 0.0904. Test Loss 0.0956
Epoch 177/3200 : Average Loss 0.0881. Test Loss 0.0911
Epoch 178/3200 : Average Loss 0.0895. Test Loss 0.0911
Epoch 179/3200 : Average Loss 0.0885. Test Loss 0.0893
Epoch 180/3200 : Average Loss 0.0881. Test Loss 0.0912
Epoch 181/3200 : Average Loss 0.0880. Test Loss 0.0883
Epoch 182/3200 : Average Loss 0.0881. Test Loss 0.0897
Epoch 183/3200 : Average Loss 0.0882. Test Loss 0.0873
Epoch 184/3200 : Average Loss 0.0874. Test Loss 0.0870
Epoch 185/3200 : Average Loss 0.0880. Test Loss 0.0867
Epoch 186/3200 : Average Loss 0.0882. Test Loss 0.0915
Epoch 187/3200 : Average Loss 0.0879. Test Loss 0.0874
Epoch 188/3200 : Average Loss 0.0878. Test Loss 0.0872
Epoch 189/3200 : Average Loss 0.0878. Test Loss 0.0874
Epoch 190/3200 : Average Loss 0.0874. Test Loss 0.0900
Epoch 191/3200 : Average Loss 0.0876. Test Loss 0.0878
Epoch 192/3200 : Average Loss 0.0869. Test Loss 0.0905
Epoch 193/3200 : Average Loss 0.0875. Test Loss 0.0904
Epoch 194/3200 : Average Loss 0.0871. Test Loss 0.0888
Epoch 195/3200 : Average Loss 0.0872. Test Loss 0.0890
Epoch 196/3200 : Average Loss 0.0867. Test Loss 0.0858
Epoch 197/3200 : Average Loss 0.0868. Test Loss 0.0867
Epoch 198/3200 : Average Loss 0.0890. Test Loss 0.0892
Epoch 199/3200 : Average Loss 0.0871. Test Loss 0.0885
Epoch 200/3200 : Average Loss 0.0871. Test Loss 0.0882
Epoch 201/3200 : Average Loss 0.0862. Test Loss 0.0866
Epoch 202/3200 : Average Loss 0.0864. Test Loss 0.0887
Epoch 203/3200 : Average Loss 0.0868. Test Loss 0.0881
Epoch 204/3200 : Average Loss 0.0867. Test Loss 0.0909
Epoch 205/3200 : Average Loss 0.0863. Test Loss 0.0867
Epoch 206/3200 : Average Loss 0.0868. Test Loss 0.0904
Epoch 207/3200 : Average Loss 0.0874. Test Loss 0.0870
Epoch 208/3200 : Average Loss 0.0874. Test Loss 0.0877
Epoch 209/3200 : Average Loss 0.0864. Test Loss 0.0896
Epoch 210/3200 : Average Loss 0.0871. Test Loss 0.0870
Epoch 211/3200 : Average Loss 0.0865. Test Loss 0.0855
Epoch 212/3200 : Average Loss 0.0863. Test Loss 0.0868
Epoch 213/3200 : Average Loss 0.0858. Test Loss 0.0878
Epoch 214/3200 : Average Loss 0.0858. Test Loss 0.0846
Epoch 215/3200 : Average Loss 0.0860. Test Loss 0.0872
Epoch 216/3200 : Average Loss 0.0863. Test Loss 0.0868
Epoch 217/3200 : Average Loss 0.0857. Test Loss 0.0904
Epoch 218/3200 : Average Loss 0.0859. Test Loss 0.0855
Epoch 219/3200 : Average Loss 0.0868. Test Loss 0.0878
Epoch 220/3200 : Average Loss 0.0855. Test Loss 0.0862
Epoch 221/3200 : Average Loss 0.0862. Test Loss 0.0875
Epoch 222/3200 : Average Loss 0.0846. Test Loss 0.0887
Epoch 223/3200 : Average Loss 0.0853. Test Loss 0.0858
Epoch 224/3200 : Average Loss 0.0854. Test Loss 0.0863
Epoch 225/3200 : Average Loss 0.0862. Test Loss 0.0861
Epoch 226/3200 : Average Loss 0.0856. Test Loss 0.0855
Epoch 227/3200 : Average Loss 0.0876. Test Loss 0.0891
Epoch 228/3200 : Average Loss 0.0863. Test Loss 0.0846
Epoch 229/3200 : Average Loss 0.0860. Test Loss 0.0852
Epoch 230/3200 : Average Loss 0.0853. Test Loss 0.0852
Epoch 231/3200 : Average Loss 0.0858. Test Loss 0.0876
Epoch 232/3200 : Average Loss 0.0845. Test Loss 0.0889
Epoch 233/3200 : Average Loss 0.0846. Test Loss 0.0861
Epoch 234/3200 : Average Loss 0.0856. Test Loss 0.0867
Epoch 235/3200 : Average Loss 0.0861. Test Loss 0.0859
Epoch 236/3200 : Average Loss 0.0851. Test Loss 0.0860
Epoch 237/3200 : Average Loss 0.0855. Test Loss 0.0868
Epoch 238/3200 : Average Loss 0.0850. Test Loss 0.0860
Epoch 239/3200 : Average Loss 0.0841. Test Loss 0.0833
Epoch 240/3200 : Average Loss 0.0851. Test Loss 0.0853
Epoch 241/3200 : Average Loss 0.0853. Test Loss 0.0875
Epoch 242/3200 : Average Loss 0.0848. Test Loss 0.0862
Epoch 243/3200 : Average Loss 0.0839. Test Loss 0.0864
Epoch 244/3200 : Average Loss 0.0844. Test Loss 0.0879
Epoch 245/3200 : Average Loss 0.0843. Test Loss 0.0875
Epoch 246/3200 : Average Loss 0.0854. Test Loss 0.0887
Epoch 247/3200 : Average Loss 0.0846. Test Loss 0.0856
Epoch 248/3200 : Average Loss 0.0848. Test Loss 0.0849
Epoch 249/3200 : Average Loss 0.0836. Test Loss 0.0861
Epoch 250/3200 : Average Loss 0.0838. Test Loss 0.0875
Epoch 251/3200 : Average Loss 0.0831. Test Loss 0.0853
Epoch 252/3200 : Average Loss 0.0842. Test Loss 0.0863
Epoch 253/3200 : Average Loss 0.0842. Test Loss 0.0889
Epoch 254/3200 : Average Loss 0.0840. Test Loss 0.0845
Epoch 255/3200 : Average Loss 0.0840. Test Loss 0.0851
Epoch 256/3200 : Average Loss 0.0840. Test Loss 0.0852
Epoch 257/3200 : Average Loss 0.0838. Test Loss 0.0858
Epoch 258/3200 : Average Loss 0.0831. Test Loss 0.0855
Epoch 259/3200 : Average Loss 0.0831. Test Loss 0.0909
Epoch 260/3200 : Average Loss 0.0833. Test Loss 0.0868
Epoch 261/3200 : Average Loss 0.0835. Test Loss 0.0849
Epoch 262/3200 : Average Loss 0.0837. Test Loss 0.0840
Epoch 263/3200 : Average Loss 0.0828. Test Loss 0.0834
Epoch 264/3200 : Average Loss 0.0835. Test Loss 0.0850
Epoch 265/3200 : Average Loss 0.0834. Test Loss 0.0857
Epoch 266/3200 : Average Loss 0.0832. Test Loss 0.0872
Epoch 267/3200 : Average Loss 0.0832. Test Loss 0.0849
Epoch 268/3200 : Average Loss 0.0837. Test Loss 0.0833
Epoch 269/3200 : Average Loss 0.0834. Test Loss 0.0864
Epoch 270/3200 : Average Loss 0.0831. Test Loss 0.0863
Epoch 271/3200 : Average Loss 0.0829. Test Loss 0.0838
Epoch 272/3200 : Average Loss 0.0830. Test Loss 0.0829
Epoch 273/3200 : Average Loss 0.0826. Test Loss 0.0849
Epoch 274/3200 : Average Loss 0.0837. Test Loss 0.0842
Epoch 275/3200 : Average Loss 0.0829. Test Loss 0.0859
Epoch 276/3200 : Average Loss 0.0835. Test Loss 0.0869
Epoch 277/3200 : Average Loss 0.0832. Test Loss 0.0852
Epoch 278/3200 : Average Loss 0.0828. Test Loss 0.0873
Epoch 279/3200 : Average Loss 0.0838. Test Loss 0.0837
Epoch 280/3200 : Average Loss 0.0825. Test Loss 0.0867
Epoch 281/3200 : Average Loss 0.0833. Test Loss 0.0832
Epoch 282/3200 : Average Loss 0.0827. Test Loss 0.0862
Epoch 283/3200 : Average Loss 0.0816. Test Loss 0.0837
Epoch 284/3200 : Average Loss 0.0823. Test Loss 0.0845
Epoch 285/3200 : Average Loss 0.0830. Test Loss 0.0846
Epoch 286/3200 : Average Loss 0.0823. Test Loss 0.0836
Epoch 287/3200 : Average Loss 0.0825. Test Loss 0.0847
Epoch 288/3200 : Average Loss 0.0819. Test Loss 0.0839
Epoch 289/3200 : Average Loss 0.0820. Test Loss 0.0875
Epoch 290/3200 : Average Loss 0.0817. Test Loss 0.0836
Epoch 291/3200 : Average Loss 0.0817. Test Loss 0.0855
Epoch 292/3200 : Average Loss 0.0821. Test Loss 0.0857
Epoch 293/3200 : Average Loss 0.0820. Test Loss 0.0864
Epoch 294/3200 : Average Loss 0.0819. Test Loss 0.0837
Epoch 295/3200 : Average Loss 0.0817. Test Loss 0.0841
Epoch 296/3200 : Average Loss 0.0819. Test Loss 0.0821
Epoch 297/3200 : Average Loss 0.0818. Test Loss 0.0829
Epoch 298/3200 : Average Loss 0.0819. Test Loss 0.0865
Epoch 299/3200 : Average Loss 0.0819. Test Loss 0.0805
Epoch 300/3200 : Average Loss 0.0813. Test Loss 0.0863
Epoch 301/3200 : Average Loss 0.0813. Test Loss 0.0852
Epoch 302/3200 : Average Loss 0.0816. Test Loss 0.0844
Epoch 303/3200 : Average Loss 0.0825. Test Loss 0.0818
Epoch 304/3200 : Average Loss 0.0816. Test Loss 0.0820
Epoch 305/3200 : Average Loss 0.0817. Test Loss 0.0823
Epoch 306/3200 : Average Loss 0.0820. Test Loss 0.0854
Epoch 307/3200 : Average Loss 0.0815. Test Loss 0.0868
Epoch 308/3200 : Average Loss 0.0813. Test Loss 0.0846
Epoch 309/3200 : Average Loss 0.0816. Test Loss 0.0881
Epoch 310/3200 : Average Loss 0.0810. Test Loss 0.0852
Epoch 311/3200 : Average Loss 0.0809. Test Loss 0.0832
Epoch 312/3200 : Average Loss 0.0813. Test Loss 0.0822
Epoch 313/3200 : Average Loss 0.0806. Test Loss 0.0839
Epoch 314/3200 : Average Loss 0.0815. Test Loss 0.0826
Epoch 315/3200 : Average Loss 0.0805. Test Loss 0.0849
Epoch 316/3200 : Average Loss 0.0814. Test Loss 0.0834
Epoch 317/3200 : Average Loss 0.0817. Test Loss 0.0847
Epoch 318/3200 : Average Loss 0.0818. Test Loss 0.0825
Epoch 319/3200 : Average Loss 0.0811. Test Loss 0.0822
Epoch 320/3200 : Average Loss 0.0813. Test Loss 0.0838
Epoch 321/3200 : Average Loss 0.0818. Test Loss 0.0845
Epoch 322/3200 : Average Loss 0.0817. Test Loss 0.0826
Epoch 323/3200 : Average Loss 0.0807. Test Loss 0.0862
Epoch 324/3200 : Average Loss 0.0817. Test Loss 0.0853
Epoch 325/3200 : Average Loss 0.0803. Test Loss 0.0834
Epoch 326/3200 : Average Loss 0.0807. Test Loss 0.0860
Epoch 327/3200 : Average Loss 0.0808. Test Loss 0.0806
Epoch 328/3200 : Average Loss 0.0811. Test Loss 0.0834
Epoch 329/3200 : Average Loss 0.0810. Test Loss 0.0836
Epoch 330/3200 : Average Loss 0.0801. Test Loss 0.0792
Epoch 331/3200 : Average Loss 0.0809. Test Loss 0.0827
Epoch 332/3200 : Average Loss 0.0812. Test Loss 0.0826
Epoch 333/3200 : Average Loss 0.0806. Test Loss 0.0837
Epoch 334/3200 : Average Loss 0.0803. Test Loss 0.0825
Epoch 335/3200 : Average Loss 0.0812. Test Loss 0.0813
Epoch 336/3200 : Average Loss 0.0801. Test Loss 0.0820
Epoch 337/3200 : Average Loss 0.0806. Test Loss 0.0846
Epoch 338/3200 : Average Loss 0.0810. Test Loss 0.0843
Epoch 339/3200 : Average Loss 0.0812. Test Loss 0.0845
Epoch 340/3200 : Average Loss 0.0816. Test Loss 0.0792
Epoch 341/3200 : Average Loss 0.0800. Test Loss 0.0803
Epoch 342/3200 : Average Loss 0.0805. Test Loss 0.0807
Epoch 343/3200 : Average Loss 0.0798. Test Loss 0.0820
Epoch 344/3200 : Average Loss 0.0808. Test Loss 0.0809
Epoch 345/3200 : Average Loss 0.0810. Test Loss 0.0856
Epoch 346/3200 : Average Loss 0.0808. Test Loss 0.0829
Epoch 347/3200 : Average Loss 0.0795. Test Loss 0.0818
Epoch 348/3200 : Average Loss 0.0802. Test Loss 0.0827
Epoch 349/3200 : Average Loss 0.0801. Test Loss 0.0823
Epoch 350/3200 : Average Loss 0.0804. Test Loss 0.0810
Epoch 351/3200 : Average Loss 0.0807. Test Loss 0.0828
Epoch 352/3200 : Average Loss 0.0802. Test Loss 0.0829
Epoch 353/3200 : Average Loss 0.0806. Test Loss 0.0821
Epoch 354/3200 : Average Loss 0.0800. Test Loss 0.0810
Epoch 355/3200 : Average Loss 0.0788. Test Loss 0.0814
Epoch 356/3200 : Average Loss 0.0796. Test Loss 0.0810
Epoch 357/3200 : Average Loss 0.0791. Test Loss 0.0829
Epoch 358/3200 : Average Loss 0.0794. Test Loss 0.0837
Epoch 359/3200 : Average Loss 0.0794. Test Loss 0.0813
Epoch 360/3200 : Average Loss 0.0794. Test Loss 0.0856
Epoch 361/3200 : Average Loss 0.0795. Test Loss 0.0807
Epoch 362/3200 : Average Loss 0.0798. Test Loss 0.0832
Epoch 363/3200 : Average Loss 0.0790. Test Loss 0.0813
Epoch 364/3200 : Average Loss 0.0799. Test Loss 0.0817
Epoch 365/3200 : Average Loss 0.0801. Test Loss 0.0834
Epoch 366/3200 : Average Loss 0.0800. Test Loss 0.0822
Epoch 367/3200 : Average Loss 0.0786. Test Loss 0.0816
Epoch 368/3200 : Average Loss 0.0794. Test Loss 0.0837
Epoch 369/3200 : Average Loss 0.0793. Test Loss 0.0799
Epoch 370/3200 : Average Loss 0.0791. Test Loss 0.0801
Epoch 371/3200 : Average Loss 0.0797. Test Loss 0.0824
Epoch 372/3200 : Average Loss 0.0793. Test Loss 0.0809
Epoch 373/3200 : Average Loss 0.0789. Test Loss 0.0821
Epoch 374/3200 : Average Loss 0.0790. Test Loss 0.0800
Epoch 375/3200 : Average Loss 0.0799. Test Loss 0.0797
Epoch 376/3200 : Average Loss 0.0794. Test Loss 0.0792
Epoch 377/3200 : Average Loss 0.0792. Test Loss 0.0801
Epoch 378/3200 : Average Loss 0.0796. Test Loss 0.0846
Epoch 379/3200 : Average Loss 0.0789. Test Loss 0.0823
Epoch 380/3200 : Average Loss 0.0784. Test Loss 0.0825
Epoch 381/3200 : Average Loss 0.0794. Test Loss 0.0834
Epoch 382/3200 : Average Loss 0.0791. Test Loss 0.0830
Epoch 383/3200 : Average Loss 0.0788. Test Loss 0.0814
Epoch 384/3200 : Average Loss 0.0785. Test Loss 0.0827
Epoch 385/3200 : Average Loss 0.0788. Test Loss 0.0805
Epoch 386/3200 : Average Loss 0.0788. Test Loss 0.0796
Epoch 387/3200 : Average Loss 0.0790. Test Loss 0.0805
Epoch 388/3200 : Average Loss 0.0784. Test Loss 0.0821
Epoch 389/3200 : Average Loss 0.0786. Test Loss 0.0803
Epoch 390/3200 : Average Loss 0.0778. Test Loss 0.0813
Epoch 391/3200 : Average Loss 0.0785. Test Loss 0.0819
Epoch 392/3200 : Average Loss 0.0792. Test Loss 0.0823
Epoch 393/3200 : Average Loss 0.0779. Test Loss 0.0810
Epoch 394/3200 : Average Loss 0.0795. Test Loss 0.0816
Epoch 395/3200 : Average Loss 0.0785. Test Loss 0.0811
Epoch 396/3200 : Average Loss 0.0792. Test Loss 0.0808
Epoch 397/3200 : Average Loss 0.0784. Test Loss 0.0808
Epoch 398/3200 : Average Loss 0.0794. Test Loss 0.0820
Epoch 399/3200 : Average Loss 0.0782. Test Loss 0.0813
Epoch 400/3200 : Average Loss 0.0778. Test Loss 0.0816
Epoch 401/3200 : Average Loss 0.0792. Test Loss 0.0813
Epoch 402/3200 : Average Loss 0.0773. Test Loss 0.0826
Epoch 403/3200 : Average Loss 0.0783. Test Loss 0.0798
Epoch 404/3200 : Average Loss 0.0777. Test Loss 0.0797
Epoch 405/3200 : Average Loss 0.0789. Test Loss 0.0807
Epoch 406/3200 : Average Loss 0.0783. Test Loss 0.0811
Epoch 407/3200 : Average Loss 0.0784. Test Loss 0.0809
Epoch 408/3200 : Average Loss 0.0787. Test Loss 0.0833
Epoch 409/3200 : Average Loss 0.0782. Test Loss 0.0828
Epoch 410/3200 : Average Loss 0.0785. Test Loss 0.0803
Epoch 411/3200 : Average Loss 0.0782. Test Loss 0.0826
Epoch 412/3200 : Average Loss 0.0784. Test Loss 0.0790
Epoch 413/3200 : Average Loss 0.0778. Test Loss 0.0785
Epoch 414/3200 : Average Loss 0.0778. Test Loss 0.0816
Epoch 415/3200 : Average Loss 0.0772. Test Loss 0.0792
Epoch 416/3200 : Average Loss 0.0777. Test Loss 0.0772
Epoch 417/3200 : Average Loss 0.0781. Test Loss 0.0828
Epoch 418/3200 : Average Loss 0.0775. Test Loss 0.0783
Epoch 419/3200 : Average Loss 0.0777. Test Loss 0.0802
Epoch 420/3200 : Average Loss 0.0779. Test Loss 0.0803
Epoch 421/3200 : Average Loss 0.0780. Test Loss 0.0822
Epoch 422/3200 : Average Loss 0.0784. Test Loss 0.0794
Epoch 423/3200 : Average Loss 0.0779. Test Loss 0.0833
Epoch 424/3200 : Average Loss 0.0790. Test Loss 0.0809
Epoch 425/3200 : Average Loss 0.0782. Test Loss 0.0810
Epoch 426/3200 : Average Loss 0.0781. Test Loss 0.0785
Epoch 427/3200 : Average Loss 0.0780. Test Loss 0.0780
Epoch 428/3200 : Average Loss 0.0785. Test Loss 0.0798
Epoch 429/3200 : Average Loss 0.0785. Test Loss 0.0802
Epoch 430/3200 : Average Loss 0.0772. Test Loss 0.0801
Epoch 431/3200 : Average Loss 0.0778. Test Loss 0.0796
Epoch 432/3200 : Average Loss 0.0779. Test Loss 0.0794
Epoch 433/3200 : Average Loss 0.0780. Test Loss 0.0783
Epoch 434/3200 : Average Loss 0.0780. Test Loss 0.0781
Epoch 435/3200 : Average Loss 0.0772. Test Loss 0.0793
Epoch 436/3200 : Average Loss 0.0770. Test Loss 0.0798
Epoch 437/3200 : Average Loss 0.0773. Test Loss 0.0779
Epoch 438/3200 : Average Loss 0.0776. Test Loss 0.0801
Epoch 439/3200 : Average Loss 0.0782. Test Loss 0.0789
Epoch 440/3200 : Average Loss 0.0779. Test Loss 0.0789
Epoch 441/3200 : Average Loss 0.0779. Test Loss 0.0791
Epoch 442/3200 : Average Loss 0.0782. Test Loss 0.0809
Epoch 443/3200 : Average Loss 0.0770. Test Loss 0.0798
Epoch 444/3200 : Average Loss 0.0773. Test Loss 0.0795
Epoch 445/3200 : Average Loss 0.0772. Test Loss 0.0779
Epoch 446/3200 : Average Loss 0.0775. Test Loss 0.0836
Epoch 447/3200 : Average Loss 0.0773. Test Loss 0.0812
Epoch 448/3200 : Average Loss 0.0772. Test Loss 0.0802
Epoch 449/3200 : Average Loss 0.0777. Test Loss 0.0783
Epoch 450/3200 : Average Loss 0.0772. Test Loss 0.0781
Epoch 451/3200 : Average Loss 0.0771. Test Loss 0.0799
Epoch 452/3200 : Average Loss 0.0773. Test Loss 0.0787
Epoch 453/3200 : Average Loss 0.0772. Test Loss 0.0787
Epoch 454/3200 : Average Loss 0.0771. Test Loss 0.0792
Epoch 455/3200 : Average Loss 0.0770. Test Loss 0.0784
Epoch 456/3200 : Average Loss 0.0769. Test Loss 0.0766
Epoch 457/3200 : Average Loss 0.0763. Test Loss 0.0801
Epoch 458/3200 : Average Loss 0.0774. Test Loss 0.0796
Epoch 459/3200 : Average Loss 0.0772. Test Loss 0.0782
Epoch 460/3200 : Average Loss 0.0773. Test Loss 0.0782
Epoch 461/3200 : Average Loss 0.0776. Test Loss 0.0809
Epoch 462/3200 : Average Loss 0.0765. Test Loss 0.0783
Epoch 463/3200 : Average Loss 0.0773. Test Loss 0.0799
Epoch 464/3200 : Average Loss 0.0775. Test Loss 0.0800
Epoch 465/3200 : Average Loss 0.0772. Test Loss 0.0783
Epoch 466/3200 : Average Loss 0.0771. Test Loss 0.0785
Epoch 467/3200 : Average Loss 0.0764. Test Loss 0.0789
Epoch 468/3200 : Average Loss 0.0770. Test Loss 0.0796
Epoch 469/3200 : Average Loss 0.0769. Test Loss 0.0780
Epoch 470/3200 : Average Loss 0.0762. Test Loss 0.0794
Epoch 471/3200 : Average Loss 0.0774. Test Loss 0.0796
Epoch 472/3200 : Average Loss 0.0765. Test Loss 0.0790
Epoch 473/3200 : Average Loss 0.0771. Test Loss 0.0779
Epoch 474/3200 : Average Loss 0.0766. Test Loss 0.0791
Epoch 475/3200 : Average Loss 0.0773. Test Loss 0.0795
Epoch 476/3200 : Average Loss 0.0782. Test Loss 0.0802
Epoch 477/3200 : Average Loss 0.0763. Test Loss 0.0785
Epoch 478/3200 : Average Loss 0.0770. Test Loss 0.0780
Epoch 479/3200 : Average Loss 0.0764. Test Loss 0.0823
Epoch 480/3200 : Average Loss 0.0756. Test Loss 0.0821
Epoch 481/3200 : Average Loss 0.0762. Test Loss 0.0756
Epoch 482/3200 : Average Loss 0.0753. Test Loss 0.0780
Epoch 483/3200 : Average Loss 0.0760. Test Loss 0.0775
Epoch 484/3200 : Average Loss 0.0762. Test Loss 0.0773
Epoch 485/3200 : Average Loss 0.0756. Test Loss 0.0789
Epoch 486/3200 : Average Loss 0.0759. Test Loss 0.0787
Epoch 487/3200 : Average Loss 0.0757. Test Loss 0.0793
Epoch 488/3200 : Average Loss 0.0772. Test Loss 0.0801
Epoch 489/3200 : Average Loss 0.0761. Test Loss 0.0798
Epoch 490/3200 : Average Loss 0.0769. Test Loss 0.0784
Epoch 491/3200 : Average Loss 0.0766. Test Loss 0.0809
Epoch 492/3200 : Average Loss 0.0762. Test Loss 0.0791
Epoch 493/3200 : Average Loss 0.0769. Test Loss 0.0787
Epoch 494/3200 : Average Loss 0.0765. Test Loss 0.0770
Epoch 495/3200 : Average Loss 0.0766. Test Loss 0.0779
Epoch 496/3200 : Average Loss 0.0762. Test Loss 0.0797
Epoch 497/3200 : Average Loss 0.0762. Test Loss 0.0792
Epoch 498/3200 : Average Loss 0.0764. Test Loss 0.0800
Epoch 499/3200 : Average Loss 0.0754. Test Loss 0.0778
Epoch 500/3200 : Average Loss 0.0760. Test Loss 0.0796
Epoch 501/3200 : Average Loss 0.0762. Test Loss 0.0806
Epoch 502/3200 : Average Loss 0.0765. Test Loss 0.0797
Epoch 503/3200 : Average Loss 0.0764. Test Loss 0.0807
Epoch 504/3200 : Average Loss 0.0762. Test Loss 0.0784
Epoch 505/3200 : Average Loss 0.0759. Test Loss 0.0789
Epoch 506/3200 : Average Loss 0.0756. Test Loss 0.0796
Epoch 507/3200 : Average Loss 0.0762. Test Loss 0.0781
Epoch 508/3200 : Average Loss 0.0762. Test Loss 0.0788
Epoch 509/3200 : Average Loss 0.0760. Test Loss 0.0779
Epoch 510/3200 : Average Loss 0.0760. Test Loss 0.0787
Epoch 511/3200 : Average Loss 0.0768. Test Loss 0.0780
Epoch 512/3200 : Average Loss 0.0752. Test Loss 0.0785
Epoch 513/3200 : Average Loss 0.0751. Test Loss 0.0785
Epoch 514/3200 : Average Loss 0.0757. Test Loss 0.0778
Epoch 515/3200 : Average Loss 0.0757. Test Loss 0.0780
Epoch 516/3200 : Average Loss 0.0754. Test Loss 0.0762
Epoch 517/3200 : Average Loss 0.0754. Test Loss 0.0801
Epoch 518/3200 : Average Loss 0.0762. Test Loss 0.0784
Epoch 519/3200 : Average Loss 0.0760. Test Loss 0.0782
Epoch 520/3200 : Average Loss 0.0755. Test Loss 0.0759
Epoch 521/3200 : Average Loss 0.0757. Test Loss 0.0764
Epoch 522/3200 : Average Loss 0.0747. Test Loss 0.0792
Epoch 523/3200 : Average Loss 0.0759. Test Loss 0.0796
Epoch 524/3200 : Average Loss 0.0755. Test Loss 0.0780
Epoch 525/3200 : Average Loss 0.0762. Test Loss 0.0774
Epoch 526/3200 : Average Loss 0.0759. Test Loss 0.0779
Epoch 527/3200 : Average Loss 0.0757. Test Loss 0.0778
Epoch 528/3200 : Average Loss 0.0754. Test Loss 0.0785
Epoch 529/3200 : Average Loss 0.0761. Test Loss 0.0786
Epoch 530/3200 : Average Loss 0.0762. Test Loss 0.0786
Epoch 531/3200 : Average Loss 0.0756. Test Loss 0.0790
Epoch 532/3200 : Average Loss 0.0754. Test Loss 0.0764
Epoch 533/3200 : Average Loss 0.0748. Test Loss 0.0783
Epoch 534/3200 : Average Loss 0.0753. Test Loss 0.0786
Epoch 535/3200 : Average Loss 0.0749. Test Loss 0.0770
Epoch 536/3200 : Average Loss 0.0751. Test Loss 0.0784
Epoch 537/3200 : Average Loss 0.0756. Test Loss 0.0812
Epoch 538/3200 : Average Loss 0.0753. Test Loss 0.0769
Epoch 539/3200 : Average Loss 0.0753. Test Loss 0.0786
Epoch 540/3200 : Average Loss 0.0753. Test Loss 0.0787
Epoch 541/3200 : Average Loss 0.0755. Test Loss 0.0771
Epoch 542/3200 : Average Loss 0.0747. Test Loss 0.0790
Epoch 543/3200 : Average Loss 0.0755. Test Loss 0.0781
Epoch 544/3200 : Average Loss 0.0748. Test Loss 0.0797
Epoch 545/3200 : Average Loss 0.0751. Test Loss 0.0809
Epoch 546/3200 : Average Loss 0.0752. Test Loss 0.0764
Epoch 547/3200 : Average Loss 0.0748. Test Loss 0.0792
Epoch 548/3200 : Average Loss 0.0751. Test Loss 0.0768
Epoch 549/3200 : Average Loss 0.0751. Test Loss 0.0757
Epoch 550/3200 : Average Loss 0.0756. Test Loss 0.0767
Epoch 551/3200 : Average Loss 0.0746. Test Loss 0.0765
Epoch 552/3200 : Average Loss 0.0753. Test Loss 0.0791
Epoch 553/3200 : Average Loss 0.0753. Test Loss 0.0797
Epoch 554/3200 : Average Loss 0.0753. Test Loss 0.0758
Epoch 555/3200 : Average Loss 0.0751. Test Loss 0.0769
Epoch 556/3200 : Average Loss 0.0749. Test Loss 0.0763
Epoch 557/3200 : Average Loss 0.0746. Test Loss 0.0755
Epoch 558/3200 : Average Loss 0.0747. Test Loss 0.0793
Epoch 559/3200 : Average Loss 0.0751. Test Loss 0.0786
Epoch 560/3200 : Average Loss 0.0748. Test Loss 0.0771
Epoch 561/3200 : Average Loss 0.0756. Test Loss 0.0779
Epoch 562/3200 : Average Loss 0.0739. Test Loss 0.0766
Epoch 563/3200 : Average Loss 0.0753. Test Loss 0.0769
Epoch 564/3200 : Average Loss 0.0742. Test Loss 0.0764
Epoch 565/3200 : Average Loss 0.0760. Test Loss 0.0757
Epoch 566/3200 : Average Loss 0.0758. Test Loss 0.0798
Epoch 567/3200 : Average Loss 0.0747. Test Loss 0.0797
Epoch 568/3200 : Average Loss 0.0751. Test Loss 0.0800
Epoch 569/3200 : Average Loss 0.0753. Test Loss 0.0774
Epoch 570/3200 : Average Loss 0.0753. Test Loss 0.0776
Epoch 571/3200 : Average Loss 0.0742. Test Loss 0.0773
Epoch 572/3200 : Average Loss 0.0751. Test Loss 0.0770
Epoch 573/3200 : Average Loss 0.0759. Test Loss 0.0763
Epoch 574/3200 : Average Loss 0.0745. Test Loss 0.0767
Epoch 575/3200 : Average Loss 0.0739. Test Loss 0.0771
Epoch 576/3200 : Average Loss 0.0745. Test Loss 0.0747
Epoch 577/3200 : Average Loss 0.0754. Test Loss 0.0780
Epoch 578/3200 : Average Loss 0.0738. Test Loss 0.0784
Epoch 579/3200 : Average Loss 0.0743. Test Loss 0.0751
Epoch 580/3200 : Average Loss 0.0742. Test Loss 0.0769
Epoch 581/3200 : Average Loss 0.0738. Test Loss 0.0783
Epoch 582/3200 : Average Loss 0.0753. Test Loss 0.0793
Epoch 583/3200 : Average Loss 0.0744. Test Loss 0.0775
Epoch 584/3200 : Average Loss 0.0741. Test Loss 0.0787
Epoch 585/3200 : Average Loss 0.0747. Test Loss 0.0768
Epoch 586/3200 : Average Loss 0.0742. Test Loss 0.0787
Epoch 587/3200 : Average Loss 0.0745. Test Loss 0.0769
Epoch 588/3200 : Average Loss 0.0741. Test Loss 0.0760
Epoch 589/3200 : Average Loss 0.0742. Test Loss 0.0790
Epoch 590/3200 : Average Loss 0.0749. Test Loss 0.0759
Epoch 591/3200 : Average Loss 0.0746. Test Loss 0.0762
Epoch 592/3200 : Average Loss 0.0747. Test Loss 0.0783
Epoch 593/3200 : Average Loss 0.0741. Test Loss 0.0776
Epoch 594/3200 : Average Loss 0.0743. Test Loss 0.0782
Epoch 595/3200 : Average Loss 0.0743. Test Loss 0.0767
Epoch 596/3200 : Average Loss 0.0736. Test Loss 0.0782
Epoch 597/3200 : Average Loss 0.0748. Test Loss 0.0772
Epoch 598/3200 : Average Loss 0.0744. Test Loss 0.0751
Epoch 599/3200 : Average Loss 0.0740. Test Loss 0.0761
Epoch 600/3200 : Average Loss 0.0749. Test Loss 0.0785
Epoch 601/3200 : Average Loss 0.0741. Test Loss 0.0804
Epoch 602/3200 : Average Loss 0.0740. Test Loss 0.0770
Epoch 603/3200 : Average Loss 0.0746. Test Loss 0.0811
Epoch 604/3200 : Average Loss 0.0740. Test Loss 0.0773
Epoch 605/3200 : Average Loss 0.0736. Test Loss 0.0770
Epoch 606/3200 : Average Loss 0.0739. Test Loss 0.0770
Epoch 607/3200 : Average Loss 0.0742. Test Loss 0.0779
Epoch 608/3200 : Average Loss 0.0737. Test Loss 0.0765
Epoch 609/3200 : Average Loss 0.0738. Test Loss 0.0775
Epoch 610/3200 : Average Loss 0.0738. Test Loss 0.0757
Epoch 611/3200 : Average Loss 0.0739. Test Loss 0.0799
Epoch 612/3200 : Average Loss 0.0735. Test Loss 0.0767
Epoch 613/3200 : Average Loss 0.0739. Test Loss 0.0783
Epoch 614/3200 : Average Loss 0.0737. Test Loss 0.0766
Epoch 615/3200 : Average Loss 0.0735. Test Loss 0.0791
Epoch 616/3200 : Average Loss 0.0740. Test Loss 0.0780
Epoch 617/3200 : Average Loss 0.0743. Test Loss 0.0758
Epoch 618/3200 : Average Loss 0.0740. Test Loss 0.0751
Epoch 619/3200 : Average Loss 0.0741. Test Loss 0.0763
Epoch 620/3200 : Average Loss 0.0749. Test Loss 0.0770
Epoch 621/3200 : Average Loss 0.0746. Test Loss 0.0772
Epoch 622/3200 : Average Loss 0.0736. Test Loss 0.0772
Epoch 623/3200 : Average Loss 0.0740. Test Loss 0.0786
Epoch 624/3200 : Average Loss 0.0741. Test Loss 0.0781
Epoch 625/3200 : Average Loss 0.0738. Test Loss 0.0760
Epoch 626/3200 : Average Loss 0.0740. Test Loss 0.0785
Epoch 627/3200 : Average Loss 0.0734. Test Loss 0.0780
Epoch 628/3200 : Average Loss 0.0739. Test Loss 0.0776
Epoch 629/3200 : Average Loss 0.0738. Test Loss 0.0755
Epoch 630/3200 : Average Loss 0.0734. Test Loss 0.0761
Epoch 631/3200 : Average Loss 0.0735. Test Loss 0.0764
Epoch 632/3200 : Average Loss 0.0731. Test Loss 0.0750
Epoch 633/3200 : Average Loss 0.0741. Test Loss 0.0787
Epoch 634/3200 : Average Loss 0.0731. Test Loss 0.0775
Epoch 635/3200 : Average Loss 0.0735. Test Loss 0.0760
Epoch 636/3200 : Average Loss 0.0730. Test Loss 0.0783
Epoch 637/3200 : Average Loss 0.0739. Test Loss 0.0786
Epoch 638/3200 : Average Loss 0.0736. Test Loss 0.0764
Epoch 639/3200 : Average Loss 0.0730. Test Loss 0.0763
Epoch 640/3200 : Average Loss 0.0733. Test Loss 0.0772
Epoch 641/3200 : Average Loss 0.0731. Test Loss 0.0752
Epoch 642/3200 : Average Loss 0.0744. Test Loss 0.0767
Epoch 643/3200 : Average Loss 0.0737. Test Loss 0.0758
Epoch 644/3200 : Average Loss 0.0735. Test Loss 0.0765
Epoch 645/3200 : Average Loss 0.0749. Test Loss 0.0775
Epoch 646/3200 : Average Loss 0.0742. Test Loss 0.0757
Epoch 647/3200 : Average Loss 0.0736. Test Loss 0.0769
Epoch 648/3200 : Average Loss 0.0733. Test Loss 0.0775
Epoch 649/3200 : Average Loss 0.0734. Test Loss 0.0749
Epoch 650/3200 : Average Loss 0.0745. Test Loss 0.0771
Epoch 651/3200 : Average Loss 0.0745. Test Loss 0.0765
Epoch 652/3200 : Average Loss 0.0738. Test Loss 0.0776
Epoch 653/3200 : Average Loss 0.0737. Test Loss 0.0793
Epoch 654/3200 : Average Loss 0.0733. Test Loss 0.0762
Epoch 655/3200 : Average Loss 0.0731. Test Loss 0.0758
Epoch 656/3200 : Average Loss 0.0743. Test Loss 0.0769
Epoch 657/3200 : Average Loss 0.0733. Test Loss 0.0762
Epoch 658/3200 : Average Loss 0.0742. Test Loss 0.0777
Epoch 659/3200 : Average Loss 0.0736. Test Loss 0.0745
Epoch 660/3200 : Average Loss 0.0723. Test Loss 0.0741
Epoch 661/3200 : Average Loss 0.0731. Test Loss 0.0747
Epoch 662/3200 : Average Loss 0.0733. Test Loss 0.0744
Epoch 663/3200 : Average Loss 0.0731. Test Loss 0.0766
Epoch 664/3200 : Average Loss 0.0731. Test Loss 0.0762
Epoch 665/3200 : Average Loss 0.0741. Test Loss 0.0769
Epoch 666/3200 : Average Loss 0.0731. Test Loss 0.0769
Epoch 667/3200 : Average Loss 0.0728. Test Loss 0.0770
Epoch 668/3200 : Average Loss 0.0736. Test Loss 0.0770
Epoch 669/3200 : Average Loss 0.0731. Test Loss 0.0757
Epoch 670/3200 : Average Loss 0.0732. Test Loss 0.0767
Epoch 671/3200 : Average Loss 0.0728. Test Loss 0.0753
Epoch 672/3200 : Average Loss 0.0725. Test Loss 0.0735
Epoch 673/3200 : Average Loss 0.0738. Test Loss 0.0754
Epoch 674/3200 : Average Loss 0.0740. Test Loss 0.0752
Epoch 675/3200 : Average Loss 0.0735. Test Loss 0.0763
Epoch 676/3200 : Average Loss 0.0733. Test Loss 0.0760
Epoch 677/3200 : Average Loss 0.0735. Test Loss 0.0758
Epoch 678/3200 : Average Loss 0.0731. Test Loss 0.0743
Epoch 679/3200 : Average Loss 0.0734. Test Loss 0.0772
Epoch 680/3200 : Average Loss 0.0736. Test Loss 0.0763
Epoch 681/3200 : Average Loss 0.0736. Test Loss 0.0753
Epoch 682/3200 : Average Loss 0.0738. Test Loss 0.0741
Epoch 683/3200 : Average Loss 0.0731. Test Loss 0.0747
Epoch 684/3200 : Average Loss 0.0734. Test Loss 0.0757
Epoch 685/3200 : Average Loss 0.0736. Test Loss 0.0754
Epoch 686/3200 : Average Loss 0.0730. Test Loss 0.0770
Epoch 687/3200 : Average Loss 0.0724. Test Loss 0.0756
Epoch 688/3200 : Average Loss 0.0730. Test Loss 0.0758
Epoch 689/3200 : Average Loss 0.0735. Test Loss 0.0759
Epoch 690/3200 : Average Loss 0.0733. Test Loss 0.0759
Epoch 691/3200 : Average Loss 0.0761. Test Loss 0.0746
Epoch 692/3200 : Average Loss 0.0738. Test Loss 0.0748
Epoch 693/3200 : Average Loss 0.0728. Test Loss 0.0760
Epoch 694/3200 : Average Loss 0.0725. Test Loss 0.0770
Epoch 695/3200 : Average Loss 0.0728. Test Loss 0.0753
Epoch 696/3200 : Average Loss 0.0734. Test Loss 0.0747
Epoch 697/3200 : Average Loss 0.0735. Test Loss 0.0747
Epoch 698/3200 : Average Loss 0.0734. Test Loss 0.0765
Epoch 699/3200 : Average Loss 0.0723. Test Loss 0.0745
Epoch 700/3200 : Average Loss 0.0723. Test Loss 0.0747
Epoch 701/3200 : Average Loss 0.0728. Test Loss 0.0756
Epoch 702/3200 : Average Loss 0.0734. Test Loss 0.0774
Epoch 703/3200 : Average Loss 0.0730. Test Loss 0.0746
Epoch 704/3200 : Average Loss 0.0735. Test Loss 0.0745
Epoch 705/3200 : Average Loss 0.0725. Test Loss 0.0769
Epoch 706/3200 : Average Loss 0.0722. Test Loss 0.0757
Epoch 707/3200 : Average Loss 0.0725. Test Loss 0.0739
Epoch 708/3200 : Average Loss 0.0735. Test Loss 0.0753
Epoch 709/3200 : Average Loss 0.0740. Test Loss 0.0752
Epoch 710/3200 : Average Loss 0.0738. Test Loss 0.0743
Epoch 711/3200 : Average Loss 0.0727. Test Loss 0.0754
Epoch 712/3200 : Average Loss 0.0718. Test Loss 0.0760
Epoch 713/3200 : Average Loss 0.0721. Test Loss 0.0755
Epoch 714/3200 : Average Loss 0.0728. Test Loss 0.0744
Epoch 715/3200 : Average Loss 0.0726. Test Loss 0.0766
Epoch 716/3200 : Average Loss 0.0730. Test Loss 0.0752
Epoch 717/3200 : Average Loss 0.0724. Test Loss 0.0760
Epoch 718/3200 : Average Loss 0.0720. Test Loss 0.0767
Epoch 719/3200 : Average Loss 0.0730. Test Loss 0.0783
Epoch 720/3200 : Average Loss 0.0725. Test Loss 0.0765
Epoch 721/3200 : Average Loss 0.0724. Test Loss 0.0776
Epoch 722/3200 : Average Loss 0.0724. Test Loss 0.0749
Epoch 723/3200 : Average Loss 0.0727. Test Loss 0.0729
Epoch 724/3200 : Average Loss 0.0723. Test Loss 0.0761
Epoch 725/3200 : Average Loss 0.0722. Test Loss 0.0766
Epoch 726/3200 : Average Loss 0.0722. Test Loss 0.0745
Epoch 727/3200 : Average Loss 0.0731. Test Loss 0.0777
Epoch 728/3200 : Average Loss 0.0731. Test Loss 0.0758
Epoch 729/3200 : Average Loss 0.0722. Test Loss 0.0760
Epoch 730/3200 : Average Loss 0.0724. Test Loss 0.0767
Epoch 731/3200 : Average Loss 0.0724. Test Loss 0.0761
Epoch 732/3200 : Average Loss 0.0721. Test Loss 0.0762
Epoch 733/3200 : Average Loss 0.0718. Test Loss 0.0767
Epoch 734/3200 : Average Loss 0.0719. Test Loss 0.0754
Epoch 735/3200 : Average Loss 0.0720. Test Loss 0.0759
Epoch 736/3200 : Average Loss 0.0716. Test Loss 0.0768
Epoch 737/3200 : Average Loss 0.0727. Test Loss 0.0727
Epoch 738/3200 : Average Loss 0.0729. Test Loss 0.0766
Epoch 739/3200 : Average Loss 0.0717. Test Loss 0.0740
Epoch 740/3200 : Average Loss 0.0722. Test Loss 0.0755
Epoch 741/3200 : Average Loss 0.0718. Test Loss 0.0754
Epoch 742/3200 : Average Loss 0.0721. Test Loss 0.0785
Epoch 743/3200 : Average Loss 0.0722. Test Loss 0.0765
Epoch 744/3200 : Average Loss 0.0717. Test Loss 0.0762
Epoch 745/3200 : Average Loss 0.0716. Test Loss 0.0744
Epoch 746/3200 : Average Loss 0.0722. Test Loss 0.0733
Epoch 747/3200 : Average Loss 0.0728. Test Loss 0.0788
Epoch 748/3200 : Average Loss 0.0719. Test Loss 0.0767
Epoch 749/3200 : Average Loss 0.0719. Test Loss 0.0746
Epoch 750/3200 : Average Loss 0.0718. Test Loss 0.0757
Epoch 751/3200 : Average Loss 0.0720. Test Loss 0.0768
Epoch 752/3200 : Average Loss 0.0723. Test Loss 0.0786
Epoch 753/3200 : Average Loss 0.0721. Test Loss 0.0733
Epoch 754/3200 : Average Loss 0.0721. Test Loss 0.0752
Epoch 755/3200 : Average Loss 0.0718. Test Loss 0.0749
Epoch 756/3200 : Average Loss 0.0714. Test Loss 0.0763
Epoch 757/3200 : Average Loss 0.0718. Test Loss 0.0743
Epoch 758/3200 : Average Loss 0.0716. Test Loss 0.0726
Epoch 759/3200 : Average Loss 0.0720. Test Loss 0.0755
Epoch 760/3200 : Average Loss 0.0736. Test Loss 0.0756
Epoch 761/3200 : Average Loss 0.0723. Test Loss 0.0735
Epoch 762/3200 : Average Loss 0.0718. Test Loss 0.0743
Epoch 763/3200 : Average Loss 0.0729. Test Loss 0.0767
Epoch 764/3200 : Average Loss 0.0711. Test Loss 0.0773
Epoch 765/3200 : Average Loss 0.0720. Test Loss 0.0749
Epoch 766/3200 : Average Loss 0.0720. Test Loss 0.0734
Epoch 767/3200 : Average Loss 0.0715. Test Loss 0.0747
Epoch 768/3200 : Average Loss 0.0721. Test Loss 0.0733
Epoch 769/3200 : Average Loss 0.0716. Test Loss 0.0773
Epoch 770/3200 : Average Loss 0.0720. Test Loss 0.0737
Epoch 771/3200 : Average Loss 0.0719. Test Loss 0.0739
Epoch 772/3200 : Average Loss 0.0721. Test Loss 0.0758
Epoch 773/3200 : Average Loss 0.0717. Test Loss 0.0713
Epoch 774/3200 : Average Loss 0.0716. Test Loss 0.0740
Epoch 775/3200 : Average Loss 0.0714. Test Loss 0.0729
Epoch 776/3200 : Average Loss 0.0716. Test Loss 0.0727
Epoch 777/3200 : Average Loss 0.0715. Test Loss 0.0724
Epoch 778/3200 : Average Loss 0.0722. Test Loss 0.0746
Epoch 779/3200 : Average Loss 0.0728. Test Loss 0.0724
Epoch 780/3200 : Average Loss 0.0716. Test Loss 0.0732
Epoch 781/3200 : Average Loss 0.0720. Test Loss 0.0745
Epoch 782/3200 : Average Loss 0.0725. Test Loss 0.0770
Epoch 783/3200 : Average Loss 0.0713. Test Loss 0.0736
Epoch 784/3200 : Average Loss 0.0721. Test Loss 0.0759
Epoch 785/3200 : Average Loss 0.0717. Test Loss 0.0749
Epoch 786/3200 : Average Loss 0.0719. Test Loss 0.0739
Epoch 787/3200 : Average Loss 0.0717. Test Loss 0.0738
Epoch 788/3200 : Average Loss 0.0714. Test Loss 0.0724
Epoch 789/3200 : Average Loss 0.0715. Test Loss 0.0747
Epoch 790/3200 : Average Loss 0.0713. Test Loss 0.0761
Epoch 791/3200 : Average Loss 0.0723. Test Loss 0.0740
Epoch 792/3200 : Average Loss 0.0714. Test Loss 0.0745
Epoch 793/3200 : Average Loss 0.0717. Test Loss 0.0732
Epoch 794/3200 : Average Loss 0.0723. Test Loss 0.0778
Epoch 795/3200 : Average Loss 0.0715. Test Loss 0.0747
Epoch 796/3200 : Average Loss 0.0719. Test Loss 0.0745
Epoch 797/3200 : Average Loss 0.0716. Test Loss 0.0775
Epoch 798/3200 : Average Loss 0.0721. Test Loss 0.0758
Epoch 799/3200 : Average Loss 0.0718. Test Loss 0.0755
Epoch 800/3200 : Average Loss 0.0721. Test Loss 0.0735
Epoch 801/3200 : Average Loss 0.0723. Test Loss 0.0743
Epoch 802/3200 : Average Loss 0.0718. Test Loss 0.0746
Epoch 803/3200 : Average Loss 0.0718. Test Loss 0.0743
Epoch 804/3200 : Average Loss 0.0717. Test Loss 0.0761
Epoch 805/3200 : Average Loss 0.0714. Test Loss 0.0743
Epoch 806/3200 : Average Loss 0.0708. Test Loss 0.0759
Epoch 807/3200 : Average Loss 0.0715. Test Loss 0.0754
Epoch 808/3200 : Average Loss 0.0718. Test Loss 0.0751
Epoch 809/3200 : Average Loss 0.0711. Test Loss 0.0754
Epoch 810/3200 : Average Loss 0.0718. Test Loss 0.0750
Epoch 811/3200 : Average Loss 0.0713. Test Loss 0.0750
Epoch 812/3200 : Average Loss 0.0718. Test Loss 0.0731
Epoch 813/3200 : Average Loss 0.0714. Test Loss 0.0735
Epoch 814/3200 : Average Loss 0.0714. Test Loss 0.0731
Epoch 815/3200 : Average Loss 0.0717. Test Loss 0.0743
Epoch 816/3200 : Average Loss 0.0712. Test Loss 0.0733
Epoch 817/3200 : Average Loss 0.0713. Test Loss 0.0762
Epoch 818/3200 : Average Loss 0.0723. Test Loss 0.0739
Epoch 819/3200 : Average Loss 0.0717. Test Loss 0.0768
Epoch 820/3200 : Average Loss 0.0717. Test Loss 0.0735
Epoch 821/3200 : Average Loss 0.0713. Test Loss 0.0723
Epoch 822/3200 : Average Loss 0.0713. Test Loss 0.0737
Epoch 823/3200 : Average Loss 0.0707. Test Loss 0.0749
Epoch 824/3200 : Average Loss 0.0713. Test Loss 0.0731
Epoch 825/3200 : Average Loss 0.0730. Test Loss 0.0732
Epoch 826/3200 : Average Loss 0.0722. Test Loss 0.0770
Epoch 827/3200 : Average Loss 0.0714. Test Loss 0.0719
Epoch 828/3200 : Average Loss 0.0715. Test Loss 0.0720
Epoch 829/3200 : Average Loss 0.0713. Test Loss 0.0735
Epoch 830/3200 : Average Loss 0.0707. Test Loss 0.0737
Epoch 831/3200 : Average Loss 0.0715. Test Loss 0.0719
Epoch 832/3200 : Average Loss 0.0709. Test Loss 0.0725
Epoch 833/3200 : Average Loss 0.0708. Test Loss 0.0752
Epoch 834/3200 : Average Loss 0.0712. Test Loss 0.0713
Epoch 835/3200 : Average Loss 0.0712. Test Loss 0.0712
Epoch 836/3200 : Average Loss 0.0708. Test Loss 0.0758
Epoch 837/3200 : Average Loss 0.0707. Test Loss 0.0744
Epoch 838/3200 : Average Loss 0.0715. Test Loss 0.0730
Epoch 839/3200 : Average Loss 0.0715. Test Loss 0.0740
Epoch 840/3200 : Average Loss 0.0712. Test Loss 0.0748
Epoch 841/3200 : Average Loss 0.0709. Test Loss 0.0725
Epoch 842/3200 : Average Loss 0.0706. Test Loss 0.0742
Epoch 843/3200 : Average Loss 0.0706. Test Loss 0.0746
Epoch 844/3200 : Average Loss 0.0713. Test Loss 0.0762
Epoch 845/3200 : Average Loss 0.0712. Test Loss 0.0725
Epoch 846/3200 : Average Loss 0.0727. Test Loss 0.0746
Epoch 847/3200 : Average Loss 0.0715. Test Loss 0.0765
Epoch 848/3200 : Average Loss 0.0705. Test Loss 0.0750
Epoch 849/3200 : Average Loss 0.0709. Test Loss 0.0736
Epoch 850/3200 : Average Loss 0.0712. Test Loss 0.0754
Epoch 851/3200 : Average Loss 0.0710. Test Loss 0.0732
Epoch 852/3200 : Average Loss 0.0707. Test Loss 0.0721
Epoch 853/3200 : Average Loss 0.0702. Test Loss 0.0752
Epoch 854/3200 : Average Loss 0.0714. Test Loss 0.0745
Epoch 855/3200 : Average Loss 0.0707. Test Loss 0.0729
Epoch 856/3200 : Average Loss 0.0713. Test Loss 0.0729
Epoch 857/3200 : Average Loss 0.0713. Test Loss 0.0739
Epoch 858/3200 : Average Loss 0.0710. Test Loss 0.0724
Epoch 859/3200 : Average Loss 0.0710. Test Loss 0.0745
Epoch 860/3200 : Average Loss 0.0707. Test Loss 0.0732
Epoch 861/3200 : Average Loss 0.0707. Test Loss 0.0738
Epoch 862/3200 : Average Loss 0.0716. Test Loss 0.0724
Epoch 863/3200 : Average Loss 0.0712. Test Loss 0.0717
Epoch 864/3200 : Average Loss 0.0710. Test Loss 0.0721
Epoch 865/3200 : Average Loss 0.0708. Test Loss 0.0736
Epoch 866/3200 : Average Loss 0.0706. Test Loss 0.0769
Epoch 867/3200 : Average Loss 0.0709. Test Loss 0.0721
Epoch 868/3200 : Average Loss 0.0713. Test Loss 0.0732
Epoch 869/3200 : Average Loss 0.0704. Test Loss 0.0720
Epoch 870/3200 : Average Loss 0.0701. Test Loss 0.0735
Epoch 871/3200 : Average Loss 0.0703. Test Loss 0.0742
Epoch 872/3200 : Average Loss 0.0712. Test Loss 0.0716
Epoch 873/3200 : Average Loss 0.0695. Test Loss 0.0718
Epoch 874/3200 : Average Loss 0.0711. Test Loss 0.0757
Epoch 875/3200 : Average Loss 0.0700. Test Loss 0.0759
Epoch 876/3200 : Average Loss 0.0702. Test Loss 0.0743
Epoch 877/3200 : Average Loss 0.0707. Test Loss 0.0736
Epoch 878/3200 : Average Loss 0.0707. Test Loss 0.0749
Epoch 879/3200 : Average Loss 0.0705. Test Loss 0.0716
Epoch 880/3200 : Average Loss 0.0710. Test Loss 0.0726
Epoch 881/3200 : Average Loss 0.0707. Test Loss 0.0737
Epoch 882/3200 : Average Loss 0.0708. Test Loss 0.0732
Epoch 883/3200 : Average Loss 0.0707. Test Loss 0.0740
Epoch 884/3200 : Average Loss 0.0704. Test Loss 0.0739
Epoch 885/3200 : Average Loss 0.0709. Test Loss 0.0754
Epoch 886/3200 : Average Loss 0.0712. Test Loss 0.0727
Epoch 887/3200 : Average Loss 0.0732. Test Loss 0.0739
Epoch 888/3200 : Average Loss 0.0710. Test Loss 0.0758
Epoch 889/3200 : Average Loss 0.0702. Test Loss 0.0754
Epoch 890/3200 : Average Loss 0.0710. Test Loss 0.0745
Epoch 891/3200 : Average Loss 0.0701. Test Loss 0.0740
Epoch 892/3200 : Average Loss 0.0708. Test Loss 0.0722
Epoch 893/3200 : Average Loss 0.0706. Test Loss 0.0746
Epoch 894/3200 : Average Loss 0.0699. Test Loss 0.0731
Epoch 895/3200 : Average Loss 0.0713. Test Loss 0.0729
Epoch 896/3200 : Average Loss 0.0705. Test Loss 0.0735
Epoch 897/3200 : Average Loss 0.0702. Test Loss 0.0747
Epoch 898/3200 : Average Loss 0.0701. Test Loss 0.0748
Epoch 899/3200 : Average Loss 0.0708. Test Loss 0.0732
Epoch 900/3200 : Average Loss 0.0707. Test Loss 0.0738
Epoch 901/3200 : Average Loss 0.0766. Test Loss 0.0785
Epoch 902/3200 : Average Loss 0.0723. Test Loss 0.0755
Epoch 903/3200 : Average Loss 0.0710. Test Loss 0.0738
Epoch 904/3200 : Average Loss 0.0714. Test Loss 0.0723
Epoch 905/3200 : Average Loss 0.0707. Test Loss 0.0763
Epoch 906/3200 : Average Loss 0.0711. Test Loss 0.0732
Epoch 907/3200 : Average Loss 0.0705. Test Loss 0.0749
Epoch 908/3200 : Average Loss 0.0717. Test Loss 0.0745
Epoch 909/3200 : Average Loss 0.0711. Test Loss 0.0717
Epoch 910/3200 : Average Loss 0.0705. Test Loss 0.0726
Epoch 911/3200 : Average Loss 0.0700. Test Loss 0.0748
Epoch 912/3200 : Average Loss 0.0712. Test Loss 0.0739
Epoch 913/3200 : Average Loss 0.0700. Test Loss 0.0734
Epoch 914/3200 : Average Loss 0.0697. Test Loss 0.0730
Epoch 915/3200 : Average Loss 0.0696. Test Loss 0.0728
Epoch 916/3200 : Average Loss 0.0706. Test Loss 0.0726
Epoch 917/3200 : Average Loss 0.0700. Test Loss 0.0720
Epoch 918/3200 : Average Loss 0.0700. Test Loss 0.0756
Epoch 919/3200 : Average Loss 0.0696. Test Loss 0.0728
Epoch 920/3200 : Average Loss 0.0710. Test Loss 0.0731
Epoch 921/3200 : Average Loss 0.0708. Test Loss 0.0739
Epoch 922/3200 : Average Loss 0.0711. Test Loss 0.0730
Epoch 923/3200 : Average Loss 0.0708. Test Loss 0.0740
Epoch 924/3200 : Average Loss 0.0706. Test Loss 0.0729
Epoch 925/3200 : Average Loss 0.0706. Test Loss 0.0727
Epoch 926/3200 : Average Loss 0.0701. Test Loss 0.0717
Epoch 927/3200 : Average Loss 0.0705. Test Loss 0.0734
Epoch 928/3200 : Average Loss 0.0703. Test Loss 0.0734
Epoch 929/3200 : Average Loss 0.0707. Test Loss 0.0719
Epoch 930/3200 : Average Loss 0.0703. Test Loss 0.0785
Epoch 931/3200 : Average Loss 0.0709. Test Loss 0.0736
Epoch 932/3200 : Average Loss 0.0708. Test Loss 0.0749
Epoch 933/3200 : Average Loss 0.0695. Test Loss 0.0731
Epoch 934/3200 : Average Loss 0.0695. Test Loss 0.0729
Epoch 935/3200 : Average Loss 0.0713. Test Loss 0.0714
Epoch 936/3200 : Average Loss 0.0702. Test Loss 0.0732
Epoch 937/3200 : Average Loss 0.0699. Test Loss 0.0748
Epoch 938/3200 : Average Loss 0.0699. Test Loss 0.0744
Epoch 939/3200 : Average Loss 0.0701. Test Loss 0.0735
Epoch 940/3200 : Average Loss 0.0699. Test Loss 0.0725
Epoch 941/3200 : Average Loss 0.0692. Test Loss 0.0738
Epoch 942/3200 : Average Loss 0.0735. Test Loss 0.0796
Epoch 943/3200 : Average Loss 0.0719. Test Loss 0.0750
Epoch 944/3200 : Average Loss 0.0712. Test Loss 0.0734
Epoch 945/3200 : Average Loss 0.0711. Test Loss 0.0731
Epoch 946/3200 : Average Loss 0.0702. Test Loss 0.0737
Epoch 947/3200 : Average Loss 0.0703. Test Loss 0.0718
Epoch 948/3200 : Average Loss 0.0696. Test Loss 0.0733
Epoch 949/3200 : Average Loss 0.0700. Test Loss 0.0727
Epoch 950/3200 : Average Loss 0.0701. Test Loss 0.0715
Epoch 951/3200 : Average Loss 0.0698. Test Loss 0.0712
Epoch 952/3200 : Average Loss 0.0698. Test Loss 0.0745
Epoch 953/3200 : Average Loss 0.0708. Test Loss 0.0718
Epoch 954/3200 : Average Loss 0.0702. Test Loss 0.0729
Epoch 955/3200 : Average Loss 0.0702. Test Loss 0.0720
Epoch 956/3200 : Average Loss 0.0701. Test Loss 0.0731
Epoch 957/3200 : Average Loss 0.0702. Test Loss 0.0717
Epoch 958/3200 : Average Loss 0.0700. Test Loss 0.0740
Epoch 959/3200 : Average Loss 0.0704. Test Loss 0.0734
Epoch 960/3200 : Average Loss 0.0694. Test Loss 0.0709
Epoch 961/3200 : Average Loss 0.0697. Test Loss 0.0739
Epoch 962/3200 : Average Loss 0.0703. Test Loss 0.0742
Epoch 963/3200 : Average Loss 0.0708. Test Loss 0.0737
Epoch 964/3200 : Average Loss 0.0699. Test Loss 0.0724
Epoch 965/3200 : Average Loss 0.0708. Test Loss 0.0724
Epoch 966/3200 : Average Loss 0.0707. Test Loss 0.0724
Epoch 967/3200 : Average Loss 0.0695. Test Loss 0.0736
Epoch 968/3200 : Average Loss 0.0695. Test Loss 0.0714
Epoch 969/3200 : Average Loss 0.0698. Test Loss 0.0710
Epoch 970/3200 : Average Loss 0.0696. Test Loss 0.0729
Epoch 971/3200 : Average Loss 0.0697. Test Loss 0.0741
Epoch 972/3200 : Average Loss 0.0696. Test Loss 0.0707
Epoch 973/3200 : Average Loss 0.0694. Test Loss 0.0726
Epoch 974/3200 : Average Loss 0.0696. Test Loss 0.0715
Epoch 975/3200 : Average Loss 0.0699. Test Loss 0.0729
Epoch 976/3200 : Average Loss 0.0698. Test Loss 0.0741
Epoch 977/3200 : Average Loss 0.0700. Test Loss 0.0726
Epoch 978/3200 : Average Loss 0.0704. Test Loss 0.0759
Epoch 979/3200 : Average Loss 0.0697. Test Loss 0.0722
Epoch 980/3200 : Average Loss 0.0695. Test Loss 0.0738
Epoch 981/3200 : Average Loss 0.0700. Test Loss 0.0734
Epoch 982/3200 : Average Loss 0.0694. Test Loss 0.0731
Epoch 983/3200 : Average Loss 0.0697. Test Loss 0.0729
Epoch 984/3200 : Average Loss 0.0695. Test Loss 0.0722
Epoch 985/3200 : Average Loss 0.0698. Test Loss 0.0733
Epoch 986/3200 : Average Loss 0.0697. Test Loss 0.0731
Epoch 987/3200 : Average Loss 0.0702. Test Loss 0.0720
Epoch 988/3200 : Average Loss 0.0704. Test Loss 0.0726
Epoch 989/3200 : Average Loss 0.0698. Test Loss 0.0732
Epoch 990/3200 : Average Loss 0.0702. Test Loss 0.0724
Epoch 991/3200 : Average Loss 0.0693. Test Loss 0.0740
Epoch 992/3200 : Average Loss 0.0698. Test Loss 0.0734
Epoch 993/3200 : Average Loss 0.0695. Test Loss 0.0724
Epoch 994/3200 : Average Loss 0.0695. Test Loss 0.0723
Epoch 995/3200 : Average Loss 0.0704. Test Loss 0.0725
Epoch 996/3200 : Average Loss 0.0700. Test Loss 0.0745
Epoch 997/3200 : Average Loss 0.0703. Test Loss 0.0724
Epoch 998/3200 : Average Loss 0.0691. Test Loss 0.0743
Epoch 999/3200 : Average Loss 0.0700. Test Loss 0.0744
Epoch 1000/3200 : Average Loss 0.0698. Test Loss 0.0704
Epoch 1001/3200 : Average Loss 0.0702. Test Loss 0.0732
Epoch 1002/3200 : Average Loss 0.0701. Test Loss 0.0736
Epoch 1003/3200 : Average Loss 0.0705. Test Loss 0.0739
Epoch 1004/3200 : Average Loss 0.0693. Test Loss 0.0706
Epoch 1005/3200 : Average Loss 0.0697. Test Loss 0.0695
Epoch 1006/3200 : Average Loss 0.0691. Test Loss 0.0727
Epoch 1007/3200 : Average Loss 0.0695. Test Loss 0.0719
Epoch 1008/3200 : Average Loss 0.0690. Test Loss 0.0718
Epoch 1009/3200 : Average Loss 0.0692. Test Loss 0.0712
Epoch 1010/3200 : Average Loss 0.0687. Test Loss 0.0709
Epoch 1011/3200 : Average Loss 0.0696. Test Loss 0.0726
Epoch 1012/3200 : Average Loss 0.0692. Test Loss 0.0715
Epoch 1013/3200 : Average Loss 0.0698. Test Loss 0.0709
Epoch 1014/3200 : Average Loss 0.0696. Test Loss 0.0710
Epoch 1015/3200 : Average Loss 0.0699. Test Loss 0.0712
Epoch 1016/3200 : Average Loss 0.0695. Test Loss 0.0706
Epoch 1017/3200 : Average Loss 0.0697. Test Loss 0.0740
Epoch 1018/3200 : Average Loss 0.0693. Test Loss 0.0721
Epoch 1019/3200 : Average Loss 0.0688. Test Loss 0.0727
Epoch 1020/3200 : Average Loss 0.0687. Test Loss 0.0709
Epoch 1021/3200 : Average Loss 0.0691. Test Loss 0.0712
Epoch 1022/3200 : Average Loss 0.0692. Test Loss 0.0724
Epoch 1023/3200 : Average Loss 0.0694. Test Loss 0.0716
Epoch 1024/3200 : Average Loss 0.0695. Test Loss 0.0707
Epoch 1025/3200 : Average Loss 0.0693. Test Loss 0.0724
Epoch 1026/3200 : Average Loss 0.0688. Test Loss 0.0730
Epoch 1027/3200 : Average Loss 0.0687. Test Loss 0.0735
Epoch 1028/3200 : Average Loss 0.0688. Test Loss 0.0699
Epoch 1029/3200 : Average Loss 0.0687. Test Loss 0.0711
Epoch 1030/3200 : Average Loss 0.0691. Test Loss 0.0712
Epoch 1031/3200 : Average Loss 0.0708. Test Loss 0.0724
Epoch 1032/3200 : Average Loss 0.0694. Test Loss 0.0727
Epoch 1033/3200 : Average Loss 0.0689. Test Loss 0.0719
Epoch 1034/3200 : Average Loss 0.0694. Test Loss 0.0718
Epoch 1035/3200 : Average Loss 0.0698. Test Loss 0.0725
Epoch 1036/3200 : Average Loss 0.0688. Test Loss 0.0711
Epoch 1037/3200 : Average Loss 0.0687. Test Loss 0.0729
Epoch 1038/3200 : Average Loss 0.0693. Test Loss 0.0721
Epoch 1039/3200 : Average Loss 0.0690. Test Loss 0.0718
Epoch 1040/3200 : Average Loss 0.0692. Test Loss 0.0741
Epoch 1041/3200 : Average Loss 0.0694. Test Loss 0.0718
Epoch 1042/3200 : Average Loss 0.0687. Test Loss 0.0716
Epoch 1043/3200 : Average Loss 0.0695. Test Loss 0.0725
Epoch 1044/3200 : Average Loss 0.0693. Test Loss 0.0727
Epoch 1045/3200 : Average Loss 0.0692. Test Loss 0.0725
Epoch 1046/3200 : Average Loss 0.0688. Test Loss 0.0742
Epoch 1047/3200 : Average Loss 0.0690. Test Loss 0.0714
Epoch 1048/3200 : Average Loss 0.0689. Test Loss 0.0728
Epoch 1049/3200 : Average Loss 0.0688. Test Loss 0.0711
Epoch 1050/3200 : Average Loss 0.0691. Test Loss 0.0726
Epoch 1051/3200 : Average Loss 0.0691. Test Loss 0.0709
Epoch 1052/3200 : Average Loss 0.0696. Test Loss 0.0716
Epoch 1053/3200 : Average Loss 0.0687. Test Loss 0.0726
Epoch 1054/3200 : Average Loss 0.0693. Test Loss 0.0718
Epoch 1055/3200 : Average Loss 0.0690. Test Loss 0.0712
Epoch 1056/3200 : Average Loss 0.0687. Test Loss 0.0730
Epoch 1057/3200 : Average Loss 0.0702. Test Loss 0.0717
Epoch 1058/3200 : Average Loss 0.0686. Test Loss 0.0724
Epoch 1059/3200 : Average Loss 0.0693. Test Loss 0.0699
Epoch 1060/3200 : Average Loss 0.0695. Test Loss 0.0730
Epoch 1061/3200 : Average Loss 0.0688. Test Loss 0.0712
Epoch 1062/3200 : Average Loss 0.0684. Test Loss 0.0726
Epoch 1063/3200 : Average Loss 0.0687. Test Loss 0.0712
Epoch 1064/3200 : Average Loss 0.0697. Test Loss 0.0710
Epoch 1065/3200 : Average Loss 0.0698. Test Loss 0.0727
Epoch 1066/3200 : Average Loss 0.0694. Test Loss 0.0724
Epoch 1067/3200 : Average Loss 0.0690. Test Loss 0.0696
Epoch 1068/3200 : Average Loss 0.0680. Test Loss 0.0696
Epoch 1069/3200 : Average Loss 0.0689. Test Loss 0.0740
Epoch 1070/3200 : Average Loss 0.0682. Test Loss 0.0708
Epoch 1071/3200 : Average Loss 0.0689. Test Loss 0.0744
Epoch 1072/3200 : Average Loss 0.0694. Test Loss 0.0736
Epoch 1073/3200 : Average Loss 0.0692. Test Loss 0.0715
Epoch 1074/3200 : Average Loss 0.0692. Test Loss 0.0735
Epoch 1075/3200 : Average Loss 0.0695. Test Loss 0.0714
Epoch 1076/3200 : Average Loss 0.0689. Test Loss 0.0732
Epoch 1077/3200 : Average Loss 0.0693. Test Loss 0.0699
Epoch 1078/3200 : Average Loss 0.0691. Test Loss 0.0715
Epoch 1079/3200 : Average Loss 0.0687. Test Loss 0.0690
Epoch 1080/3200 : Average Loss 0.0690. Test Loss 0.0711
Epoch 1081/3200 : Average Loss 0.0685. Test Loss 0.0711
Epoch 1082/3200 : Average Loss 0.0692. Test Loss 0.0730
Epoch 1083/3200 : Average Loss 0.0699. Test Loss 0.0744
Epoch 1084/3200 : Average Loss 0.0691. Test Loss 0.0719
Epoch 1085/3200 : Average Loss 0.0690. Test Loss 0.0724
Epoch 1086/3200 : Average Loss 0.0688. Test Loss 0.0731
Epoch 1087/3200 : Average Loss 0.0691. Test Loss 0.0734
Epoch 1088/3200 : Average Loss 0.0686. Test Loss 0.0722
Epoch 1089/3200 : Average Loss 0.0691. Test Loss 0.0737
Epoch 1090/3200 : Average Loss 0.0686. Test Loss 0.0716
Epoch 1091/3200 : Average Loss 0.0691. Test Loss 0.0735
Epoch 1092/3200 : Average Loss 0.0687. Test Loss 0.0727
Epoch 1093/3200 : Average Loss 0.0695. Test Loss 0.0700
Epoch 1094/3200 : Average Loss 0.0685. Test Loss 0.0730
Epoch 1095/3200 : Average Loss 0.0691. Test Loss 0.0718
Epoch 1096/3200 : Average Loss 0.0685. Test Loss 0.0732
Epoch 1097/3200 : Average Loss 0.0696. Test Loss 0.0728
Epoch 1098/3200 : Average Loss 0.0690. Test Loss 0.0725
Epoch 1099/3200 : Average Loss 0.0694. Test Loss 0.0694
Epoch 1100/3200 : Average Loss 0.0687. Test Loss 0.0710
Epoch 1101/3200 : Average Loss 0.0687. Test Loss 0.0733
Epoch 1102/3200 : Average Loss 0.0688. Test Loss 0.0726
Epoch 1103/3200 : Average Loss 0.0688. Test Loss 0.0730
Epoch 1104/3200 : Average Loss 0.0681. Test Loss 0.0732
Epoch 1105/3200 : Average Loss 0.0682. Test Loss 0.0706
Epoch 1106/3200 : Average Loss 0.0683. Test Loss 0.0715
Epoch 1107/3200 : Average Loss 0.0691. Test Loss 0.0718
Epoch 1108/3200 : Average Loss 0.0686. Test Loss 0.0728
Epoch 1109/3200 : Average Loss 0.0689. Test Loss 0.0723
Epoch 1110/3200 : Average Loss 0.0688. Test Loss 0.0751
Epoch 1111/3200 : Average Loss 0.0687. Test Loss 0.0711
Epoch 1112/3200 : Average Loss 0.0685. Test Loss 0.0735
Epoch 1113/3200 : Average Loss 0.0687. Test Loss 0.0727
Epoch 1114/3200 : Average Loss 0.0690. Test Loss 0.0711
Epoch 1115/3200 : Average Loss 0.0685. Test Loss 0.0728
Epoch 1116/3200 : Average Loss 0.0690. Test Loss 0.0727
Epoch 1117/3200 : Average Loss 0.0710. Test Loss 0.0701
Epoch 1118/3200 : Average Loss 0.0680. Test Loss 0.0706
Epoch 1119/3200 : Average Loss 0.0680. Test Loss 0.0724
Epoch 1120/3200 : Average Loss 0.0681. Test Loss 0.0718
Epoch 1121/3200 : Average Loss 0.0684. Test Loss 0.0719
Epoch 1122/3200 : Average Loss 0.0681. Test Loss 0.0703
Epoch 1123/3200 : Average Loss 0.0681. Test Loss 0.0700
Epoch 1124/3200 : Average Loss 0.0688. Test Loss 0.0718
Epoch 1125/3200 : Average Loss 0.0685. Test Loss 0.0740
Epoch 1126/3200 : Average Loss 0.0679. Test Loss 0.0743
Epoch 1127/3200 : Average Loss 0.0693. Test Loss 0.0702
Epoch 1128/3200 : Average Loss 0.0682. Test Loss 0.0709
Epoch 1129/3200 : Average Loss 0.0689. Test Loss 0.0714
Epoch 1130/3200 : Average Loss 0.0688. Test Loss 0.0699
Epoch 1131/3200 : Average Loss 0.0683. Test Loss 0.0698
Epoch 1132/3200 : Average Loss 0.0690. Test Loss 0.0720
Epoch 1133/3200 : Average Loss 0.0684. Test Loss 0.0703
Epoch 1134/3200 : Average Loss 0.0680. Test Loss 0.0695
Epoch 1135/3200 : Average Loss 0.0683. Test Loss 0.0706
Epoch 1136/3200 : Average Loss 0.0682. Test Loss 0.0717
Epoch 1137/3200 : Average Loss 0.0685. Test Loss 0.0717
Epoch 1138/3200 : Average Loss 0.0679. Test Loss 0.0691
Epoch 1139/3200 : Average Loss 0.0679. Test Loss 0.0712
Epoch 1140/3200 : Average Loss 0.0688. Test Loss 0.0729
Epoch 1141/3200 : Average Loss 0.0683. Test Loss 0.0692
Epoch 1142/3200 : Average Loss 0.0692. Test Loss 0.0703
Epoch 1143/3200 : Average Loss 0.0683. Test Loss 0.0725
Epoch 1144/3200 : Average Loss 0.0681. Test Loss 0.0705
Epoch 1145/3200 : Average Loss 0.0688. Test Loss 0.0691
Epoch 1146/3200 : Average Loss 0.0679. Test Loss 0.0716
Epoch 1147/3200 : Average Loss 0.0684. Test Loss 0.0699
Epoch 1148/3200 : Average Loss 0.0681. Test Loss 0.0731
Epoch 1149/3200 : Average Loss 0.0688. Test Loss 0.0709
Epoch 1150/3200 : Average Loss 0.0686. Test Loss 0.0691
Epoch 1151/3200 : Average Loss 0.0683. Test Loss 0.0702
Epoch 1152/3200 : Average Loss 0.0681. Test Loss 0.0707
Epoch 1153/3200 : Average Loss 0.0695. Test Loss 0.0711
Epoch 1154/3200 : Average Loss 0.0687. Test Loss 0.0729
Epoch 1155/3200 : Average Loss 0.0685. Test Loss 0.0691
Epoch 1156/3200 : Average Loss 0.0681. Test Loss 0.0716
Epoch 1157/3200 : Average Loss 0.0686. Test Loss 0.0716
Epoch 1158/3200 : Average Loss 0.0680. Test Loss 0.0711
Epoch 1159/3200 : Average Loss 0.0684. Test Loss 0.0748
Epoch 1160/3200 : Average Loss 0.0680. Test Loss 0.0702
Epoch 1161/3200 : Average Loss 0.0683. Test Loss 0.0715
Epoch 1162/3200 : Average Loss 0.0685. Test Loss 0.0706
Epoch 1163/3200 : Average Loss 0.0680. Test Loss 0.0699
Epoch 1164/3200 : Average Loss 0.0685. Test Loss 0.0702
Epoch 1165/3200 : Average Loss 0.0691. Test Loss 0.0714
Epoch 1166/3200 : Average Loss 0.0680. Test Loss 0.0709
Epoch 1167/3200 : Average Loss 0.0677. Test Loss 0.0719
Epoch 1168/3200 : Average Loss 0.0691. Test Loss 0.0701
Epoch 1169/3200 : Average Loss 0.0677. Test Loss 0.0706
Epoch 1170/3200 : Average Loss 0.0682. Test Loss 0.0699
Epoch 1171/3200 : Average Loss 0.0679. Test Loss 0.0706
Epoch 1172/3200 : Average Loss 0.0677. Test Loss 0.0697
Epoch 1173/3200 : Average Loss 0.0682. Test Loss 0.0714
Epoch 1174/3200 : Average Loss 0.0682. Test Loss 0.0712
Epoch 1175/3200 : Average Loss 0.0680. Test Loss 0.0692
Epoch 1176/3200 : Average Loss 0.0686. Test Loss 0.0702
Epoch 1177/3200 : Average Loss 0.0677. Test Loss 0.0702
Epoch 1178/3200 : Average Loss 0.0686. Test Loss 0.0714
Epoch 1179/3200 : Average Loss 0.0683. Test Loss 0.0705
Epoch 1180/3200 : Average Loss 0.0677. Test Loss 0.0703
Epoch 1181/3200 : Average Loss 0.0687. Test Loss 0.0703
Epoch 1182/3200 : Average Loss 0.0674. Test Loss 0.0744
Epoch 1183/3200 : Average Loss 0.0683. Test Loss 0.0717
Epoch 1184/3200 : Average Loss 0.0684. Test Loss 0.0707
Epoch 1185/3200 : Average Loss 0.0681. Test Loss 0.0708
Epoch 1186/3200 : Average Loss 0.0679. Test Loss 0.0715
Epoch 1187/3200 : Average Loss 0.0684. Test Loss 0.0719
Epoch 1188/3200 : Average Loss 0.0690. Test Loss 0.0706
Epoch 1189/3200 : Average Loss 0.0681. Test Loss 0.0694
Epoch 1190/3200 : Average Loss 0.0681. Test Loss 0.0708
Epoch 1191/3200 : Average Loss 0.0687. Test Loss 0.0715
Epoch 1192/3200 : Average Loss 0.0701. Test Loss 0.0718
Epoch 1193/3200 : Average Loss 0.0690. Test Loss 0.0725
Epoch 1194/3200 : Average Loss 0.0674. Test Loss 0.0704
Epoch 1195/3200 : Average Loss 0.0696. Test Loss 0.0708
Epoch 1196/3200 : Average Loss 0.0677. Test Loss 0.0704
Epoch 1197/3200 : Average Loss 0.0674. Test Loss 0.0720
Epoch 1198/3200 : Average Loss 0.0678. Test Loss 0.0710
Epoch 1199/3200 : Average Loss 0.0678. Test Loss 0.0703
Epoch 1200/3200 : Average Loss 0.0685. Test Loss 0.0713
Epoch 1201/3200 : Average Loss 0.0672. Test Loss 0.0702
Epoch 1202/3200 : Average Loss 0.0682. Test Loss 0.0728
Epoch 1203/3200 : Average Loss 0.0678. Test Loss 0.0718
Epoch 1204/3200 : Average Loss 0.0682. Test Loss 0.0694
Epoch 1205/3200 : Average Loss 0.0675. Test Loss 0.0716
Epoch 1206/3200 : Average Loss 0.0681. Test Loss 0.0717
Epoch 1207/3200 : Average Loss 0.0682. Test Loss 0.0706
Epoch 1208/3200 : Average Loss 0.0672. Test Loss 0.0686
Epoch 1209/3200 : Average Loss 0.0686. Test Loss 0.0708
Epoch 1210/3200 : Average Loss 0.0677. Test Loss 0.0724
Epoch 1211/3200 : Average Loss 0.0675. Test Loss 0.0710
Epoch 1212/3200 : Average Loss 0.0676. Test Loss 0.0708
Epoch 1213/3200 : Average Loss 0.0670. Test Loss 0.0692
Epoch 1214/3200 : Average Loss 0.0680. Test Loss 0.0696
Epoch 1215/3200 : Average Loss 0.0669. Test Loss 0.0699
Epoch 1216/3200 : Average Loss 0.0674. Test Loss 0.0705
Epoch 1217/3200 : Average Loss 0.0677. Test Loss 0.0718
Epoch 1218/3200 : Average Loss 0.0681. Test Loss 0.0703
Epoch 1219/3200 : Average Loss 0.0673. Test Loss 0.0718
Epoch 1220/3200 : Average Loss 0.0682. Test Loss 0.0716
Epoch 1221/3200 : Average Loss 0.0680. Test Loss 0.0710
Epoch 1222/3200 : Average Loss 0.0679. Test Loss 0.0710
Epoch 1223/3200 : Average Loss 0.0681. Test Loss 0.0731
Epoch 1224/3200 : Average Loss 0.0680. Test Loss 0.0728
Epoch 1225/3200 : Average Loss 0.0679. Test Loss 0.0702
Epoch 1226/3200 : Average Loss 0.0681. Test Loss 0.0712
Epoch 1227/3200 : Average Loss 0.0685. Test Loss 0.0719
Epoch 1228/3200 : Average Loss 0.0677. Test Loss 0.0704
Epoch 1229/3200 : Average Loss 0.0675. Test Loss 0.0722
Epoch 1230/3200 : Average Loss 0.0684. Test Loss 0.0702
Epoch 1231/3200 : Average Loss 0.0670. Test Loss 0.0726
Epoch 1232/3200 : Average Loss 0.0676. Test Loss 0.0712
Epoch 1233/3200 : Average Loss 0.0673. Test Loss 0.0712
Epoch 1234/3200 : Average Loss 0.0680. Test Loss 0.0721
Epoch 1235/3200 : Average Loss 0.0674. Test Loss 0.0708
Epoch 1236/3200 : Average Loss 0.0674. Test Loss 0.0695
Epoch 1237/3200 : Average Loss 0.0681. Test Loss 0.0702
Epoch 1238/3200 : Average Loss 0.0668. Test Loss 0.0717
Epoch 1239/3200 : Average Loss 0.0670. Test Loss 0.0704
Epoch 1240/3200 : Average Loss 0.0677. Test Loss 0.0711
Epoch 1241/3200 : Average Loss 0.0670. Test Loss 0.0718
Epoch 1242/3200 : Average Loss 0.0681. Test Loss 0.0723
Epoch 1243/3200 : Average Loss 0.0674. Test Loss 0.0696
Epoch 1244/3200 : Average Loss 0.0677. Test Loss 0.0723
Epoch 1245/3200 : Average Loss 0.0674. Test Loss 0.0718
Epoch 1246/3200 : Average Loss 0.0668. Test Loss 0.0699
Epoch 1247/3200 : Average Loss 0.0676. Test Loss 0.0715
Epoch 1248/3200 : Average Loss 0.0674. Test Loss 0.0713
Epoch 1249/3200 : Average Loss 0.0675. Test Loss 0.0698
Epoch 1250/3200 : Average Loss 0.0674. Test Loss 0.0699
Epoch 1251/3200 : Average Loss 0.0671. Test Loss 0.0709
Epoch 1252/3200 : Average Loss 0.0672. Test Loss 0.0700
Epoch 1253/3200 : Average Loss 0.0674. Test Loss 0.0699
Epoch 1254/3200 : Average Loss 0.0665. Test Loss 0.0715
Epoch 1255/3200 : Average Loss 0.0674. Test Loss 0.0713
Epoch 1256/3200 : Average Loss 0.0672. Test Loss 0.0697
Epoch 1257/3200 : Average Loss 0.0680. Test Loss 0.0699
Epoch 1258/3200 : Average Loss 0.0675. Test Loss 0.0703
Epoch 1259/3200 : Average Loss 0.0680. Test Loss 0.0717
Epoch 1260/3200 : Average Loss 0.0673. Test Loss 0.0713
Epoch 1261/3200 : Average Loss 0.0669. Test Loss 0.0718
Epoch 1262/3200 : Average Loss 0.0677. Test Loss 0.0715
Epoch 1263/3200 : Average Loss 0.0669. Test Loss 0.0718
Epoch 1264/3200 : Average Loss 0.0672. Test Loss 0.0715
Epoch 1265/3200 : Average Loss 0.0675. Test Loss 0.0701
Epoch 1266/3200 : Average Loss 0.0684. Test Loss 0.0707
Epoch 1267/3200 : Average Loss 0.0674. Test Loss 0.0706
Epoch 1268/3200 : Average Loss 0.0679. Test Loss 0.0706
Epoch 1269/3200 : Average Loss 0.0672. Test Loss 0.0708
Epoch 1270/3200 : Average Loss 0.0676. Test Loss 0.0686
Epoch 1271/3200 : Average Loss 0.0675. Test Loss 0.0725
Epoch 1272/3200 : Average Loss 0.0678. Test Loss 0.0695
Epoch 1273/3200 : Average Loss 0.0669. Test Loss 0.0702
Epoch 1274/3200 : Average Loss 0.0672. Test Loss 0.0709
Epoch 1275/3200 : Average Loss 0.0671. Test Loss 0.0733
Epoch 1276/3200 : Average Loss 0.0670. Test Loss 0.0711
Epoch 1277/3200 : Average Loss 0.0669. Test Loss 0.0732
Epoch 1278/3200 : Average Loss 0.0671. Test Loss 0.0698
Epoch 1279/3200 : Average Loss 0.0678. Test Loss 0.0700
Epoch 1280/3200 : Average Loss 0.0665. Test Loss 0.0694
Epoch 1281/3200 : Average Loss 0.0674. Test Loss 0.0724
Epoch 1282/3200 : Average Loss 0.0678. Test Loss 0.0677
Epoch 1283/3200 : Average Loss 0.0676. Test Loss 0.0689
Epoch 1284/3200 : Average Loss 0.0665. Test Loss 0.0696
Epoch 1285/3200 : Average Loss 0.0673. Test Loss 0.0703
Epoch 1286/3200 : Average Loss 0.0673. Test Loss 0.0728
Epoch 1287/3200 : Average Loss 0.0670. Test Loss 0.0691
Epoch 1288/3200 : Average Loss 0.0676. Test Loss 0.0724
Epoch 1289/3200 : Average Loss 0.0675. Test Loss 0.0699
Epoch 1290/3200 : Average Loss 0.0665. Test Loss 0.0694
Epoch 1291/3200 : Average Loss 0.0677. Test Loss 0.0712
Epoch 1292/3200 : Average Loss 0.0674. Test Loss 0.0709
Epoch 1293/3200 : Average Loss 0.0671. Test Loss 0.0688
Epoch 1294/3200 : Average Loss 0.0672. Test Loss 0.0700
Epoch 1295/3200 : Average Loss 0.0678. Test Loss 0.0713
Epoch 1296/3200 : Average Loss 0.0681. Test Loss 0.0696
Epoch 1297/3200 : Average Loss 0.0668. Test Loss 0.0694
Epoch 1298/3200 : Average Loss 0.0682. Test Loss 0.0692
Epoch 1299/3200 : Average Loss 0.0669. Test Loss 0.0691
Epoch 1300/3200 : Average Loss 0.0678. Test Loss 0.0711
Epoch 1301/3200 : Average Loss 0.0670. Test Loss 0.0722
Epoch 1302/3200 : Average Loss 0.0670. Test Loss 0.0725
Epoch 1303/3200 : Average Loss 0.0668. Test Loss 0.0724
Epoch 1304/3200 : Average Loss 0.0675. Test Loss 0.0699
Epoch 1305/3200 : Average Loss 0.0670. Test Loss 0.0728
Epoch 1306/3200 : Average Loss 0.0670. Test Loss 0.0715
Epoch 1307/3200 : Average Loss 0.0677. Test Loss 0.0694
Epoch 1308/3200 : Average Loss 0.0666. Test Loss 0.0707
Epoch 1309/3200 : Average Loss 0.0661. Test Loss 0.0704
Epoch 1310/3200 : Average Loss 0.0672. Test Loss 0.0685
Epoch 1311/3200 : Average Loss 0.0677. Test Loss 0.0705
Epoch 1312/3200 : Average Loss 0.0671. Test Loss 0.0712
Epoch 1313/3200 : Average Loss 0.0667. Test Loss 0.0694
Epoch 1314/3200 : Average Loss 0.0665. Test Loss 0.0704
Epoch 1315/3200 : Average Loss 0.0677. Test Loss 0.0707
Epoch 1316/3200 : Average Loss 0.0669. Test Loss 0.0725
Epoch 1317/3200 : Average Loss 0.0671. Test Loss 0.0705
Epoch 1318/3200 : Average Loss 0.0671. Test Loss 0.0688
Epoch 1319/3200 : Average Loss 0.0663. Test Loss 0.0694
Epoch 1320/3200 : Average Loss 0.0673. Test Loss 0.0680
Epoch 1321/3200 : Average Loss 0.0669. Test Loss 0.0700
Epoch 1322/3200 : Average Loss 0.0671. Test Loss 0.0706
Epoch 1323/3200 : Average Loss 0.0673. Test Loss 0.0686
Epoch 1324/3200 : Average Loss 0.0674. Test Loss 0.0702
Epoch 1325/3200 : Average Loss 0.0682. Test Loss 0.0694
Epoch 1326/3200 : Average Loss 0.0671. Test Loss 0.0693
Epoch 1327/3200 : Average Loss 0.0667. Test Loss 0.0720
Epoch 1328/3200 : Average Loss 0.0668. Test Loss 0.0684
Epoch 1329/3200 : Average Loss 0.0670. Test Loss 0.0703
Epoch 1330/3200 : Average Loss 0.0672. Test Loss 0.0711
Epoch 1331/3200 : Average Loss 0.0676. Test Loss 0.0700
Epoch 1332/3200 : Average Loss 0.0672. Test Loss 0.0707
Epoch 1333/3200 : Average Loss 0.0672. Test Loss 0.0707
Epoch 1334/3200 : Average Loss 0.0665. Test Loss 0.0678
Epoch 1335/3200 : Average Loss 0.0677. Test Loss 0.0695
Epoch 1336/3200 : Average Loss 0.0665. Test Loss 0.0715
Epoch 1337/3200 : Average Loss 0.0667. Test Loss 0.0706
Epoch 1338/3200 : Average Loss 0.0670. Test Loss 0.0695
Epoch 1339/3200 : Average Loss 0.0665. Test Loss 0.0703
Epoch 1340/3200 : Average Loss 0.0685. Test Loss 0.0719
Epoch 1341/3200 : Average Loss 0.0671. Test Loss 0.0730
Epoch 1342/3200 : Average Loss 0.0672. Test Loss 0.0700
Epoch 1343/3200 : Average Loss 0.0666. Test Loss 0.0695
Epoch 1344/3200 : Average Loss 0.0677. Test Loss 0.0718
Epoch 1345/3200 : Average Loss 0.0669. Test Loss 0.0691
Epoch 1346/3200 : Average Loss 0.0668. Test Loss 0.0674
Epoch 1347/3200 : Average Loss 0.0671. Test Loss 0.0707
Epoch 1348/3200 : Average Loss 0.0667. Test Loss 0.0721
Epoch 1349/3200 : Average Loss 0.0666. Test Loss 0.0712
Epoch 1350/3200 : Average Loss 0.0675. Test Loss 0.0703
Epoch 1351/3200 : Average Loss 0.0670. Test Loss 0.0692
Epoch 1352/3200 : Average Loss 0.0672. Test Loss 0.0702
Epoch 1353/3200 : Average Loss 0.0667. Test Loss 0.0695
Epoch 1354/3200 : Average Loss 0.0670. Test Loss 0.0706
Epoch 1355/3200 : Average Loss 0.0666. Test Loss 0.0699
Epoch 1356/3200 : Average Loss 0.0671. Test Loss 0.0690
Epoch 1357/3200 : Average Loss 0.0664. Test Loss 0.0709
Epoch 1358/3200 : Average Loss 0.0667. Test Loss 0.0731
Epoch 1359/3200 : Average Loss 0.0663. Test Loss 0.0694
Epoch 1360/3200 : Average Loss 0.0672. Test Loss 0.0698
Epoch 1361/3200 : Average Loss 0.0683. Test Loss 0.0722
Epoch 1362/3200 : Average Loss 0.0680. Test Loss 0.0694
Epoch 1363/3200 : Average Loss 0.0675. Test Loss 0.0684
Epoch 1364/3200 : Average Loss 0.0673. Test Loss 0.0672
Epoch 1365/3200 : Average Loss 0.0664. Test Loss 0.0691
Epoch 1366/3200 : Average Loss 0.0665. Test Loss 0.0710
Epoch 1367/3200 : Average Loss 0.0665. Test Loss 0.0714
Epoch 1368/3200 : Average Loss 0.0667. Test Loss 0.0686
Epoch 1369/3200 : Average Loss 0.0675. Test Loss 0.0694
Epoch 1370/3200 : Average Loss 0.0672. Test Loss 0.0688
Epoch 1371/3200 : Average Loss 0.0675. Test Loss 0.0699
Epoch 1372/3200 : Average Loss 0.0670. Test Loss 0.0694
Epoch 1373/3200 : Average Loss 0.0665. Test Loss 0.0715
Epoch 1374/3200 : Average Loss 0.0665. Test Loss 0.0687
Epoch 1375/3200 : Average Loss 0.0668. Test Loss 0.0686
Epoch 1376/3200 : Average Loss 0.0668. Test Loss 0.0705
Epoch 1377/3200 : Average Loss 0.0708. Test Loss 0.0739
Epoch 1378/3200 : Average Loss 0.0677. Test Loss 0.0707
Epoch 1379/3200 : Average Loss 0.0674. Test Loss 0.0689
Epoch 1380/3200 : Average Loss 0.0676. Test Loss 0.0689
Epoch 1381/3200 : Average Loss 0.0668. Test Loss 0.0694
Epoch 1382/3200 : Average Loss 0.0668. Test Loss 0.0700
Epoch 1383/3200 : Average Loss 0.0674. Test Loss 0.0710
Epoch 1384/3200 : Average Loss 0.0666. Test Loss 0.0687
Epoch 1385/3200 : Average Loss 0.0670. Test Loss 0.0697
Epoch 1386/3200 : Average Loss 0.0658. Test Loss 0.0693
Epoch 1387/3200 : Average Loss 0.0661. Test Loss 0.0683
Epoch 1388/3200 : Average Loss 0.0666. Test Loss 0.0704
Epoch 1389/3200 : Average Loss 0.0666. Test Loss 0.0701
Epoch 1390/3200 : Average Loss 0.0672. Test Loss 0.0700
Epoch 1391/3200 : Average Loss 0.0671. Test Loss 0.0724
Epoch 1392/3200 : Average Loss 0.0662. Test Loss 0.0688
Epoch 1393/3200 : Average Loss 0.0667. Test Loss 0.0706
Epoch 1394/3200 : Average Loss 0.0672. Test Loss 0.0694
Epoch 1395/3200 : Average Loss 0.0666. Test Loss 0.0686
Epoch 1396/3200 : Average Loss 0.0666. Test Loss 0.0716
Epoch 1397/3200 : Average Loss 0.0668. Test Loss 0.0688
Epoch 1398/3200 : Average Loss 0.0667. Test Loss 0.0700
Epoch 1399/3200 : Average Loss 0.0674. Test Loss 0.0744
Epoch 1400/3200 : Average Loss 0.0671. Test Loss 0.0707
Epoch 1401/3200 : Average Loss 0.0667. Test Loss 0.0700
Epoch 1402/3200 : Average Loss 0.0663. Test Loss 0.0704
Epoch 1403/3200 : Average Loss 0.0667. Test Loss 0.0707
Epoch 1404/3200 : Average Loss 0.0667. Test Loss 0.0732
Epoch 1405/3200 : Average Loss 0.0671. Test Loss 0.0677
Epoch 1406/3200 : Average Loss 0.0662. Test Loss 0.0694
Epoch 1407/3200 : Average Loss 0.0665. Test Loss 0.0696
Epoch 1408/3200 : Average Loss 0.0663. Test Loss 0.0698
Epoch 1409/3200 : Average Loss 0.0669. Test Loss 0.0717
Epoch 1410/3200 : Average Loss 0.0670. Test Loss 0.0693
Epoch 1411/3200 : Average Loss 0.0663. Test Loss 0.0687
Epoch 1412/3200 : Average Loss 0.0669. Test Loss 0.0710
Epoch 1413/3200 : Average Loss 0.0666. Test Loss 0.0708
Epoch 1414/3200 : Average Loss 0.0664. Test Loss 0.0715
Epoch 1415/3200 : Average Loss 0.0670. Test Loss 0.0689
Epoch 1416/3200 : Average Loss 0.0670. Test Loss 0.0724
Epoch 1417/3200 : Average Loss 0.0671. Test Loss 0.0684
Epoch 1418/3200 : Average Loss 0.0671. Test Loss 0.0670
Epoch 1419/3200 : Average Loss 0.0660. Test Loss 0.0711
Epoch 1420/3200 : Average Loss 0.0668. Test Loss 0.0707
Epoch 1421/3200 : Average Loss 0.0662. Test Loss 0.0712
Epoch 1422/3200 : Average Loss 0.0667. Test Loss 0.0746
Epoch 1423/3200 : Average Loss 0.0666. Test Loss 0.0714
Epoch 1424/3200 : Average Loss 0.0668. Test Loss 0.0692
Epoch 1425/3200 : Average Loss 0.0663. Test Loss 0.0702
Epoch 1426/3200 : Average Loss 0.0661. Test Loss 0.0693
Epoch 1427/3200 : Average Loss 0.0666. Test Loss 0.0699
Epoch 1428/3200 : Average Loss 0.0658. Test Loss 0.0693
Epoch 1429/3200 : Average Loss 0.0676. Test Loss 0.0687
Epoch 1430/3200 : Average Loss 0.0660. Test Loss 0.0687
Epoch 1431/3200 : Average Loss 0.0662. Test Loss 0.0716
Epoch 1432/3200 : Average Loss 0.0667. Test Loss 0.0688
Epoch 1433/3200 : Average Loss 0.0665. Test Loss 0.0679
Epoch 1434/3200 : Average Loss 0.0668. Test Loss 0.0689
Epoch 1435/3200 : Average Loss 0.0665. Test Loss 0.0708
Epoch 1436/3200 : Average Loss 0.0665. Test Loss 0.0685
Epoch 1437/3200 : Average Loss 0.0661. Test Loss 0.0679
Epoch 1438/3200 : Average Loss 0.0664. Test Loss 0.0701
Epoch 1439/3200 : Average Loss 0.0660. Test Loss 0.0704
Epoch 1440/3200 : Average Loss 0.0662. Test Loss 0.0685
Epoch 1441/3200 : Average Loss 0.0658. Test Loss 0.0690
Epoch 1442/3200 : Average Loss 0.0665. Test Loss 0.0688
Epoch 1443/3200 : Average Loss 0.0665. Test Loss 0.0688
Epoch 1444/3200 : Average Loss 0.0657. Test Loss 0.0698
Epoch 1445/3200 : Average Loss 0.0660. Test Loss 0.0715
Epoch 1446/3200 : Average Loss 0.0658. Test Loss 0.0692
Epoch 1447/3200 : Average Loss 0.0662. Test Loss 0.0703
Epoch 1448/3200 : Average Loss 0.0659. Test Loss 0.0674
Epoch 1449/3200 : Average Loss 0.0679. Test Loss 0.0690
Epoch 1450/3200 : Average Loss 0.0664. Test Loss 0.0693
Epoch 1451/3200 : Average Loss 0.0658. Test Loss 0.0686
Epoch 1452/3200 : Average Loss 0.0661. Test Loss 0.0690
Epoch 1453/3200 : Average Loss 0.0662. Test Loss 0.0682
Epoch 1454/3200 : Average Loss 0.0666. Test Loss 0.0721
Epoch 1455/3200 : Average Loss 0.0674. Test Loss 0.0694
Epoch 1456/3200 : Average Loss 0.0663. Test Loss 0.0707
Epoch 1457/3200 : Average Loss 0.0666. Test Loss 0.0701
Epoch 1458/3200 : Average Loss 0.0668. Test Loss 0.0676
Epoch 1459/3200 : Average Loss 0.0663. Test Loss 0.0674
Epoch 1460/3200 : Average Loss 0.0665. Test Loss 0.0668
Epoch 1461/3200 : Average Loss 0.0655. Test Loss 0.0690
Epoch 1462/3200 : Average Loss 0.0669. Test Loss 0.0709
Epoch 1463/3200 : Average Loss 0.0658. Test Loss 0.0680
Epoch 1464/3200 : Average Loss 0.0662. Test Loss 0.0716
Epoch 1465/3200 : Average Loss 0.0657. Test Loss 0.0690
Epoch 1466/3200 : Average Loss 0.0663. Test Loss 0.0689
Epoch 1467/3200 : Average Loss 0.0662. Test Loss 0.0678
Epoch 1468/3200 : Average Loss 0.0667. Test Loss 0.0684
Epoch 1469/3200 : Average Loss 0.0653. Test Loss 0.0715
Epoch 1470/3200 : Average Loss 0.0654. Test Loss 0.0692
Epoch 1471/3200 : Average Loss 0.0664. Test Loss 0.0680
Epoch 1472/3200 : Average Loss 0.0663. Test Loss 0.0684
Epoch 1473/3200 : Average Loss 0.0669. Test Loss 0.0697
Epoch 1474/3200 : Average Loss 0.0667. Test Loss 0.0690
Epoch 1475/3200 : Average Loss 0.0659. Test Loss 0.0680
Epoch 1476/3200 : Average Loss 0.0652. Test Loss 0.0675
Epoch 1477/3200 : Average Loss 0.0660. Test Loss 0.0687
Epoch 1478/3200 : Average Loss 0.0666. Test Loss 0.0694
Epoch 1479/3200 : Average Loss 0.0659. Test Loss 0.0695
Epoch 1480/3200 : Average Loss 0.0660. Test Loss 0.0693
Epoch 1481/3200 : Average Loss 0.0661. Test Loss 0.0677
Epoch 1482/3200 : Average Loss 0.0658. Test Loss 0.0681
Epoch 1483/3200 : Average Loss 0.0660. Test Loss 0.0690
Epoch 1484/3200 : Average Loss 0.0653. Test Loss 0.0737
Epoch 1485/3200 : Average Loss 0.0657. Test Loss 0.0670
Epoch 1486/3200 : Average Loss 0.0659. Test Loss 0.0688
Epoch 1487/3200 : Average Loss 0.0657. Test Loss 0.0711
Epoch 1488/3200 : Average Loss 0.0658. Test Loss 0.0686
Epoch 1489/3200 : Average Loss 0.0670. Test Loss 0.0702
Epoch 1490/3200 : Average Loss 0.0665. Test Loss 0.0681
Epoch 1491/3200 : Average Loss 0.0660. Test Loss 0.0680
Epoch 1492/3200 : Average Loss 0.0667. Test Loss 0.0738
Epoch 1493/3200 : Average Loss 0.0655. Test Loss 0.0701
Epoch 1494/3200 : Average Loss 0.0661. Test Loss 0.0692
Epoch 1495/3200 : Average Loss 0.0663. Test Loss 0.0675
Epoch 1496/3200 : Average Loss 0.0661. Test Loss 0.0674
Epoch 1497/3200 : Average Loss 0.0650. Test Loss 0.0688
Epoch 1498/3200 : Average Loss 0.0659. Test Loss 0.0688
Epoch 1499/3200 : Average Loss 0.0657. Test Loss 0.0681
Epoch 1500/3200 : Average Loss 0.0659. Test Loss 0.0680
Epoch 1501/3200 : Average Loss 0.0657. Test Loss 0.0700
Epoch 1502/3200 : Average Loss 0.0662. Test Loss 0.0689
Epoch 1503/3200 : Average Loss 0.0664. Test Loss 0.0724
Epoch 1504/3200 : Average Loss 0.0661. Test Loss 0.0666
Epoch 1505/3200 : Average Loss 0.0661. Test Loss 0.0714
Epoch 1506/3200 : Average Loss 0.0662. Test Loss 0.0699
Epoch 1507/3200 : Average Loss 0.0662. Test Loss 0.0688
Epoch 1508/3200 : Average Loss 0.0658. Test Loss 0.0678
Epoch 1509/3200 : Average Loss 0.0670. Test Loss 0.0701
Epoch 1510/3200 : Average Loss 0.0660. Test Loss 0.0687
Epoch 1511/3200 : Average Loss 0.0654. Test Loss 0.0698
Epoch 1512/3200 : Average Loss 0.0664. Test Loss 0.0695
Epoch 1513/3200 : Average Loss 0.0660. Test Loss 0.0701
Epoch 1514/3200 : Average Loss 0.0656. Test Loss 0.0685
Epoch 1515/3200 : Average Loss 0.0657. Test Loss 0.0675
Epoch 1516/3200 : Average Loss 0.0658. Test Loss 0.0676
Epoch 1517/3200 : Average Loss 0.0659. Test Loss 0.0708
Epoch 1518/3200 : Average Loss 0.0661. Test Loss 0.0670
Epoch 1519/3200 : Average Loss 0.0663. Test Loss 0.0694
Epoch 1520/3200 : Average Loss 0.0660. Test Loss 0.0700
Epoch 1521/3200 : Average Loss 0.0658. Test Loss 0.0708
Epoch 1522/3200 : Average Loss 0.0663. Test Loss 0.0703
Epoch 1523/3200 : Average Loss 0.0654. Test Loss 0.0695
Epoch 1524/3200 : Average Loss 0.0656. Test Loss 0.0701
Epoch 1525/3200 : Average Loss 0.0658. Test Loss 0.0680
Epoch 1526/3200 : Average Loss 0.0663. Test Loss 0.0676
Epoch 1527/3200 : Average Loss 0.0655. Test Loss 0.0681
Epoch 1528/3200 : Average Loss 0.0653. Test Loss 0.0709
Epoch 1529/3200 : Average Loss 0.0663. Test Loss 0.0705
Epoch 1530/3200 : Average Loss 0.0657. Test Loss 0.0712
Epoch 1531/3200 : Average Loss 0.0650. Test Loss 0.0702
Epoch 1532/3200 : Average Loss 0.0657. Test Loss 0.0694
Epoch 1533/3200 : Average Loss 0.0664. Test Loss 0.0674
Epoch 1534/3200 : Average Loss 0.0656. Test Loss 0.0673
Epoch 1535/3200 : Average Loss 0.0657. Test Loss 0.0675
Epoch 1536/3200 : Average Loss 0.0656. Test Loss 0.0673
Epoch 1537/3200 : Average Loss 0.0657. Test Loss 0.0677
Epoch 1538/3200 : Average Loss 0.0655. Test Loss 0.0699
Epoch 1539/3200 : Average Loss 0.0659. Test Loss 0.0676
Epoch 1540/3200 : Average Loss 0.0657. Test Loss 0.0698
Epoch 1541/3200 : Average Loss 0.0655. Test Loss 0.0690
Epoch 1542/3200 : Average Loss 0.0659. Test Loss 0.0663
Epoch 1543/3200 : Average Loss 0.0655. Test Loss 0.0663
Epoch 1544/3200 : Average Loss 0.0661. Test Loss 0.0670
Epoch 1545/3200 : Average Loss 0.0656. Test Loss 0.0652
Epoch 1546/3200 : Average Loss 0.0660. Test Loss 0.0672
Epoch 1547/3200 : Average Loss 0.0657. Test Loss 0.0669
Epoch 1548/3200 : Average Loss 0.0661. Test Loss 0.0672
Epoch 1549/3200 : Average Loss 0.0658. Test Loss 0.0682
Epoch 1550/3200 : Average Loss 0.0656. Test Loss 0.0692
Epoch 1551/3200 : Average Loss 0.0667. Test Loss 0.0699
Epoch 1552/3200 : Average Loss 0.0657. Test Loss 0.0696
Epoch 1553/3200 : Average Loss 0.0655. Test Loss 0.0661
Epoch 1554/3200 : Average Loss 0.0662. Test Loss 0.0673
Epoch 1555/3200 : Average Loss 0.0662. Test Loss 0.0690
Epoch 1556/3200 : Average Loss 0.0653. Test Loss 0.0703
Epoch 1557/3200 : Average Loss 0.0657. Test Loss 0.0692
Epoch 1558/3200 : Average Loss 0.0664. Test Loss 0.0686
Epoch 1559/3200 : Average Loss 0.0658. Test Loss 0.0693
Epoch 1560/3200 : Average Loss 0.0651. Test Loss 0.0682
Epoch 1561/3200 : Average Loss 0.0665. Test Loss 0.0691
Epoch 1562/3200 : Average Loss 0.0660. Test Loss 0.0710
Epoch 1563/3200 : Average Loss 0.0658. Test Loss 0.0710
Epoch 1564/3200 : Average Loss 0.0655. Test Loss 0.0711
Epoch 1565/3200 : Average Loss 0.0653. Test Loss 0.0670
Epoch 1566/3200 : Average Loss 0.0657. Test Loss 0.0700
Epoch 1567/3200 : Average Loss 0.0654. Test Loss 0.0680
Epoch 1568/3200 : Average Loss 0.0653. Test Loss 0.0689
Epoch 1569/3200 : Average Loss 0.0666. Test Loss 0.0690
Epoch 1570/3200 : Average Loss 0.0663. Test Loss 0.0664
Epoch 1571/3200 : Average Loss 0.0655. Test Loss 0.0681
Epoch 1572/3200 : Average Loss 0.0649. Test Loss 0.0676
Epoch 1573/3200 : Average Loss 0.0653. Test Loss 0.0687
Epoch 1574/3200 : Average Loss 0.0659. Test Loss 0.0715
Epoch 1575/3200 : Average Loss 0.0659. Test Loss 0.0682
Epoch 1576/3200 : Average Loss 0.0658. Test Loss 0.0694
Epoch 1577/3200 : Average Loss 0.0662. Test Loss 0.0681
Epoch 1578/3200 : Average Loss 0.0661. Test Loss 0.0673
Epoch 1579/3200 : Average Loss 0.0658. Test Loss 0.0684
Epoch 1580/3200 : Average Loss 0.0661. Test Loss 0.0727
Epoch 1581/3200 : Average Loss 0.0653. Test Loss 0.0675
Epoch 1582/3200 : Average Loss 0.0655. Test Loss 0.0697
Epoch 1583/3200 : Average Loss 0.0656. Test Loss 0.0695
Epoch 1584/3200 : Average Loss 0.0658. Test Loss 0.0704
Epoch 1585/3200 : Average Loss 0.0659. Test Loss 0.0668
Epoch 1586/3200 : Average Loss 0.0652. Test Loss 0.0703
Epoch 1587/3200 : Average Loss 0.0657. Test Loss 0.0690
Epoch 1588/3200 : Average Loss 0.0648. Test Loss 0.0693
Epoch 1589/3200 : Average Loss 0.0651. Test Loss 0.0672
Epoch 1590/3200 : Average Loss 0.0656. Test Loss 0.0670
Epoch 1591/3200 : Average Loss 0.0668. Test Loss 0.0687
Epoch 1592/3200 : Average Loss 0.0656. Test Loss 0.0667
Epoch 1593/3200 : Average Loss 0.0656. Test Loss 0.0695
Epoch 1594/3200 : Average Loss 0.0659. Test Loss 0.0674
Epoch 1595/3200 : Average Loss 0.0656. Test Loss 0.0695
Epoch 1596/3200 : Average Loss 0.0652. Test Loss 0.0711
Epoch 1597/3200 : Average Loss 0.0655. Test Loss 0.0667
Epoch 1598/3200 : Average Loss 0.0666. Test Loss 0.0684
Epoch 1599/3200 : Average Loss 0.0656. Test Loss 0.0684
Epoch 1600/3200 : Average Loss 0.0649. Test Loss 0.0682
Epoch 1601/3200 : Average Loss 0.0658. Test Loss 0.0683
Epoch 1602/3200 : Average Loss 0.0650. Test Loss 0.0732
Epoch 1603/3200 : Average Loss 0.0659. Test Loss 0.0663
Epoch 1604/3200 : Average Loss 0.0657. Test Loss 0.0672
Epoch 1605/3200 : Average Loss 0.0656. Test Loss 0.0704
Epoch 1606/3200 : Average Loss 0.0654. Test Loss 0.0669
Epoch 1607/3200 : Average Loss 0.0656. Test Loss 0.0678
Epoch 1608/3200 : Average Loss 0.0659. Test Loss 0.0674
Epoch 1609/3200 : Average Loss 0.0654. Test Loss 0.0711
Epoch 1610/3200 : Average Loss 0.0660. Test Loss 0.0678
Epoch 1611/3200 : Average Loss 0.0655. Test Loss 0.0678
Epoch 1612/3200 : Average Loss 0.0653. Test Loss 0.0749
Epoch 1613/3200 : Average Loss 0.0652. Test Loss 0.0683
Epoch 1614/3200 : Average Loss 0.0655. Test Loss 0.0676
Epoch 1615/3200 : Average Loss 0.0655. Test Loss 0.0688
Epoch 1616/3200 : Average Loss 0.0655. Test Loss 0.0672
Epoch 1617/3200 : Average Loss 0.0646. Test Loss 0.0700
Epoch 1618/3200 : Average Loss 0.0658. Test Loss 0.0669
Epoch 1619/3200 : Average Loss 0.0655. Test Loss 0.0681
Epoch 1620/3200 : Average Loss 0.0654. Test Loss 0.0687
Epoch 1621/3200 : Average Loss 0.0655. Test Loss 0.0676
Epoch 1622/3200 : Average Loss 0.0655. Test Loss 0.0655
Epoch 1623/3200 : Average Loss 0.0646. Test Loss 0.0689
Epoch 1624/3200 : Average Loss 0.0652. Test Loss 0.0678
Epoch 1625/3200 : Average Loss 0.0658. Test Loss 0.0691
Epoch 1626/3200 : Average Loss 0.0664. Test Loss 0.0678
Epoch 1627/3200 : Average Loss 0.0658. Test Loss 0.0677
Epoch 1628/3200 : Average Loss 0.0653. Test Loss 0.0683
Epoch 1629/3200 : Average Loss 0.0655. Test Loss 0.0682
Epoch 1630/3200 : Average Loss 0.0652. Test Loss 0.0685
Epoch 1631/3200 : Average Loss 0.0654. Test Loss 0.0718
Epoch 1632/3200 : Average Loss 0.0656. Test Loss 0.0674
Epoch 1633/3200 : Average Loss 0.0652. Test Loss 0.0681
Epoch 1634/3200 : Average Loss 0.0653. Test Loss 0.0674
Epoch 1635/3200 : Average Loss 0.0657. Test Loss 0.0689
Epoch 1636/3200 : Average Loss 0.0657. Test Loss 0.0682
Epoch 1637/3200 : Average Loss 0.0655. Test Loss 0.0694
Epoch 1638/3200 : Average Loss 0.0656. Test Loss 0.0703
Epoch 1639/3200 : Average Loss 0.0653. Test Loss 0.0685
Epoch 1640/3200 : Average Loss 0.0656. Test Loss 0.0700
Epoch 1641/3200 : Average Loss 0.0656. Test Loss 0.0680
Epoch 1642/3200 : Average Loss 0.0655. Test Loss 0.0673
Epoch 1643/3200 : Average Loss 0.0652. Test Loss 0.0696
Epoch 1644/3200 : Average Loss 0.0650. Test Loss 0.0679
Epoch 1645/3200 : Average Loss 0.0653. Test Loss 0.0721
Epoch 1646/3200 : Average Loss 0.0654. Test Loss 0.0659
Epoch 1647/3200 : Average Loss 0.0654. Test Loss 0.0674
Epoch 1648/3200 : Average Loss 0.0653. Test Loss 0.0684
Epoch 1649/3200 : Average Loss 0.0655. Test Loss 0.0665
Epoch 1650/3200 : Average Loss 0.0651. Test Loss 0.0692
Epoch 1651/3200 : Average Loss 0.0649. Test Loss 0.0703
Epoch 1652/3200 : Average Loss 0.0659. Test Loss 0.0676
Epoch 1653/3200 : Average Loss 0.0647. Test Loss 0.0678
Epoch 1654/3200 : Average Loss 0.0651. Test Loss 0.0687
Epoch 1655/3200 : Average Loss 0.0649. Test Loss 0.0682
Epoch 1656/3200 : Average Loss 0.0649. Test Loss 0.0666
Epoch 1657/3200 : Average Loss 0.0655. Test Loss 0.0695
Epoch 1658/3200 : Average Loss 0.0651. Test Loss 0.0699
Epoch 1659/3200 : Average Loss 0.0654. Test Loss 0.0664
Epoch 1660/3200 : Average Loss 0.0649. Test Loss 0.0679
Epoch 1661/3200 : Average Loss 0.0651. Test Loss 0.0651
Epoch 1662/3200 : Average Loss 0.0651. Test Loss 0.0687
Epoch 1663/3200 : Average Loss 0.0659. Test Loss 0.0681
Epoch 1664/3200 : Average Loss 0.0650. Test Loss 0.0661
Epoch 1665/3200 : Average Loss 0.0652. Test Loss 0.0652
Epoch 1666/3200 : Average Loss 0.0653. Test Loss 0.0670
Epoch 1667/3200 : Average Loss 0.0651. Test Loss 0.0656
Epoch 1668/3200 : Average Loss 0.0651. Test Loss 0.0668
Epoch 1669/3200 : Average Loss 0.0648. Test Loss 0.0701
Epoch 1670/3200 : Average Loss 0.0650. Test Loss 0.0663
Epoch 1671/3200 : Average Loss 0.0649. Test Loss 0.0669
Epoch 1672/3200 : Average Loss 0.0653. Test Loss 0.0686
Epoch 1673/3200 : Average Loss 0.0646. Test Loss 0.0683
Epoch 1674/3200 : Average Loss 0.0653. Test Loss 0.0682
Epoch 1675/3200 : Average Loss 0.0653. Test Loss 0.0675
Epoch 1676/3200 : Average Loss 0.0649. Test Loss 0.0687
Epoch 1677/3200 : Average Loss 0.0650. Test Loss 0.0695
Epoch 1678/3200 : Average Loss 0.0653. Test Loss 0.0727
Epoch 1679/3200 : Average Loss 0.0646. Test Loss 0.0695
Epoch 1680/3200 : Average Loss 0.0647. Test Loss 0.0693
Epoch 1681/3200 : Average Loss 0.0650. Test Loss 0.0687
Epoch 1682/3200 : Average Loss 0.0650. Test Loss 0.0674
Epoch 1683/3200 : Average Loss 0.0652. Test Loss 0.0685
Epoch 1684/3200 : Average Loss 0.0655. Test Loss 0.0659
Epoch 1685/3200 : Average Loss 0.0653. Test Loss 0.0655
Epoch 1686/3200 : Average Loss 0.0653. Test Loss 0.0681
Epoch 1687/3200 : Average Loss 0.0649. Test Loss 0.0667
Epoch 1688/3200 : Average Loss 0.0649. Test Loss 0.0690
Epoch 1689/3200 : Average Loss 0.0645. Test Loss 0.0685
Epoch 1690/3200 : Average Loss 0.0650. Test Loss 0.0663
Epoch 1691/3200 : Average Loss 0.0650. Test Loss 0.0685
Epoch 1692/3200 : Average Loss 0.0650. Test Loss 0.0681
Epoch 1693/3200 : Average Loss 0.0651. Test Loss 0.0693
Epoch 1694/3200 : Average Loss 0.0643. Test Loss 0.0684
Epoch 1695/3200 : Average Loss 0.0649. Test Loss 0.0693
Epoch 1696/3200 : Average Loss 0.0646. Test Loss 0.0668
Epoch 1697/3200 : Average Loss 0.0649. Test Loss 0.0670
Epoch 1698/3200 : Average Loss 0.0650. Test Loss 0.0674
Epoch 1699/3200 : Average Loss 0.0656. Test Loss 0.0654
Epoch 1700/3200 : Average Loss 0.0648. Test Loss 0.0681
Epoch 1701/3200 : Average Loss 0.0645. Test Loss 0.0688
Epoch 1702/3200 : Average Loss 0.0650. Test Loss 0.0668
Epoch 1703/3200 : Average Loss 0.0648. Test Loss 0.0668
Epoch 1704/3200 : Average Loss 0.0646. Test Loss 0.0680
Epoch 1705/3200 : Average Loss 0.0652. Test Loss 0.0672
Epoch 1706/3200 : Average Loss 0.0653. Test Loss 0.0692
Epoch 1707/3200 : Average Loss 0.0654. Test Loss 0.0676
Epoch 1708/3200 : Average Loss 0.0650. Test Loss 0.0737
Epoch 1709/3200 : Average Loss 0.0647. Test Loss 0.0687
Epoch 1710/3200 : Average Loss 0.0648. Test Loss 0.0678
Epoch 1711/3200 : Average Loss 0.0653. Test Loss 0.0665
Epoch 1712/3200 : Average Loss 0.0651. Test Loss 0.0671
Epoch 1713/3200 : Average Loss 0.0651. Test Loss 0.0668
Epoch 1714/3200 : Average Loss 0.0648. Test Loss 0.0680
Epoch 1715/3200 : Average Loss 0.0651. Test Loss 0.0701
Epoch 1716/3200 : Average Loss 0.0645. Test Loss 0.0657
Epoch 1717/3200 : Average Loss 0.0655. Test Loss 0.0681
Epoch 1718/3200 : Average Loss 0.0656. Test Loss 0.0675
Epoch 1719/3200 : Average Loss 0.0652. Test Loss 0.0679
Epoch 1720/3200 : Average Loss 0.0657. Test Loss 0.0691
Epoch 1721/3200 : Average Loss 0.0649. Test Loss 0.0692
Epoch 1722/3200 : Average Loss 0.0646. Test Loss 0.0703
Epoch 1723/3200 : Average Loss 0.0646. Test Loss 0.0673
Epoch 1724/3200 : Average Loss 0.0651. Test Loss 0.0682
Epoch 1725/3200 : Average Loss 0.0645. Test Loss 0.0646
Epoch 1726/3200 : Average Loss 0.0653. Test Loss 0.0674
Epoch 1727/3200 : Average Loss 0.0643. Test Loss 0.0660
Epoch 1728/3200 : Average Loss 0.0651. Test Loss 0.0678
Epoch 1729/3200 : Average Loss 0.0651. Test Loss 0.0697
Epoch 1730/3200 : Average Loss 0.0649. Test Loss 0.0657
Epoch 1731/3200 : Average Loss 0.0644. Test Loss 0.0663
Epoch 1732/3200 : Average Loss 0.0643. Test Loss 0.0666
Epoch 1733/3200 : Average Loss 0.0646. Test Loss 0.0673
Epoch 1734/3200 : Average Loss 0.0649. Test Loss 0.0725
Epoch 1735/3200 : Average Loss 0.0644. Test Loss 0.0688
Epoch 1736/3200 : Average Loss 0.0646. Test Loss 0.0675
Epoch 1737/3200 : Average Loss 0.0651. Test Loss 0.0661
Epoch 1738/3200 : Average Loss 0.0655. Test Loss 0.0674
Epoch 1739/3200 : Average Loss 0.0646. Test Loss 0.0668
Epoch 1740/3200 : Average Loss 0.0644. Test Loss 0.0726
Epoch 1741/3200 : Average Loss 0.0639. Test Loss 0.0684
Epoch 1742/3200 : Average Loss 0.0647. Test Loss 0.0673
Epoch 1743/3200 : Average Loss 0.0654. Test Loss 0.0661
Epoch 1744/3200 : Average Loss 0.0649. Test Loss 0.0670
Epoch 1745/3200 : Average Loss 0.0646. Test Loss 0.0686
Epoch 1746/3200 : Average Loss 0.0651. Test Loss 0.0673
Epoch 1747/3200 : Average Loss 0.0646. Test Loss 0.0672
Epoch 1748/3200 : Average Loss 0.0652. Test Loss 0.0664
Epoch 1749/3200 : Average Loss 0.0648. Test Loss 0.0668
Epoch 1750/3200 : Average Loss 0.0658. Test Loss 0.0689
Epoch 1751/3200 : Average Loss 0.0650. Test Loss 0.0686
Epoch 1752/3200 : Average Loss 0.0650. Test Loss 0.0678
Epoch 1753/3200 : Average Loss 0.0652. Test Loss 0.0675
Epoch 1754/3200 : Average Loss 0.0645. Test Loss 0.0678
Epoch 1755/3200 : Average Loss 0.0646. Test Loss 0.0646
Epoch 1756/3200 : Average Loss 0.0654. Test Loss 0.0672
Epoch 1757/3200 : Average Loss 0.0653. Test Loss 0.0663
Epoch 1758/3200 : Average Loss 0.0652. Test Loss 0.0686
Epoch 1759/3200 : Average Loss 0.0645. Test Loss 0.0651
Epoch 1760/3200 : Average Loss 0.0646. Test Loss 0.0683
Epoch 1761/3200 : Average Loss 0.0646. Test Loss 0.0704
Epoch 1762/3200 : Average Loss 0.0645. Test Loss 0.0719
Epoch 1763/3200 : Average Loss 0.0656. Test Loss 0.0697
Epoch 1764/3200 : Average Loss 0.0689. Test Loss 0.0688
Epoch 1765/3200 : Average Loss 0.0649. Test Loss 0.0720
Epoch 1766/3200 : Average Loss 0.0653. Test Loss 0.0713
Epoch 1767/3200 : Average Loss 0.0649. Test Loss 0.0665
Epoch 1768/3200 : Average Loss 0.0655. Test Loss 0.0690
Epoch 1769/3200 : Average Loss 0.0649. Test Loss 0.0656
Epoch 1770/3200 : Average Loss 0.0646. Test Loss 0.0704
Epoch 1771/3200 : Average Loss 0.0652. Test Loss 0.0670
Epoch 1772/3200 : Average Loss 0.0647. Test Loss 0.0682
Epoch 1773/3200 : Average Loss 0.0650. Test Loss 0.0676
Epoch 1774/3200 : Average Loss 0.0651. Test Loss 0.0677
Epoch 1775/3200 : Average Loss 0.0644. Test Loss 0.0682
Epoch 1776/3200 : Average Loss 0.0645. Test Loss 0.0658
Epoch 1777/3200 : Average Loss 0.0652. Test Loss 0.0692
Epoch 1778/3200 : Average Loss 0.0667. Test Loss 0.0700
Epoch 1779/3200 : Average Loss 0.0648. Test Loss 0.0682
Epoch 1780/3200 : Average Loss 0.0645. Test Loss 0.0673
Epoch 1781/3200 : Average Loss 0.0652. Test Loss 0.0680
Epoch 1782/3200 : Average Loss 0.0643. Test Loss 0.0718
Epoch 1783/3200 : Average Loss 0.0650. Test Loss 0.0764
Epoch 1784/3200 : Average Loss 0.0653. Test Loss 0.0678
Epoch 1785/3200 : Average Loss 0.0648. Test Loss 0.0682
Epoch 1786/3200 : Average Loss 0.0642. Test Loss 0.0684
Epoch 1787/3200 : Average Loss 0.0655. Test Loss 0.0676
Epoch 1788/3200 : Average Loss 0.0643. Test Loss 0.0664
Epoch 1789/3200 : Average Loss 0.0648. Test Loss 0.0676
Epoch 1790/3200 : Average Loss 0.0644. Test Loss 0.0681
Epoch 1791/3200 : Average Loss 0.0642. Test Loss 0.0684
Epoch 1792/3200 : Average Loss 0.0645. Test Loss 0.0673
Epoch 1793/3200 : Average Loss 0.0637. Test Loss 0.0681
Epoch 1794/3200 : Average Loss 0.0646. Test Loss 0.0661
Epoch 1795/3200 : Average Loss 0.0650. Test Loss 0.0653
Epoch 1796/3200 : Average Loss 0.0643. Test Loss 0.0682
Epoch 1797/3200 : Average Loss 0.0640. Test Loss 0.0669
Epoch 1798/3200 : Average Loss 0.0641. Test Loss 0.0686
Epoch 1799/3200 : Average Loss 0.0639. Test Loss 0.0690
Epoch 1800/3200 : Average Loss 0.0645. Test Loss 0.0709
Epoch 1801/3200 : Average Loss 0.0654. Test Loss 0.0666
Epoch 1802/3200 : Average Loss 0.0641. Test Loss 0.0680
Epoch 1803/3200 : Average Loss 0.0643. Test Loss 0.0701
Epoch 1804/3200 : Average Loss 0.0637. Test Loss 0.0674
Epoch 1805/3200 : Average Loss 0.0637. Test Loss 0.0685
Epoch 1806/3200 : Average Loss 0.0643. Test Loss 0.0684
Epoch 1807/3200 : Average Loss 0.0643. Test Loss 0.0658
Epoch 1808/3200 : Average Loss 0.0641. Test Loss 0.0683
Epoch 1809/3200 : Average Loss 0.0646. Test Loss 0.0693
Epoch 1810/3200 : Average Loss 0.0642. Test Loss 0.0689
Epoch 1811/3200 : Average Loss 0.0647. Test Loss 0.0706
Epoch 1812/3200 : Average Loss 0.0649. Test Loss 0.0687
Epoch 1813/3200 : Average Loss 0.0645. Test Loss 0.0690
Epoch 1814/3200 : Average Loss 0.0653. Test Loss 0.0651
Epoch 1815/3200 : Average Loss 0.0647. Test Loss 0.0665
Epoch 1816/3200 : Average Loss 0.0646. Test Loss 0.0677
Epoch 1817/3200 : Average Loss 0.0642. Test Loss 0.0679
Epoch 1818/3200 : Average Loss 0.0645. Test Loss 0.0668
Epoch 1819/3200 : Average Loss 0.0643. Test Loss 0.0684
Epoch 1820/3200 : Average Loss 0.0650. Test Loss 0.0662
Epoch 1821/3200 : Average Loss 0.0643. Test Loss 0.0678
Epoch 1822/3200 : Average Loss 0.0644. Test Loss 0.0683
Epoch 1823/3200 : Average Loss 0.0639. Test Loss 0.0709
Epoch 1824/3200 : Average Loss 0.0646. Test Loss 0.0700
Epoch 1825/3200 : Average Loss 0.0652. Test Loss 0.0677
Epoch 1826/3200 : Average Loss 0.0652. Test Loss 0.0673
Epoch 1827/3200 : Average Loss 0.0649. Test Loss 0.0679
Epoch 1828/3200 : Average Loss 0.0644. Test Loss 0.0687
Epoch 1829/3200 : Average Loss 0.0647. Test Loss 0.0733
Epoch 1830/3200 : Average Loss 0.0647. Test Loss 0.0668
Epoch 1831/3200 : Average Loss 0.0647. Test Loss 0.0683
Epoch 1832/3200 : Average Loss 0.0643. Test Loss 0.0691
Epoch 1833/3200 : Average Loss 0.0643. Test Loss 0.0671
Epoch 1834/3200 : Average Loss 0.0648. Test Loss 0.0690
Epoch 1835/3200 : Average Loss 0.0650. Test Loss 0.0681
Epoch 1836/3200 : Average Loss 0.0641. Test Loss 0.0677
Epoch 1837/3200 : Average Loss 0.0647. Test Loss 0.0671
Epoch 1838/3200 : Average Loss 0.0648. Test Loss 0.0684
Epoch 1839/3200 : Average Loss 0.0641. Test Loss 0.0672
Epoch 1840/3200 : Average Loss 0.0644. Test Loss 0.0675
Epoch 1841/3200 : Average Loss 0.0645. Test Loss 0.0663
Epoch 1842/3200 : Average Loss 0.0653. Test Loss 0.0686
Epoch 1843/3200 : Average Loss 0.0649. Test Loss 0.0675
Epoch 1844/3200 : Average Loss 0.0645. Test Loss 0.0666
Epoch 1845/3200 : Average Loss 0.0644. Test Loss 0.0682
Epoch 1846/3200 : Average Loss 0.0646. Test Loss 0.0664
Epoch 1847/3200 : Average Loss 0.0638. Test Loss 0.0685
Epoch 1848/3200 : Average Loss 0.0641. Test Loss 0.0682
Epoch 1849/3200 : Average Loss 0.0642. Test Loss 0.0668
Epoch 1850/3200 : Average Loss 0.0643. Test Loss 0.0651
Epoch 1851/3200 : Average Loss 0.0642. Test Loss 0.0646
Epoch 1852/3200 : Average Loss 0.0636. Test Loss 0.0691
Epoch 1853/3200 : Average Loss 0.0646. Test Loss 0.0687
Epoch 1854/3200 : Average Loss 0.0646. Test Loss 0.0660
Epoch 1855/3200 : Average Loss 0.0648. Test Loss 0.0682
Epoch 1856/3200 : Average Loss 0.0645. Test Loss 0.0710
Epoch 1857/3200 : Average Loss 0.0639. Test Loss 0.0689
Epoch 1858/3200 : Average Loss 0.0638. Test Loss 0.0706
Epoch 1859/3200 : Average Loss 0.0642. Test Loss 0.0668
Epoch 1860/3200 : Average Loss 0.0645. Test Loss 0.0679
Epoch 1861/3200 : Average Loss 0.0649. Test Loss 0.0662
Epoch 1862/3200 : Average Loss 0.0637. Test Loss 0.0670
Epoch 1863/3200 : Average Loss 0.0641. Test Loss 0.0664
Epoch 1864/3200 : Average Loss 0.0640. Test Loss 0.0655
Epoch 1865/3200 : Average Loss 0.0638. Test Loss 0.0669
Epoch 1866/3200 : Average Loss 0.0646. Test Loss 0.0670
Epoch 1867/3200 : Average Loss 0.0648. Test Loss 0.0669
Epoch 1868/3200 : Average Loss 0.0639. Test Loss 0.0675
Epoch 1869/3200 : Average Loss 0.0647. Test Loss 0.0767
Epoch 1870/3200 : Average Loss 0.0667. Test Loss 0.0681
Epoch 1871/3200 : Average Loss 0.0652. Test Loss 0.0686
Epoch 1872/3200 : Average Loss 0.0642. Test Loss 0.0683
Epoch 1873/3200 : Average Loss 0.0646. Test Loss 0.0674
Epoch 1874/3200 : Average Loss 0.0652. Test Loss 0.0668
Epoch 1875/3200 : Average Loss 0.0639. Test Loss 0.0653
Epoch 1876/3200 : Average Loss 0.0641. Test Loss 0.0687
Epoch 1877/3200 : Average Loss 0.0640. Test Loss 0.0688
Epoch 1878/3200 : Average Loss 0.0641. Test Loss 0.0706
Epoch 1879/3200 : Average Loss 0.0644. Test Loss 0.0682
Epoch 1880/3200 : Average Loss 0.0639. Test Loss 0.0684
Epoch 1881/3200 : Average Loss 0.0644. Test Loss 0.0668
Epoch 1882/3200 : Average Loss 0.0647. Test Loss 0.0665
Epoch 1883/3200 : Average Loss 0.0640. Test Loss 0.0661
Epoch 1884/3200 : Average Loss 0.0644. Test Loss 0.0666
Epoch 1885/3200 : Average Loss 0.0640. Test Loss 0.0652
Epoch 1886/3200 : Average Loss 0.0639. Test Loss 0.0646
Epoch 1887/3200 : Average Loss 0.0642. Test Loss 0.0688
Epoch 1888/3200 : Average Loss 0.0640. Test Loss 0.0664
Epoch 1889/3200 : Average Loss 0.0637. Test Loss 0.0678
Epoch 1890/3200 : Average Loss 0.0644. Test Loss 0.0661
Epoch 1891/3200 : Average Loss 0.0643. Test Loss 0.0683
Epoch 1892/3200 : Average Loss 0.0640. Test Loss 0.0663
Epoch 1893/3200 : Average Loss 0.0640. Test Loss 0.0666
Epoch 1894/3200 : Average Loss 0.0640. Test Loss 0.0658
Epoch 1895/3200 : Average Loss 0.0643. Test Loss 0.0668
Epoch 1896/3200 : Average Loss 0.0637. Test Loss 0.0657
Epoch 1897/3200 : Average Loss 0.0642. Test Loss 0.0652
Epoch 1898/3200 : Average Loss 0.0641. Test Loss 0.0655
Epoch 1899/3200 : Average Loss 0.0643. Test Loss 0.0671
Epoch 1900/3200 : Average Loss 0.0645. Test Loss 0.0682
Epoch 1901/3200 : Average Loss 0.0650. Test Loss 0.0676
Epoch 1902/3200 : Average Loss 0.0647. Test Loss 0.0684
Epoch 1903/3200 : Average Loss 0.0632. Test Loss 0.0677
Epoch 1904/3200 : Average Loss 0.0639. Test Loss 0.0656
Epoch 1905/3200 : Average Loss 0.0640. Test Loss 0.0684
Epoch 1906/3200 : Average Loss 0.0641. Test Loss 0.0663
Epoch 1907/3200 : Average Loss 0.0644. Test Loss 0.0665
Epoch 1908/3200 : Average Loss 0.0642. Test Loss 0.0682
Epoch 1909/3200 : Average Loss 0.0644. Test Loss 0.0669
Epoch 1910/3200 : Average Loss 0.0648. Test Loss 0.0670
Epoch 1911/3200 : Average Loss 0.0645. Test Loss 0.0677
Epoch 1912/3200 : Average Loss 0.0637. Test Loss 0.0667
Epoch 1913/3200 : Average Loss 0.0641. Test Loss 0.0654
Epoch 1914/3200 : Average Loss 0.0646. Test Loss 0.0663
Epoch 1915/3200 : Average Loss 0.0642. Test Loss 0.0661
Epoch 1916/3200 : Average Loss 0.0643. Test Loss 0.0682
Epoch 1917/3200 : Average Loss 0.0645. Test Loss 0.0659
Epoch 1918/3200 : Average Loss 0.0645. Test Loss 0.0654
Epoch 1919/3200 : Average Loss 0.0643. Test Loss 0.0658
Epoch 1920/3200 : Average Loss 0.0639. Test Loss 0.0656
Epoch 1921/3200 : Average Loss 0.0646. Test Loss 0.0671
Epoch 1922/3200 : Average Loss 0.0641. Test Loss 0.0668
Epoch 1923/3200 : Average Loss 0.0644. Test Loss 0.0655
Epoch 1924/3200 : Average Loss 0.0642. Test Loss 0.0674
Epoch 1925/3200 : Average Loss 0.0640. Test Loss 0.0678
Epoch 1926/3200 : Average Loss 0.0637. Test Loss 0.0688
Epoch 1927/3200 : Average Loss 0.0637. Test Loss 0.0659
Epoch 1928/3200 : Average Loss 0.0644. Test Loss 0.0667
Epoch 1929/3200 : Average Loss 0.0641. Test Loss 0.0673
Epoch 1930/3200 : Average Loss 0.0643. Test Loss 0.0662
Epoch 1931/3200 : Average Loss 0.0641. Test Loss 0.0661
Epoch 1932/3200 : Average Loss 0.0642. Test Loss 0.0692
Epoch 1933/3200 : Average Loss 0.0646. Test Loss 0.0659
Epoch 1934/3200 : Average Loss 0.0639. Test Loss 0.0693
Epoch 1935/3200 : Average Loss 0.0643. Test Loss 0.0680
Epoch 1936/3200 : Average Loss 0.0638. Test Loss 0.0654
Epoch 1937/3200 : Average Loss 0.0635. Test Loss 0.0668
Epoch 1938/3200 : Average Loss 0.0637. Test Loss 0.0693
Epoch 1939/3200 : Average Loss 0.0639. Test Loss 0.0658
Epoch 1940/3200 : Average Loss 0.0643. Test Loss 0.0684
Epoch 1941/3200 : Average Loss 0.0646. Test Loss 0.0674
Epoch 1942/3200 : Average Loss 0.0638. Test Loss 0.0662
Epoch 1943/3200 : Average Loss 0.0636. Test Loss 0.0677
Epoch 1944/3200 : Average Loss 0.0636. Test Loss 0.0679
Epoch 1945/3200 : Average Loss 0.0640. Test Loss 0.0682
Epoch 1946/3200 : Average Loss 0.0636. Test Loss 0.0682
Epoch 1947/3200 : Average Loss 0.0639. Test Loss 0.0677
Epoch 1948/3200 : Average Loss 0.0640. Test Loss 0.0651
Epoch 1949/3200 : Average Loss 0.0635. Test Loss 0.0652
Epoch 1950/3200 : Average Loss 0.0640. Test Loss 0.0658
Epoch 1951/3200 : Average Loss 0.0649. Test Loss 0.0685
Epoch 1952/3200 : Average Loss 0.0639. Test Loss 0.0657
Epoch 1953/3200 : Average Loss 0.0641. Test Loss 0.0676
Epoch 1954/3200 : Average Loss 0.0632. Test Loss 0.0667
Epoch 1955/3200 : Average Loss 0.0633. Test Loss 0.0644
Epoch 1956/3200 : Average Loss 0.0636. Test Loss 0.0676
Epoch 1957/3200 : Average Loss 0.0642. Test Loss 0.0679
Epoch 1958/3200 : Average Loss 0.0647. Test Loss 0.0686
Epoch 1959/3200 : Average Loss 0.0641. Test Loss 0.0658
Epoch 1960/3200 : Average Loss 0.0646. Test Loss 0.0661
Epoch 1961/3200 : Average Loss 0.0642. Test Loss 0.0660
Epoch 1962/3200 : Average Loss 0.0641. Test Loss 0.0658
Epoch 1963/3200 : Average Loss 0.0643. Test Loss 0.0673
Epoch 1964/3200 : Average Loss 0.0636. Test Loss 0.0659
Epoch 1965/3200 : Average Loss 0.0637. Test Loss 0.0672
Epoch 1966/3200 : Average Loss 0.0635. Test Loss 0.0677
Epoch 1967/3200 : Average Loss 0.0638. Test Loss 0.0655
Epoch 1968/3200 : Average Loss 0.0639. Test Loss 0.0673
Epoch 1969/3200 : Average Loss 0.0641. Test Loss 0.0658
Epoch 1970/3200 : Average Loss 0.0631. Test Loss 0.0666
Epoch 1971/3200 : Average Loss 0.0642. Test Loss 0.0665
Epoch 1972/3200 : Average Loss 0.0639. Test Loss 0.0656
Epoch 1973/3200 : Average Loss 0.0636. Test Loss 0.0641
Epoch 1974/3200 : Average Loss 0.0633. Test Loss 0.0675
Epoch 1975/3200 : Average Loss 0.0636. Test Loss 0.0664
Epoch 1976/3200 : Average Loss 0.0632. Test Loss 0.0672
Epoch 1977/3200 : Average Loss 0.0636. Test Loss 0.0669
Epoch 1978/3200 : Average Loss 0.0631. Test Loss 0.0673
Epoch 1979/3200 : Average Loss 0.0629. Test Loss 0.0670
Epoch 1980/3200 : Average Loss 0.0636. Test Loss 0.0663
Epoch 1981/3200 : Average Loss 0.0638. Test Loss 0.0650
Epoch 1982/3200 : Average Loss 0.0647. Test Loss 0.0683
Epoch 1983/3200 : Average Loss 0.0637. Test Loss 0.0684
Epoch 1984/3200 : Average Loss 0.0636. Test Loss 0.0677
Epoch 1985/3200 : Average Loss 0.0641. Test Loss 0.0653
Epoch 1986/3200 : Average Loss 0.0645. Test Loss 0.0674
Epoch 1987/3200 : Average Loss 0.0650. Test Loss 0.0659
Epoch 1988/3200 : Average Loss 0.0641. Test Loss 0.0658
Epoch 1989/3200 : Average Loss 0.0646. Test Loss 0.0682
Epoch 1990/3200 : Average Loss 0.0638. Test Loss 0.0673
Epoch 1991/3200 : Average Loss 0.0637. Test Loss 0.0675
Epoch 1992/3200 : Average Loss 0.0638. Test Loss 0.0665
Epoch 1993/3200 : Average Loss 0.0641. Test Loss 0.0689
Epoch 1994/3200 : Average Loss 0.0640. Test Loss 0.0703
Epoch 1995/3200 : Average Loss 0.0648. Test Loss 0.0656
Epoch 1996/3200 : Average Loss 0.0639. Test Loss 0.0682
Epoch 1997/3200 : Average Loss 0.0644. Test Loss 0.0661
Epoch 1998/3200 : Average Loss 0.0637. Test Loss 0.0671
Epoch 1999/3200 : Average Loss 0.0630. Test Loss 0.0664
Epoch 2000/3200 : Average Loss 0.0639. Test Loss 0.0663
Epoch 2001/3200 : Average Loss 0.0635. Test Loss 0.0675
Epoch 2002/3200 : Average Loss 0.0636. Test Loss 0.0684
Epoch 2003/3200 : Average Loss 0.0630. Test Loss 0.0661
Epoch 2004/3200 : Average Loss 0.0636. Test Loss 0.0663
Epoch 2005/3200 : Average Loss 0.0637. Test Loss 0.0659
Epoch 2006/3200 : Average Loss 0.0638. Test Loss 0.0682
Epoch 2007/3200 : Average Loss 0.0637. Test Loss 0.0675
Epoch 2008/3200 : Average Loss 0.0635. Test Loss 0.0676
Epoch 2009/3200 : Average Loss 0.0644. Test Loss 0.0660
Epoch 2010/3200 : Average Loss 0.0646. Test Loss 0.0674
Epoch 2011/3200 : Average Loss 0.0636. Test Loss 0.0669
Epoch 2012/3200 : Average Loss 0.0640. Test Loss 0.0677
Epoch 2013/3200 : Average Loss 0.0638. Test Loss 0.0659
Epoch 2014/3200 : Average Loss 0.0638. Test Loss 0.0666
Epoch 2015/3200 : Average Loss 0.0638. Test Loss 0.0647
Epoch 2016/3200 : Average Loss 0.0632. Test Loss 0.0658
Epoch 2017/3200 : Average Loss 0.0642. Test Loss 0.0688
Epoch 2018/3200 : Average Loss 0.0645. Test Loss 0.0677
Epoch 2019/3200 : Average Loss 0.0634. Test Loss 0.0658
Epoch 2020/3200 : Average Loss 0.0629. Test Loss 0.0675
Epoch 2021/3200 : Average Loss 0.0638. Test Loss 0.0662
Epoch 2022/3200 : Average Loss 0.0635. Test Loss 0.0671
Epoch 2023/3200 : Average Loss 0.0630. Test Loss 0.0660
Epoch 2024/3200 : Average Loss 0.0633. Test Loss 0.0659
Epoch 2025/3200 : Average Loss 0.0635. Test Loss 0.0660
Epoch 2026/3200 : Average Loss 0.0636. Test Loss 0.0648
Epoch 2027/3200 : Average Loss 0.0634. Test Loss 0.0664
Epoch 2028/3200 : Average Loss 0.0636. Test Loss 0.0693
Epoch 2029/3200 : Average Loss 0.0637. Test Loss 0.0685
Epoch 2030/3200 : Average Loss 0.0670. Test Loss 0.0665
Epoch 2031/3200 : Average Loss 0.0642. Test Loss 0.0680
Epoch 2032/3200 : Average Loss 0.0634. Test Loss 0.0660
Epoch 2033/3200 : Average Loss 0.0638. Test Loss 0.0667
Epoch 2034/3200 : Average Loss 0.0641. Test Loss 0.0668
Epoch 2035/3200 : Average Loss 0.0634. Test Loss 0.0671
Epoch 2036/3200 : Average Loss 0.0639. Test Loss 0.0645
Epoch 2037/3200 : Average Loss 0.0632. Test Loss 0.0659
Epoch 2038/3200 : Average Loss 0.0635. Test Loss 0.0657
Epoch 2039/3200 : Average Loss 0.0634. Test Loss 0.0666
Epoch 2040/3200 : Average Loss 0.0633. Test Loss 0.0670
Epoch 2041/3200 : Average Loss 0.0633. Test Loss 0.0677
Epoch 2042/3200 : Average Loss 0.0644. Test Loss 0.0705
Epoch 2043/3200 : Average Loss 0.0637. Test Loss 0.0661
Epoch 2044/3200 : Average Loss 0.0635. Test Loss 0.0717
Epoch 2045/3200 : Average Loss 0.0639. Test Loss 0.0700
Epoch 2046/3200 : Average Loss 0.0636. Test Loss 0.0667
Epoch 2047/3200 : Average Loss 0.0631. Test Loss 0.0652
Epoch 2048/3200 : Average Loss 0.0639. Test Loss 0.0658
Epoch 2049/3200 : Average Loss 0.0649. Test Loss 0.0674
Epoch 2050/3200 : Average Loss 0.0641. Test Loss 0.0669
Epoch 2051/3200 : Average Loss 0.0629. Test Loss 0.0675
Epoch 2052/3200 : Average Loss 0.0634. Test Loss 0.0674
Epoch 2053/3200 : Average Loss 0.0636. Test Loss 0.0662
Epoch 2054/3200 : Average Loss 0.0635. Test Loss 0.0690
Epoch 2055/3200 : Average Loss 0.0633. Test Loss 0.0668
Epoch 2056/3200 : Average Loss 0.0628. Test Loss 0.0676
Epoch 2057/3200 : Average Loss 0.0639. Test Loss 0.0671
Epoch 2058/3200 : Average Loss 0.0634. Test Loss 0.0683
Epoch 2059/3200 : Average Loss 0.0626. Test Loss 0.0675
Epoch 2060/3200 : Average Loss 0.0630. Test Loss 0.0662
Epoch 2061/3200 : Average Loss 0.0635. Test Loss 0.0700
Epoch 2062/3200 : Average Loss 0.0630. Test Loss 0.0681
Epoch 2063/3200 : Average Loss 0.0630. Test Loss 0.0671
Epoch 2064/3200 : Average Loss 0.0633. Test Loss 0.0664
Epoch 2065/3200 : Average Loss 0.0631. Test Loss 0.0693
Epoch 2066/3200 : Average Loss 0.0630. Test Loss 0.0648
Epoch 2067/3200 : Average Loss 0.0635. Test Loss 0.0663
Epoch 2068/3200 : Average Loss 0.0630. Test Loss 0.0664
Epoch 2069/3200 : Average Loss 0.0636. Test Loss 0.0690
Epoch 2070/3200 : Average Loss 0.0640. Test Loss 0.0684
Epoch 2071/3200 : Average Loss 0.0637. Test Loss 0.0677
Epoch 2072/3200 : Average Loss 0.0637. Test Loss 0.0644
Epoch 2073/3200 : Average Loss 0.0635. Test Loss 0.0673
Epoch 2074/3200 : Average Loss 0.0629. Test Loss 0.0659
Epoch 2075/3200 : Average Loss 0.0639. Test Loss 0.0681
Epoch 2076/3200 : Average Loss 0.0637. Test Loss 0.0672
Epoch 2077/3200 : Average Loss 0.0630. Test Loss 0.0653
Epoch 2078/3200 : Average Loss 0.0630. Test Loss 0.0679
Epoch 2079/3200 : Average Loss 0.0635. Test Loss 0.0691
Epoch 2080/3200 : Average Loss 0.0642. Test Loss 0.0664
Epoch 2081/3200 : Average Loss 0.0634. Test Loss 0.0664
Epoch 2082/3200 : Average Loss 0.0642. Test Loss 0.0677
Epoch 2083/3200 : Average Loss 0.0637. Test Loss 0.0653
Epoch 2084/3200 : Average Loss 0.0638. Test Loss 0.0675
Epoch 2085/3200 : Average Loss 0.0633. Test Loss 0.0658
Epoch 2086/3200 : Average Loss 0.0636. Test Loss 0.0691
Epoch 2087/3200 : Average Loss 0.0627. Test Loss 0.0681
Epoch 2088/3200 : Average Loss 0.0631. Test Loss 0.0653
Epoch 2089/3200 : Average Loss 0.0637. Test Loss 0.0641
Epoch 2090/3200 : Average Loss 0.0639. Test Loss 0.0689
Epoch 2091/3200 : Average Loss 0.0628. Test Loss 0.0669
Epoch 2092/3200 : Average Loss 0.0638. Test Loss 0.0662
Epoch 2093/3200 : Average Loss 0.0627. Test Loss 0.0683
Epoch 2094/3200 : Average Loss 0.0636. Test Loss 0.0711
Epoch 2095/3200 : Average Loss 0.0625. Test Loss 0.0666
Epoch 2096/3200 : Average Loss 0.0638. Test Loss 0.0679
Epoch 2097/3200 : Average Loss 0.0630. Test Loss 0.0660
Epoch 2098/3200 : Average Loss 0.0637. Test Loss 0.0661
Epoch 2099/3200 : Average Loss 0.0633. Test Loss 0.0664
Epoch 2100/3200 : Average Loss 0.0632. Test Loss 0.0647
Epoch 2101/3200 : Average Loss 0.0636. Test Loss 0.0669
Epoch 2102/3200 : Average Loss 0.0631. Test Loss 0.0645
Epoch 2103/3200 : Average Loss 0.0636. Test Loss 0.0670
Epoch 2104/3200 : Average Loss 0.0634. Test Loss 0.0664
Epoch 2105/3200 : Average Loss 0.0631. Test Loss 0.0660
Epoch 2106/3200 : Average Loss 0.0633. Test Loss 0.0682
Epoch 2107/3200 : Average Loss 0.0634. Test Loss 0.0676
Epoch 2108/3200 : Average Loss 0.0630. Test Loss 0.0650
Epoch 2109/3200 : Average Loss 0.0634. Test Loss 0.0668
Epoch 2110/3200 : Average Loss 0.0635. Test Loss 0.0672
Epoch 2111/3200 : Average Loss 0.0631. Test Loss 0.0675
Epoch 2112/3200 : Average Loss 0.0638. Test Loss 0.0680
Epoch 2113/3200 : Average Loss 0.0634. Test Loss 0.0660
Epoch 2114/3200 : Average Loss 0.0642. Test Loss 0.0661
Epoch 2115/3200 : Average Loss 0.0640. Test Loss 0.0660
Epoch 2116/3200 : Average Loss 0.0637. Test Loss 0.0663
Epoch 2117/3200 : Average Loss 0.0636. Test Loss 0.0656
Epoch 2118/3200 : Average Loss 0.0632. Test Loss 0.0655
Epoch 2119/3200 : Average Loss 0.0632. Test Loss 0.0669
Epoch 2120/3200 : Average Loss 0.0642. Test Loss 0.0667
Epoch 2121/3200 : Average Loss 0.0630. Test Loss 0.0672
Epoch 2122/3200 : Average Loss 0.0633. Test Loss 0.0651
Epoch 2123/3200 : Average Loss 0.0630. Test Loss 0.0675
Epoch 2124/3200 : Average Loss 0.0628. Test Loss 0.0668
Epoch 2125/3200 : Average Loss 0.0639. Test Loss 0.0672
Epoch 2126/3200 : Average Loss 0.0675. Test Loss 0.0674
Epoch 2127/3200 : Average Loss 0.0641. Test Loss 0.0654
Epoch 2128/3200 : Average Loss 0.0633. Test Loss 0.0669
Epoch 2129/3200 : Average Loss 0.0634. Test Loss 0.0683
Epoch 2130/3200 : Average Loss 0.0628. Test Loss 0.0666
Epoch 2131/3200 : Average Loss 0.0621. Test Loss 0.0696
Epoch 2132/3200 : Average Loss 0.0634. Test Loss 0.0669
Epoch 2133/3200 : Average Loss 0.0627. Test Loss 0.0676
Epoch 2134/3200 : Average Loss 0.0635. Test Loss 0.0653
Epoch 2135/3200 : Average Loss 0.0632. Test Loss 0.0663
Epoch 2136/3200 : Average Loss 0.0630. Test Loss 0.0655
Epoch 2137/3200 : Average Loss 0.0626. Test Loss 0.0672
Epoch 2138/3200 : Average Loss 0.0630. Test Loss 0.0679
Epoch 2139/3200 : Average Loss 0.0625. Test Loss 0.0665
Epoch 2140/3200 : Average Loss 0.0628. Test Loss 0.0658
Epoch 2141/3200 : Average Loss 0.0629. Test Loss 0.0672
Epoch 2142/3200 : Average Loss 0.0632. Test Loss 0.0679
Epoch 2143/3200 : Average Loss 0.0627. Test Loss 0.0669
Epoch 2144/3200 : Average Loss 0.0635. Test Loss 0.0659
Epoch 2145/3200 : Average Loss 0.0628. Test Loss 0.0691
Epoch 2146/3200 : Average Loss 0.0631. Test Loss 0.0671
Epoch 2147/3200 : Average Loss 0.0629. Test Loss 0.0682
Epoch 2148/3200 : Average Loss 0.0628. Test Loss 0.0678
Epoch 2149/3200 : Average Loss 0.0629. Test Loss 0.0645
Epoch 2150/3200 : Average Loss 0.0639. Test Loss 0.0655
Epoch 2151/3200 : Average Loss 0.0631. Test Loss 0.0674
Epoch 2152/3200 : Average Loss 0.0627. Test Loss 0.0638
Epoch 2153/3200 : Average Loss 0.0631. Test Loss 0.0658
Epoch 2154/3200 : Average Loss 0.0631. Test Loss 0.0682
Epoch 2155/3200 : Average Loss 0.0632. Test Loss 0.0658
Epoch 2156/3200 : Average Loss 0.0638. Test Loss 0.0671
Epoch 2157/3200 : Average Loss 0.0635. Test Loss 0.0695
Epoch 2158/3200 : Average Loss 0.0630. Test Loss 0.0667
Epoch 2159/3200 : Average Loss 0.0622. Test Loss 0.0649
Epoch 2160/3200 : Average Loss 0.0629. Test Loss 0.0664
Epoch 2161/3200 : Average Loss 0.0629. Test Loss 0.0658
Epoch 2162/3200 : Average Loss 0.0627. Test Loss 0.0691
Epoch 2163/3200 : Average Loss 0.0627. Test Loss 0.0676
Epoch 2164/3200 : Average Loss 0.0632. Test Loss 0.0662
Epoch 2165/3200 : Average Loss 0.0624. Test Loss 0.0654
Epoch 2166/3200 : Average Loss 0.0628. Test Loss 0.0686
Epoch 2167/3200 : Average Loss 0.0633. Test Loss 0.0654
Epoch 2168/3200 : Average Loss 0.0632. Test Loss 0.0664
Epoch 2169/3200 : Average Loss 0.0634. Test Loss 0.0659
Epoch 2170/3200 : Average Loss 0.0633. Test Loss 0.0666
Epoch 2171/3200 : Average Loss 0.0638. Test Loss 0.0654
Epoch 2172/3200 : Average Loss 0.0636. Test Loss 0.0686
Epoch 2173/3200 : Average Loss 0.0632. Test Loss 0.0661
Epoch 2174/3200 : Average Loss 0.0635. Test Loss 0.0708
Epoch 2175/3200 : Average Loss 0.0631. Test Loss 0.0659
Epoch 2176/3200 : Average Loss 0.0631. Test Loss 0.0678
Epoch 2177/3200 : Average Loss 0.0631. Test Loss 0.0688
Epoch 2178/3200 : Average Loss 0.0631. Test Loss 0.0645
Epoch 2179/3200 : Average Loss 0.0641. Test Loss 0.0649
Epoch 2180/3200 : Average Loss 0.0638. Test Loss 0.0682
Epoch 2181/3200 : Average Loss 0.0630. Test Loss 0.0675
Epoch 2182/3200 : Average Loss 0.0619. Test Loss 0.0655
Epoch 2183/3200 : Average Loss 0.0633. Test Loss 0.0662
Epoch 2184/3200 : Average Loss 0.0633. Test Loss 0.0675
Epoch 2185/3200 : Average Loss 0.0629. Test Loss 0.0673
Epoch 2186/3200 : Average Loss 0.0631. Test Loss 0.0666
Epoch 2187/3200 : Average Loss 0.0631. Test Loss 0.0671
Epoch 2188/3200 : Average Loss 0.0630. Test Loss 0.0631
Epoch 2189/3200 : Average Loss 0.0636. Test Loss 0.0665
Epoch 2190/3200 : Average Loss 0.0629. Test Loss 0.0647
Epoch 2191/3200 : Average Loss 0.0626. Test Loss 0.0634
Epoch 2192/3200 : Average Loss 0.0629. Test Loss 0.0654
Epoch 2193/3200 : Average Loss 0.0623. Test Loss 0.0648
Epoch 2194/3200 : Average Loss 0.0638. Test Loss 0.0682
Epoch 2195/3200 : Average Loss 0.0632. Test Loss 0.0648
Epoch 2196/3200 : Average Loss 0.0626. Test Loss 0.0652
Epoch 2197/3200 : Average Loss 0.0627. Test Loss 0.0657
Epoch 2198/3200 : Average Loss 0.0629. Test Loss 0.0667
Epoch 2199/3200 : Average Loss 0.0635. Test Loss 0.0669
Epoch 2200/3200 : Average Loss 0.0628. Test Loss 0.0655
Epoch 2201/3200 : Average Loss 0.0638. Test Loss 0.0658
Epoch 2202/3200 : Average Loss 0.0625. Test Loss 0.0701
Epoch 2203/3200 : Average Loss 0.0632. Test Loss 0.0672
Epoch 2204/3200 : Average Loss 0.0627. Test Loss 0.0664
Epoch 2205/3200 : Average Loss 0.0626. Test Loss 0.0683
Epoch 2206/3200 : Average Loss 0.0633. Test Loss 0.0688
Epoch 2207/3200 : Average Loss 0.0620. Test Loss 0.0670
Epoch 2208/3200 : Average Loss 0.0625. Test Loss 0.0664
Epoch 2209/3200 : Average Loss 0.0629. Test Loss 0.0645
Epoch 2210/3200 : Average Loss 0.0636. Test Loss 0.0650
Epoch 2211/3200 : Average Loss 0.0629. Test Loss 0.0652
Epoch 2212/3200 : Average Loss 0.0638. Test Loss 0.0658
Epoch 2213/3200 : Average Loss 0.0632. Test Loss 0.0661
Epoch 2214/3200 : Average Loss 0.0634. Test Loss 0.0678
Epoch 2215/3200 : Average Loss 0.0626. Test Loss 0.0658
Epoch 2216/3200 : Average Loss 0.0635. Test Loss 0.0648
Epoch 2217/3200 : Average Loss 0.0628. Test Loss 0.0659
Epoch 2218/3200 : Average Loss 0.0621. Test Loss 0.0653
Epoch 2219/3200 : Average Loss 0.0630. Test Loss 0.0652
Epoch 2220/3200 : Average Loss 0.0633. Test Loss 0.0709
Epoch 2221/3200 : Average Loss 0.0671. Test Loss 0.0683
Epoch 2222/3200 : Average Loss 0.0643. Test Loss 0.0664
Epoch 2223/3200 : Average Loss 0.0631. Test Loss 0.0655
Epoch 2224/3200 : Average Loss 0.0637. Test Loss 0.0656
Epoch 2225/3200 : Average Loss 0.0628. Test Loss 0.0665
Epoch 2226/3200 : Average Loss 0.0628. Test Loss 0.0653
Epoch 2227/3200 : Average Loss 0.0624. Test Loss 0.0657
Epoch 2228/3200 : Average Loss 0.0630. Test Loss 0.0692
Epoch 2229/3200 : Average Loss 0.0626. Test Loss 0.0685
Epoch 2230/3200 : Average Loss 0.0627. Test Loss 0.0703
Epoch 2231/3200 : Average Loss 0.0629. Test Loss 0.0656
Epoch 2232/3200 : Average Loss 0.0620. Test Loss 0.0696
Epoch 2233/3200 : Average Loss 0.0621. Test Loss 0.0666
Epoch 2234/3200 : Average Loss 0.0625. Test Loss 0.0650
Epoch 2235/3200 : Average Loss 0.0633. Test Loss 0.0670
Epoch 2236/3200 : Average Loss 0.0625. Test Loss 0.0641
Epoch 2237/3200 : Average Loss 0.0632. Test Loss 0.0647
Epoch 2238/3200 : Average Loss 0.0635. Test Loss 0.0664
Epoch 2239/3200 : Average Loss 0.0635. Test Loss 0.0656
Epoch 2240/3200 : Average Loss 0.0632. Test Loss 0.0662
Epoch 2241/3200 : Average Loss 0.0629. Test Loss 0.0679
Epoch 2242/3200 : Average Loss 0.0625. Test Loss 0.0641
Epoch 2243/3200 : Average Loss 0.0624. Test Loss 0.0693
Epoch 2244/3200 : Average Loss 0.0627. Test Loss 0.0670
Epoch 2245/3200 : Average Loss 0.0623. Test Loss 0.0636
Epoch 2246/3200 : Average Loss 0.0635. Test Loss 0.0695
Epoch 2247/3200 : Average Loss 0.0625. Test Loss 0.0680
Epoch 2248/3200 : Average Loss 0.0636. Test Loss 0.0671
Epoch 2249/3200 : Average Loss 0.0634. Test Loss 0.0690
Epoch 2250/3200 : Average Loss 0.0632. Test Loss 0.0665
Epoch 2251/3200 : Average Loss 0.0632. Test Loss 0.0635
Epoch 2252/3200 : Average Loss 0.0625. Test Loss 0.0660
Epoch 2253/3200 : Average Loss 0.0624. Test Loss 0.0640
Epoch 2254/3200 : Average Loss 0.0627. Test Loss 0.0675
Epoch 2255/3200 : Average Loss 0.0634. Test Loss 0.0669
Epoch 2256/3200 : Average Loss 0.0633. Test Loss 0.0648
Epoch 2257/3200 : Average Loss 0.0625. Test Loss 0.0727
Epoch 2258/3200 : Average Loss 0.0631. Test Loss 0.0657
Epoch 2259/3200 : Average Loss 0.0639. Test Loss 0.0681
Epoch 2260/3200 : Average Loss 0.0630. Test Loss 0.0662
Epoch 2261/3200 : Average Loss 0.0636. Test Loss 0.0657
Epoch 2262/3200 : Average Loss 0.0624. Test Loss 0.0658
Epoch 2263/3200 : Average Loss 0.0630. Test Loss 0.0649
Epoch 2264/3200 : Average Loss 0.0626. Test Loss 0.0649
Epoch 2265/3200 : Average Loss 0.0629. Test Loss 0.0650
Epoch 2266/3200 : Average Loss 0.0630. Test Loss 0.0666
Epoch 2267/3200 : Average Loss 0.0628. Test Loss 0.0648
Epoch 2268/3200 : Average Loss 0.0633. Test Loss 0.0657
Epoch 2269/3200 : Average Loss 0.0631. Test Loss 0.0665
Epoch 2270/3200 : Average Loss 0.0626. Test Loss 0.0653
Epoch 2271/3200 : Average Loss 0.0636. Test Loss 0.0666
Epoch 2272/3200 : Average Loss 0.0631. Test Loss 0.0668
Epoch 2273/3200 : Average Loss 0.0626. Test Loss 0.0654
Epoch 2274/3200 : Average Loss 0.0628. Test Loss 0.0639
Epoch 2275/3200 : Average Loss 0.0627. Test Loss 0.0662
Epoch 2276/3200 : Average Loss 0.0628. Test Loss 0.0657
Epoch 2277/3200 : Average Loss 0.0629. Test Loss 0.0665
Epoch 2278/3200 : Average Loss 0.0631. Test Loss 0.0631
Epoch 2279/3200 : Average Loss 0.0633. Test Loss 0.0652
Epoch 2280/3200 : Average Loss 0.0631. Test Loss 0.0673
Epoch 2281/3200 : Average Loss 0.0622. Test Loss 0.0638
Epoch 2282/3200 : Average Loss 0.0637. Test Loss 0.0658
Epoch 2283/3200 : Average Loss 0.0621. Test Loss 0.0647
Epoch 2284/3200 : Average Loss 0.0626. Test Loss 0.0646
Epoch 2285/3200 : Average Loss 0.0625. Test Loss 0.0667
Epoch 2286/3200 : Average Loss 0.0625. Test Loss 0.0643
Epoch 2287/3200 : Average Loss 0.0625. Test Loss 0.0647
Epoch 2288/3200 : Average Loss 0.0624. Test Loss 0.0654
Epoch 2289/3200 : Average Loss 0.0626. Test Loss 0.0681
Epoch 2290/3200 : Average Loss 0.0621. Test Loss 0.0660
Epoch 2291/3200 : Average Loss 0.0623. Test Loss 0.0661
Epoch 2292/3200 : Average Loss 0.0621. Test Loss 0.0648
Epoch 2293/3200 : Average Loss 0.0630. Test Loss 0.0643
Epoch 2294/3200 : Average Loss 0.0626. Test Loss 0.0659
Epoch 2295/3200 : Average Loss 0.0630. Test Loss 0.0657
Epoch 2296/3200 : Average Loss 0.0625. Test Loss 0.0692
Epoch 2297/3200 : Average Loss 0.0628. Test Loss 0.0643
Epoch 2298/3200 : Average Loss 0.0628. Test Loss 0.0643
Epoch 2299/3200 : Average Loss 0.0624. Test Loss 0.0665
Epoch 2300/3200 : Average Loss 0.0626. Test Loss 0.0681
Epoch 2301/3200 : Average Loss 0.0625. Test Loss 0.0663
Epoch 2302/3200 : Average Loss 0.0634. Test Loss 0.0669
Epoch 2303/3200 : Average Loss 0.0635. Test Loss 0.0632
Epoch 2304/3200 : Average Loss 0.0629. Test Loss 0.0645
Epoch 2305/3200 : Average Loss 0.0624. Test Loss 0.0636
Epoch 2306/3200 : Average Loss 0.0625. Test Loss 0.0656
Epoch 2307/3200 : Average Loss 0.0623. Test Loss 0.0662
Epoch 2308/3200 : Average Loss 0.0627. Test Loss 0.0674
Epoch 2309/3200 : Average Loss 0.0636. Test Loss 0.0649
Epoch 2310/3200 : Average Loss 0.0629. Test Loss 0.0667
Epoch 2311/3200 : Average Loss 0.0621. Test Loss 0.0647
Epoch 2312/3200 : Average Loss 0.0625. Test Loss 0.0705
Epoch 2313/3200 : Average Loss 0.0621. Test Loss 0.0657
Epoch 2314/3200 : Average Loss 0.0633. Test Loss 0.0650
Epoch 2315/3200 : Average Loss 0.0625. Test Loss 0.0663
Epoch 2316/3200 : Average Loss 0.0620. Test Loss 0.0688
Epoch 2317/3200 : Average Loss 0.0638. Test Loss 0.0655
Epoch 2318/3200 : Average Loss 0.0635. Test Loss 0.0670
Epoch 2319/3200 : Average Loss 0.0629. Test Loss 0.0664
Epoch 2320/3200 : Average Loss 0.0635. Test Loss 0.0672
Epoch 2321/3200 : Average Loss 0.0623. Test Loss 0.0665
Epoch 2322/3200 : Average Loss 0.0627. Test Loss 0.0640
Epoch 2323/3200 : Average Loss 0.0622. Test Loss 0.0655
Epoch 2324/3200 : Average Loss 0.0629. Test Loss 0.0671
Epoch 2325/3200 : Average Loss 0.0632. Test Loss 0.0638
Epoch 2326/3200 : Average Loss 0.0616. Test Loss 0.0659
Epoch 2327/3200 : Average Loss 0.0618. Test Loss 0.0640
Epoch 2328/3200 : Average Loss 0.0632. Test Loss 0.0649
Epoch 2329/3200 : Average Loss 0.0623. Test Loss 0.0654
Epoch 2330/3200 : Average Loss 0.0630. Test Loss 0.0670
Epoch 2331/3200 : Average Loss 0.0637. Test Loss 0.0644
Epoch 2332/3200 : Average Loss 0.0621. Test Loss 0.0631
Epoch 2333/3200 : Average Loss 0.0622. Test Loss 0.0646
Epoch 2334/3200 : Average Loss 0.0625. Test Loss 0.0650
Epoch 2335/3200 : Average Loss 0.0630. Test Loss 0.0661
Epoch 2336/3200 : Average Loss 0.0629. Test Loss 0.0662
Epoch 2337/3200 : Average Loss 0.0622. Test Loss 0.0629
Epoch 2338/3200 : Average Loss 0.0626. Test Loss 0.0655
Epoch 2339/3200 : Average Loss 0.0628. Test Loss 0.0646
Epoch 2340/3200 : Average Loss 0.0621. Test Loss 0.0637
Epoch 2341/3200 : Average Loss 0.0624. Test Loss 0.0699
Epoch 2342/3200 : Average Loss 0.0627. Test Loss 0.0661
Epoch 2343/3200 : Average Loss 0.0633. Test Loss 0.0693
Epoch 2344/3200 : Average Loss 0.0630. Test Loss 0.0655
Epoch 2345/3200 : Average Loss 0.0628. Test Loss 0.0654
Epoch 2346/3200 : Average Loss 0.0624. Test Loss 0.0668
Epoch 2347/3200 : Average Loss 0.0626. Test Loss 0.0667
Epoch 2348/3200 : Average Loss 0.0628. Test Loss 0.0639
Epoch 2349/3200 : Average Loss 0.0626. Test Loss 0.0662
Epoch 2350/3200 : Average Loss 0.0629. Test Loss 0.0659
Epoch 2351/3200 : Average Loss 0.0625. Test Loss 0.0638
Epoch 2352/3200 : Average Loss 0.0631. Test Loss 0.0668
Epoch 2353/3200 : Average Loss 0.0625. Test Loss 0.0655
Epoch 2354/3200 : Average Loss 0.0623. Test Loss 0.0666
Epoch 2355/3200 : Average Loss 0.0623. Test Loss 0.0642
Epoch 2356/3200 : Average Loss 0.0624. Test Loss 0.0644
Epoch 2357/3200 : Average Loss 0.0628. Test Loss 0.0673
Epoch 2358/3200 : Average Loss 0.0627. Test Loss 0.0665
Epoch 2359/3200 : Average Loss 0.0621. Test Loss 0.0704
Epoch 2360/3200 : Average Loss 0.0626. Test Loss 0.0675
Epoch 2361/3200 : Average Loss 0.0623. Test Loss 0.0674
Epoch 2362/3200 : Average Loss 0.0620. Test Loss 0.0640
Epoch 2363/3200 : Average Loss 0.0632. Test Loss 0.0641
Epoch 2364/3200 : Average Loss 0.0629. Test Loss 0.0641
Epoch 2365/3200 : Average Loss 0.0615. Test Loss 0.0676
Epoch 2366/3200 : Average Loss 0.0624. Test Loss 0.0651
Epoch 2367/3200 : Average Loss 0.0627. Test Loss 0.0649
Epoch 2368/3200 : Average Loss 0.0621. Test Loss 0.0635
Epoch 2369/3200 : Average Loss 0.0620. Test Loss 0.0673
Epoch 2370/3200 : Average Loss 0.0621. Test Loss 0.0634
Epoch 2371/3200 : Average Loss 0.0621. Test Loss 0.0694
Epoch 2372/3200 : Average Loss 0.0622. Test Loss 0.0646
Epoch 2373/3200 : Average Loss 0.0636. Test Loss 0.0670
Epoch 2374/3200 : Average Loss 0.0628. Test Loss 0.0627
Epoch 2375/3200 : Average Loss 0.0622. Test Loss 0.0666
Epoch 2376/3200 : Average Loss 0.0625. Test Loss 0.0642
Epoch 2377/3200 : Average Loss 0.0625. Test Loss 0.0642
Epoch 2378/3200 : Average Loss 0.0623. Test Loss 0.0646
Epoch 2379/3200 : Average Loss 0.0617. Test Loss 0.0645
Epoch 2380/3200 : Average Loss 0.0621. Test Loss 0.0620
Epoch 2381/3200 : Average Loss 0.0623. Test Loss 0.0653
Epoch 2382/3200 : Average Loss 0.0627. Test Loss 0.0645
Epoch 2383/3200 : Average Loss 0.0623. Test Loss 0.0676
Epoch 2384/3200 : Average Loss 0.0630. Test Loss 0.0692
Epoch 2385/3200 : Average Loss 0.0626. Test Loss 0.0668
Epoch 2386/3200 : Average Loss 0.0629. Test Loss 0.0655
Epoch 2387/3200 : Average Loss 0.0613. Test Loss 0.0623
Epoch 2388/3200 : Average Loss 0.0619. Test Loss 0.0679
Epoch 2389/3200 : Average Loss 0.0627. Test Loss 0.0659
Epoch 2390/3200 : Average Loss 0.0623. Test Loss 0.0652
Epoch 2391/3200 : Average Loss 0.0624. Test Loss 0.0643
Epoch 2392/3200 : Average Loss 0.0623. Test Loss 0.0649
Epoch 2393/3200 : Average Loss 0.0623. Test Loss 0.0647
Epoch 2394/3200 : Average Loss 0.0616. Test Loss 0.0674
Epoch 2395/3200 : Average Loss 0.0618. Test Loss 0.0642
Epoch 2396/3200 : Average Loss 0.0619. Test Loss 0.0661
Epoch 2397/3200 : Average Loss 0.0623. Test Loss 0.0646
Epoch 2398/3200 : Average Loss 0.0626. Test Loss 0.0650
Epoch 2399/3200 : Average Loss 0.0621. Test Loss 0.0641
Epoch 2400/3200 : Average Loss 0.0624. Test Loss 0.0664
Epoch 2401/3200 : Average Loss 0.0625. Test Loss 0.0670
Epoch 2402/3200 : Average Loss 0.0636. Test Loss 0.0636
Epoch 2403/3200 : Average Loss 0.0624. Test Loss 0.0644
Epoch 2404/3200 : Average Loss 0.0618. Test Loss 0.0656
Epoch 2405/3200 : Average Loss 0.0626. Test Loss 0.0636
Epoch 2406/3200 : Average Loss 0.0623. Test Loss 0.0666
Epoch 2407/3200 : Average Loss 0.0631. Test Loss 0.0683
Epoch 2408/3200 : Average Loss 0.0625. Test Loss 0.0653
Epoch 2409/3200 : Average Loss 0.0635. Test Loss 0.0699
Epoch 2410/3200 : Average Loss 0.0650. Test Loss 0.0681
Epoch 2411/3200 : Average Loss 0.0635. Test Loss 0.0665
Epoch 2412/3200 : Average Loss 0.0634. Test Loss 0.0665
Epoch 2413/3200 : Average Loss 0.0631. Test Loss 0.0675
Epoch 2414/3200 : Average Loss 0.0623. Test Loss 0.0646
Epoch 2415/3200 : Average Loss 0.0623. Test Loss 0.0647
Epoch 2416/3200 : Average Loss 0.0620. Test Loss 0.0648
Epoch 2417/3200 : Average Loss 0.0627. Test Loss 0.0654
Epoch 2418/3200 : Average Loss 0.0617. Test Loss 0.0668
Epoch 2419/3200 : Average Loss 0.0626. Test Loss 0.0677
Epoch 2420/3200 : Average Loss 0.0621. Test Loss 0.0655
Epoch 2421/3200 : Average Loss 0.0623. Test Loss 0.0663
Epoch 2422/3200 : Average Loss 0.0625. Test Loss 0.0673
Epoch 2423/3200 : Average Loss 0.0619. Test Loss 0.0640
Epoch 2424/3200 : Average Loss 0.0633. Test Loss 0.0657
Epoch 2425/3200 : Average Loss 0.0628. Test Loss 0.0636
Epoch 2426/3200 : Average Loss 0.0616. Test Loss 0.0676
Epoch 2427/3200 : Average Loss 0.0622. Test Loss 0.0659
Epoch 2428/3200 : Average Loss 0.0626. Test Loss 0.0640
Epoch 2429/3200 : Average Loss 0.0632. Test Loss 0.0656
Epoch 2430/3200 : Average Loss 0.0630. Test Loss 0.0677
Epoch 2431/3200 : Average Loss 0.0623. Test Loss 0.0647
Epoch 2432/3200 : Average Loss 0.0624. Test Loss 0.0636
Epoch 2433/3200 : Average Loss 0.0623. Test Loss 0.0626
Epoch 2434/3200 : Average Loss 0.0628. Test Loss 0.0652
Epoch 2435/3200 : Average Loss 0.0624. Test Loss 0.0658
Epoch 2436/3200 : Average Loss 0.0628. Test Loss 0.0642
Epoch 2437/3200 : Average Loss 0.0619. Test Loss 0.0637
Epoch 2438/3200 : Average Loss 0.0623. Test Loss 0.0640
Epoch 2439/3200 : Average Loss 0.0617. Test Loss 0.0672
Epoch 2440/3200 : Average Loss 0.0628. Test Loss 0.0641
Epoch 2441/3200 : Average Loss 0.0619. Test Loss 0.0677
Epoch 2442/3200 : Average Loss 0.0628. Test Loss 0.0649
Epoch 2443/3200 : Average Loss 0.0629. Test Loss 0.0645
Epoch 2444/3200 : Average Loss 0.0627. Test Loss 0.0634
Epoch 2445/3200 : Average Loss 0.0623. Test Loss 0.0664
Epoch 2446/3200 : Average Loss 0.0621. Test Loss 0.0668
Epoch 2447/3200 : Average Loss 0.0618. Test Loss 0.0646
Epoch 2448/3200 : Average Loss 0.0629. Test Loss 0.0636
Epoch 2449/3200 : Average Loss 0.0623. Test Loss 0.0684
Epoch 2450/3200 : Average Loss 0.0628. Test Loss 0.0659
Epoch 2451/3200 : Average Loss 0.0630. Test Loss 0.0657
Epoch 2452/3200 : Average Loss 0.0627. Test Loss 0.0645
Epoch 2453/3200 : Average Loss 0.0618. Test Loss 0.0659
Epoch 2454/3200 : Average Loss 0.0621. Test Loss 0.0652
Epoch 2455/3200 : Average Loss 0.0619. Test Loss 0.0646
Epoch 2456/3200 : Average Loss 0.0621. Test Loss 0.0659
Epoch 2457/3200 : Average Loss 0.0620. Test Loss 0.0658
Epoch 2458/3200 : Average Loss 0.0626. Test Loss 0.0654
Epoch 2459/3200 : Average Loss 0.0625. Test Loss 0.0646
Epoch 2460/3200 : Average Loss 0.0619. Test Loss 0.0652
Epoch 2461/3200 : Average Loss 0.0621. Test Loss 0.0659
Epoch 2462/3200 : Average Loss 0.0620. Test Loss 0.0630
Epoch 2463/3200 : Average Loss 0.0624. Test Loss 0.0657
Epoch 2464/3200 : Average Loss 0.0628. Test Loss 0.0656
Epoch 2465/3200 : Average Loss 0.0619. Test Loss 0.0649
Epoch 2466/3200 : Average Loss 0.0624. Test Loss 0.0646
Epoch 2467/3200 : Average Loss 0.0618. Test Loss 0.0641
Epoch 2468/3200 : Average Loss 0.0618. Test Loss 0.0658
Epoch 2469/3200 : Average Loss 0.0621. Test Loss 0.0640
Epoch 2470/3200 : Average Loss 0.0625. Test Loss 0.0632
Epoch 2471/3200 : Average Loss 0.0625. Test Loss 0.0669
Epoch 2472/3200 : Average Loss 0.0622. Test Loss 0.0649
Epoch 2473/3200 : Average Loss 0.0620. Test Loss 0.0656
Epoch 2474/3200 : Average Loss 0.0622. Test Loss 0.0658
Epoch 2475/3200 : Average Loss 0.0625. Test Loss 0.0654
Epoch 2476/3200 : Average Loss 0.0618. Test Loss 0.0645
Epoch 2477/3200 : Average Loss 0.0620. Test Loss 0.0677
Epoch 2478/3200 : Average Loss 0.0619. Test Loss 0.0662
Epoch 2479/3200 : Average Loss 0.0620. Test Loss 0.0650
Epoch 2480/3200 : Average Loss 0.0621. Test Loss 0.0652
Epoch 2481/3200 : Average Loss 0.0619. Test Loss 0.0659
Epoch 2482/3200 : Average Loss 0.0621. Test Loss 0.0661
Epoch 2483/3200 : Average Loss 0.0625. Test Loss 0.0688
Epoch 2484/3200 : Average Loss 0.0621. Test Loss 0.0647
Epoch 2485/3200 : Average Loss 0.0615. Test Loss 0.0664
Epoch 2486/3200 : Average Loss 0.0622. Test Loss 0.0643
Epoch 2487/3200 : Average Loss 0.0623. Test Loss 0.0647
Epoch 2488/3200 : Average Loss 0.0620. Test Loss 0.0636
Epoch 2489/3200 : Average Loss 0.0622. Test Loss 0.0646
Epoch 2490/3200 : Average Loss 0.0626. Test Loss 0.0666
Epoch 2491/3200 : Average Loss 0.0624. Test Loss 0.0635
Epoch 2492/3200 : Average Loss 0.0622. Test Loss 0.0662
Epoch 2493/3200 : Average Loss 0.0617. Test Loss 0.0660
Epoch 2494/3200 : Average Loss 0.0617. Test Loss 0.0658
Epoch 2495/3200 : Average Loss 0.0621. Test Loss 0.0629
Epoch 2496/3200 : Average Loss 0.0615. Test Loss 0.0644
Epoch 2497/3200 : Average Loss 0.0623. Test Loss 0.0665
Epoch 2498/3200 : Average Loss 0.0623. Test Loss 0.0630
Epoch 2499/3200 : Average Loss 0.0624. Test Loss 0.0641
Epoch 2500/3200 : Average Loss 0.0619. Test Loss 0.0638
Epoch 2501/3200 : Average Loss 0.0613. Test Loss 0.0651
Epoch 2502/3200 : Average Loss 0.0619. Test Loss 0.0658
Epoch 2503/3200 : Average Loss 0.0622. Test Loss 0.0648
Epoch 2504/3200 : Average Loss 0.0622. Test Loss 0.0656
Epoch 2505/3200 : Average Loss 0.0624. Test Loss 0.0632
Epoch 2506/3200 : Average Loss 0.0622. Test Loss 0.0656
Epoch 2507/3200 : Average Loss 0.0616. Test Loss 0.0647
Epoch 2508/3200 : Average Loss 0.0622. Test Loss 0.0662
Epoch 2509/3200 : Average Loss 0.0619. Test Loss 0.0661
Epoch 2510/3200 : Average Loss 0.0619. Test Loss 0.0670
Epoch 2511/3200 : Average Loss 0.0623. Test Loss 0.0653
Epoch 2512/3200 : Average Loss 0.0619. Test Loss 0.0661
Epoch 2513/3200 : Average Loss 0.0628. Test Loss 0.0646
Epoch 2514/3200 : Average Loss 0.0623. Test Loss 0.0627
Epoch 2515/3200 : Average Loss 0.0620. Test Loss 0.0652
Epoch 2516/3200 : Average Loss 0.0624. Test Loss 0.0658
Epoch 2517/3200 : Average Loss 0.0636. Test Loss 0.0654
Epoch 2518/3200 : Average Loss 0.0620. Test Loss 0.0646
Epoch 2519/3200 : Average Loss 0.0615. Test Loss 0.0648
Epoch 2520/3200 : Average Loss 0.0616. Test Loss 0.0666
Epoch 2521/3200 : Average Loss 0.0617. Test Loss 0.0654
Epoch 2522/3200 : Average Loss 0.0619. Test Loss 0.0669
Epoch 2523/3200 : Average Loss 0.0623. Test Loss 0.0641
Epoch 2524/3200 : Average Loss 0.0632. Test Loss 0.0673
Epoch 2525/3200 : Average Loss 0.0622. Test Loss 0.0654
Epoch 2526/3200 : Average Loss 0.0629. Test Loss 0.0688
Epoch 2527/3200 : Average Loss 0.0621. Test Loss 0.0628
Epoch 2528/3200 : Average Loss 0.0625. Test Loss 0.0650
Epoch 2529/3200 : Average Loss 0.0625. Test Loss 0.0638
Epoch 2530/3200 : Average Loss 0.0614. Test Loss 0.0636
Epoch 2531/3200 : Average Loss 0.0621. Test Loss 0.0637
Epoch 2532/3200 : Average Loss 0.0620. Test Loss 0.0650
Epoch 2533/3200 : Average Loss 0.0625. Test Loss 0.0668
Epoch 2534/3200 : Average Loss 0.0620. Test Loss 0.0682
Epoch 2535/3200 : Average Loss 0.0620. Test Loss 0.0648
Epoch 2536/3200 : Average Loss 0.0622. Test Loss 0.0668
Epoch 2537/3200 : Average Loss 0.0624. Test Loss 0.0653
Epoch 2538/3200 : Average Loss 0.0620. Test Loss 0.0658
Epoch 2539/3200 : Average Loss 0.0619. Test Loss 0.0643
Epoch 2540/3200 : Average Loss 0.0614. Test Loss 0.0651
Epoch 2541/3200 : Average Loss 0.0625. Test Loss 0.0644
Epoch 2542/3200 : Average Loss 0.0621. Test Loss 0.0642
Epoch 2543/3200 : Average Loss 0.0612. Test Loss 0.0636
Epoch 2544/3200 : Average Loss 0.0624. Test Loss 0.0649
Epoch 2545/3200 : Average Loss 0.0613. Test Loss 0.0654
Epoch 2546/3200 : Average Loss 0.0622. Test Loss 0.0649
Epoch 2547/3200 : Average Loss 0.0615. Test Loss 0.0681
Epoch 2548/3200 : Average Loss 0.0616. Test Loss 0.0664
Epoch 2549/3200 : Average Loss 0.0620. Test Loss 0.0654
Epoch 2550/3200 : Average Loss 0.0620. Test Loss 0.0649
Epoch 2551/3200 : Average Loss 0.0622. Test Loss 0.0662
Epoch 2552/3200 : Average Loss 0.0618. Test Loss 0.0639
Epoch 2553/3200 : Average Loss 0.0617. Test Loss 0.0644
Epoch 2554/3200 : Average Loss 0.0620. Test Loss 0.0667
Epoch 2555/3200 : Average Loss 0.0616. Test Loss 0.0644
Epoch 2556/3200 : Average Loss 0.0615. Test Loss 0.0661
Epoch 2557/3200 : Average Loss 0.0624. Test Loss 0.0691
Epoch 2558/3200 : Average Loss 0.0615. Test Loss 0.0656
Epoch 2559/3200 : Average Loss 0.0617. Test Loss 0.0653
Epoch 2560/3200 : Average Loss 0.0615. Test Loss 0.0645
Epoch 2561/3200 : Average Loss 0.0618. Test Loss 0.0620
Epoch 2562/3200 : Average Loss 0.0622. Test Loss 0.0661
Epoch 2563/3200 : Average Loss 0.0615. Test Loss 0.0634
Epoch 2564/3200 : Average Loss 0.0613. Test Loss 0.0660
Epoch 2565/3200 : Average Loss 0.0621. Test Loss 0.0640
Epoch 2566/3200 : Average Loss 0.0615. Test Loss 0.0640
Epoch 2567/3200 : Average Loss 0.0625. Test Loss 0.0656
Epoch 2568/3200 : Average Loss 0.0630. Test Loss 0.0660
Epoch 2569/3200 : Average Loss 0.0616. Test Loss 0.0642
Epoch 2570/3200 : Average Loss 0.0615. Test Loss 0.0628
Epoch 2571/3200 : Average Loss 0.0622. Test Loss 0.0674
Epoch 2572/3200 : Average Loss 0.0624. Test Loss 0.0647
Epoch 2573/3200 : Average Loss 0.0617. Test Loss 0.0644
Epoch 2574/3200 : Average Loss 0.0618. Test Loss 0.0656
Epoch 2575/3200 : Average Loss 0.0620. Test Loss 0.0641
Epoch 2576/3200 : Average Loss 0.0620. Test Loss 0.0647
Epoch 2577/3200 : Average Loss 0.0620. Test Loss 0.0660
Epoch 2578/3200 : Average Loss 0.0620. Test Loss 0.0644
Epoch 2579/3200 : Average Loss 0.0621. Test Loss 0.0639
Epoch 2580/3200 : Average Loss 0.0621. Test Loss 0.0643
Epoch 2581/3200 : Average Loss 0.0624. Test Loss 0.0630
Epoch 2582/3200 : Average Loss 0.0615. Test Loss 0.0692
Epoch 2583/3200 : Average Loss 0.0624. Test Loss 0.0646
Epoch 2584/3200 : Average Loss 0.0621. Test Loss 0.0658
Epoch 2585/3200 : Average Loss 0.0620. Test Loss 0.0632
Epoch 2586/3200 : Average Loss 0.0618. Test Loss 0.0643
Epoch 2587/3200 : Average Loss 0.0622. Test Loss 0.0652
Epoch 2588/3200 : Average Loss 0.0616. Test Loss 0.0670
Epoch 2589/3200 : Average Loss 0.0619. Test Loss 0.0664
Epoch 2590/3200 : Average Loss 0.0620. Test Loss 0.0653
Epoch 2591/3200 : Average Loss 0.0614. Test Loss 0.0668
Epoch 2592/3200 : Average Loss 0.0619. Test Loss 0.0650
Epoch 2593/3200 : Average Loss 0.0617. Test Loss 0.0656
Epoch 2594/3200 : Average Loss 0.0614. Test Loss 0.0683
Epoch 2595/3200 : Average Loss 0.0619. Test Loss 0.0634
Epoch 2596/3200 : Average Loss 0.0616. Test Loss 0.0634
Epoch 2597/3200 : Average Loss 0.0618. Test Loss 0.0645
Epoch 2598/3200 : Average Loss 0.0611. Test Loss 0.0655
Epoch 2599/3200 : Average Loss 0.0619. Test Loss 0.0628
Epoch 2600/3200 : Average Loss 0.0611. Test Loss 0.0667
Epoch 2601/3200 : Average Loss 0.0649. Test Loss 0.0649
Epoch 2602/3200 : Average Loss 0.0621. Test Loss 0.0632
Epoch 2603/3200 : Average Loss 0.0617. Test Loss 0.0643
Epoch 2604/3200 : Average Loss 0.0623. Test Loss 0.0667
Epoch 2605/3200 : Average Loss 0.0616. Test Loss 0.0635
Epoch 2606/3200 : Average Loss 0.0619. Test Loss 0.0665
Epoch 2607/3200 : Average Loss 0.0621. Test Loss 0.0654
Epoch 2608/3200 : Average Loss 0.0620. Test Loss 0.0652
Epoch 2609/3200 : Average Loss 0.0618. Test Loss 0.0666
Epoch 2610/3200 : Average Loss 0.0616. Test Loss 0.0639
Epoch 2611/3200 : Average Loss 0.0623. Test Loss 0.0663
Epoch 2612/3200 : Average Loss 0.0626. Test Loss 0.0665
Epoch 2613/3200 : Average Loss 0.0624. Test Loss 0.0632
Epoch 2614/3200 : Average Loss 0.0617. Test Loss 0.0627
Epoch 2615/3200 : Average Loss 0.0616. Test Loss 0.0676
Epoch 2616/3200 : Average Loss 0.0616. Test Loss 0.0675
Epoch 2617/3200 : Average Loss 0.0610. Test Loss 0.0627
Epoch 2618/3200 : Average Loss 0.0614. Test Loss 0.0639
Epoch 2619/3200 : Average Loss 0.0614. Test Loss 0.0637
Epoch 2620/3200 : Average Loss 0.0619. Test Loss 0.0648
Epoch 2621/3200 : Average Loss 0.0626. Test Loss 0.0623
Epoch 2622/3200 : Average Loss 0.0611. Test Loss 0.0658
Epoch 2623/3200 : Average Loss 0.0612. Test Loss 0.0649
Epoch 2624/3200 : Average Loss 0.0616. Test Loss 0.0631
Epoch 2625/3200 : Average Loss 0.0615. Test Loss 0.0656
Epoch 2626/3200 : Average Loss 0.0619. Test Loss 0.0626
Epoch 2627/3200 : Average Loss 0.0614. Test Loss 0.0663
Epoch 2628/3200 : Average Loss 0.0616. Test Loss 0.0661
Epoch 2629/3200 : Average Loss 0.0632. Test Loss 0.0654
Epoch 2630/3200 : Average Loss 0.0619. Test Loss 0.0631
Epoch 2631/3200 : Average Loss 0.0617. Test Loss 0.0636
Epoch 2632/3200 : Average Loss 0.0624. Test Loss 0.0675
Epoch 2633/3200 : Average Loss 0.0620. Test Loss 0.0678
Epoch 2634/3200 : Average Loss 0.0621. Test Loss 0.0658
Epoch 2635/3200 : Average Loss 0.0622. Test Loss 0.0654
Epoch 2636/3200 : Average Loss 0.0621. Test Loss 0.0673
Epoch 2637/3200 : Average Loss 0.0611. Test Loss 0.0659
Epoch 2638/3200 : Average Loss 0.0612. Test Loss 0.0652
Epoch 2639/3200 : Average Loss 0.0615. Test Loss 0.0647
Epoch 2640/3200 : Average Loss 0.0617. Test Loss 0.0679
Epoch 2641/3200 : Average Loss 0.0618. Test Loss 0.0656
Epoch 2642/3200 : Average Loss 0.0620. Test Loss 0.0659
Epoch 2643/3200 : Average Loss 0.0616. Test Loss 0.0638
Epoch 2644/3200 : Average Loss 0.0613. Test Loss 0.0652
Epoch 2645/3200 : Average Loss 0.0611. Test Loss 0.0645
Epoch 2646/3200 : Average Loss 0.0620. Test Loss 0.0629
Epoch 2647/3200 : Average Loss 0.0608. Test Loss 0.0675
Epoch 2648/3200 : Average Loss 0.0613. Test Loss 0.0652
Epoch 2649/3200 : Average Loss 0.0616. Test Loss 0.0645
Epoch 2650/3200 : Average Loss 0.0616. Test Loss 0.0642
Epoch 2651/3200 : Average Loss 0.0619. Test Loss 0.0660
Epoch 2652/3200 : Average Loss 0.0619. Test Loss 0.0643
Epoch 2653/3200 : Average Loss 0.0619. Test Loss 0.0683
Epoch 2654/3200 : Average Loss 0.0620. Test Loss 0.0648
Epoch 2655/3200 : Average Loss 0.0620. Test Loss 0.0657
Epoch 2656/3200 : Average Loss 0.0616. Test Loss 0.0648
Epoch 2657/3200 : Average Loss 0.0615. Test Loss 0.0668
Epoch 2658/3200 : Average Loss 0.0614. Test Loss 0.0666
Epoch 2659/3200 : Average Loss 0.0613. Test Loss 0.0655
Epoch 2660/3200 : Average Loss 0.0616. Test Loss 0.0632
Epoch 2661/3200 : Average Loss 0.0613. Test Loss 0.0674
Epoch 2662/3200 : Average Loss 0.0609. Test Loss 0.0652
Epoch 2663/3200 : Average Loss 0.0616. Test Loss 0.0642
Epoch 2664/3200 : Average Loss 0.0616. Test Loss 0.0662
Epoch 2665/3200 : Average Loss 0.0616. Test Loss 0.0642
Epoch 2666/3200 : Average Loss 0.0612. Test Loss 0.0656
Epoch 2667/3200 : Average Loss 0.0619. Test Loss 0.0664
Epoch 2668/3200 : Average Loss 0.0623. Test Loss 0.0649
Epoch 2669/3200 : Average Loss 0.0620. Test Loss 0.0631
Epoch 2670/3200 : Average Loss 0.0619. Test Loss 0.0647
Epoch 2671/3200 : Average Loss 0.0623. Test Loss 0.0654
Epoch 2672/3200 : Average Loss 0.0619. Test Loss 0.0637
Epoch 2673/3200 : Average Loss 0.0627. Test Loss 0.0680
Epoch 2674/3200 : Average Loss 0.0623. Test Loss 0.0652
Epoch 2675/3200 : Average Loss 0.0613. Test Loss 0.0674
Epoch 2676/3200 : Average Loss 0.0619. Test Loss 0.0672
Epoch 2677/3200 : Average Loss 0.0613. Test Loss 0.0648
Epoch 2678/3200 : Average Loss 0.0615. Test Loss 0.0645
Epoch 2679/3200 : Average Loss 0.0614. Test Loss 0.0628
Epoch 2680/3200 : Average Loss 0.0614. Test Loss 0.0650
Epoch 2681/3200 : Average Loss 0.0619. Test Loss 0.0638
Epoch 2682/3200 : Average Loss 0.0618. Test Loss 0.0647
Epoch 2683/3200 : Average Loss 0.0617. Test Loss 0.0651
Epoch 2684/3200 : Average Loss 0.0620. Test Loss 0.0651
Epoch 2685/3200 : Average Loss 0.0615. Test Loss 0.0623
Epoch 2686/3200 : Average Loss 0.0615. Test Loss 0.0637
Epoch 2687/3200 : Average Loss 0.0617. Test Loss 0.0665
Epoch 2688/3200 : Average Loss 0.0617. Test Loss 0.0661
Epoch 2689/3200 : Average Loss 0.0619. Test Loss 0.0632
Epoch 2690/3200 : Average Loss 0.0619. Test Loss 0.0627
Epoch 2691/3200 : Average Loss 0.0624. Test Loss 0.0633
Epoch 2692/3200 : Average Loss 0.0613. Test Loss 0.0658
Epoch 2693/3200 : Average Loss 0.0635. Test Loss 0.0651
Epoch 2694/3200 : Average Loss 0.0616. Test Loss 0.0646
Epoch 2695/3200 : Average Loss 0.0617. Test Loss 0.0648
Epoch 2696/3200 : Average Loss 0.0619. Test Loss 0.0659
Epoch 2697/3200 : Average Loss 0.0621. Test Loss 0.0638
Epoch 2698/3200 : Average Loss 0.0613. Test Loss 0.0628
Epoch 2699/3200 : Average Loss 0.0623. Test Loss 0.0662
Epoch 2700/3200 : Average Loss 0.0616. Test Loss 0.0646
Epoch 2701/3200 : Average Loss 0.0608. Test Loss 0.0649
Epoch 2702/3200 : Average Loss 0.0615. Test Loss 0.0660
Epoch 2703/3200 : Average Loss 0.0618. Test Loss 0.0667
Epoch 2704/3200 : Average Loss 0.0609. Test Loss 0.0691
Epoch 2705/3200 : Average Loss 0.0612. Test Loss 0.0653
Epoch 2706/3200 : Average Loss 0.0635. Test Loss 0.0655
Epoch 2707/3200 : Average Loss 0.0615. Test Loss 0.0655
Epoch 2708/3200 : Average Loss 0.0618. Test Loss 0.0667
Epoch 2709/3200 : Average Loss 0.0613. Test Loss 0.0657
Epoch 2710/3200 : Average Loss 0.0621. Test Loss 0.0658
Epoch 2711/3200 : Average Loss 0.0618. Test Loss 0.0635
Epoch 2712/3200 : Average Loss 0.0612. Test Loss 0.0645
Epoch 2713/3200 : Average Loss 0.0615. Test Loss 0.0646
Epoch 2714/3200 : Average Loss 0.0621. Test Loss 0.0643
Epoch 2715/3200 : Average Loss 0.0609. Test Loss 0.0658
Epoch 2716/3200 : Average Loss 0.0612. Test Loss 0.0623
Epoch 2717/3200 : Average Loss 0.0614. Test Loss 0.0620
Epoch 2718/3200 : Average Loss 0.0612. Test Loss 0.0654
Epoch 2719/3200 : Average Loss 0.0617. Test Loss 0.0634
Epoch 2720/3200 : Average Loss 0.0616. Test Loss 0.0678
Epoch 2721/3200 : Average Loss 0.0616. Test Loss 0.0662
Epoch 2722/3200 : Average Loss 0.0622. Test Loss 0.0645
Epoch 2723/3200 : Average Loss 0.0613. Test Loss 0.0645
Epoch 2724/3200 : Average Loss 0.0611. Test Loss 0.0623
Epoch 2725/3200 : Average Loss 0.0610. Test Loss 0.0639
Epoch 2726/3200 : Average Loss 0.0617. Test Loss 0.0637
Epoch 2727/3200 : Average Loss 0.0620. Test Loss 0.0654
Epoch 2728/3200 : Average Loss 0.0618. Test Loss 0.0651
Epoch 2729/3200 : Average Loss 0.0622. Test Loss 0.0661
Epoch 2730/3200 : Average Loss 0.0614. Test Loss 0.0640
Epoch 2731/3200 : Average Loss 0.0622. Test Loss 0.0635
Epoch 2732/3200 : Average Loss 0.0625. Test Loss 0.0648
Epoch 2733/3200 : Average Loss 0.0615. Test Loss 0.0636
Epoch 2734/3200 : Average Loss 0.0617. Test Loss 0.0622
Epoch 2735/3200 : Average Loss 0.0618. Test Loss 0.0624
Epoch 2736/3200 : Average Loss 0.0621. Test Loss 0.0648
Epoch 2737/3200 : Average Loss 0.0614. Test Loss 0.0642
Epoch 2738/3200 : Average Loss 0.0610. Test Loss 0.0646
Epoch 2739/3200 : Average Loss 0.0615. Test Loss 0.0648
Epoch 2740/3200 : Average Loss 0.0612. Test Loss 0.0656
Epoch 2741/3200 : Average Loss 0.0609. Test Loss 0.0648
Epoch 2742/3200 : Average Loss 0.0617. Test Loss 0.0659
Epoch 2743/3200 : Average Loss 0.0625. Test Loss 0.0641
Epoch 2744/3200 : Average Loss 0.0619. Test Loss 0.0632
Epoch 2745/3200 : Average Loss 0.0615. Test Loss 0.0650
Epoch 2746/3200 : Average Loss 0.0620. Test Loss 0.0647
Epoch 2747/3200 : Average Loss 0.0612. Test Loss 0.0636
Epoch 2748/3200 : Average Loss 0.0624. Test Loss 0.0646
Epoch 2749/3200 : Average Loss 0.0615. Test Loss 0.0635
Epoch 2750/3200 : Average Loss 0.0616. Test Loss 0.0685
Epoch 2751/3200 : Average Loss 0.0607. Test Loss 0.0640
Epoch 2752/3200 : Average Loss 0.0620. Test Loss 0.0653
Epoch 2753/3200 : Average Loss 0.0613. Test Loss 0.0665
Epoch 2754/3200 : Average Loss 0.0616. Test Loss 0.0661
Epoch 2755/3200 : Average Loss 0.0611. Test Loss 0.0647
Epoch 2756/3200 : Average Loss 0.0620. Test Loss 0.0656
Epoch 2757/3200 : Average Loss 0.0613. Test Loss 0.0633
Epoch 2758/3200 : Average Loss 0.0613. Test Loss 0.0666
Epoch 2759/3200 : Average Loss 0.0611. Test Loss 0.0654
Epoch 2760/3200 : Average Loss 0.0618. Test Loss 0.0657
Epoch 2761/3200 : Average Loss 0.0616. Test Loss 0.0634
Epoch 2762/3200 : Average Loss 0.0612. Test Loss 0.0680
Epoch 2763/3200 : Average Loss 0.0614. Test Loss 0.0655
Epoch 2764/3200 : Average Loss 0.0610. Test Loss 0.0634
Epoch 2765/3200 : Average Loss 0.0614. Test Loss 0.0626
Epoch 2766/3200 : Average Loss 0.0617. Test Loss 0.0667
Epoch 2767/3200 : Average Loss 0.0614. Test Loss 0.0640
Epoch 2768/3200 : Average Loss 0.0614. Test Loss 0.0640
Epoch 2769/3200 : Average Loss 0.0623. Test Loss 0.0648
Epoch 2770/3200 : Average Loss 0.0619. Test Loss 0.0635
Epoch 2771/3200 : Average Loss 0.0620. Test Loss 0.0642
Epoch 2772/3200 : Average Loss 0.0623. Test Loss 0.0654
Epoch 2773/3200 : Average Loss 0.0612. Test Loss 0.0639
Epoch 2774/3200 : Average Loss 0.0611. Test Loss 0.0652
Epoch 2775/3200 : Average Loss 0.0614. Test Loss 0.0648
Epoch 2776/3200 : Average Loss 0.0611. Test Loss 0.0653
Epoch 2777/3200 : Average Loss 0.0617. Test Loss 0.0634
Epoch 2778/3200 : Average Loss 0.0616. Test Loss 0.0665
Epoch 2779/3200 : Average Loss 0.0614. Test Loss 0.0622
Epoch 2780/3200 : Average Loss 0.0612. Test Loss 0.0629
Epoch 2781/3200 : Average Loss 0.0616. Test Loss 0.0633
Epoch 2782/3200 : Average Loss 0.0628. Test Loss 0.0627
Epoch 2783/3200 : Average Loss 0.0616. Test Loss 0.0639
Epoch 2784/3200 : Average Loss 0.0609. Test Loss 0.0649
Epoch 2785/3200 : Average Loss 0.0615. Test Loss 0.0635
Epoch 2786/3200 : Average Loss 0.0610. Test Loss 0.0694
Epoch 2787/3200 : Average Loss 0.0608. Test Loss 0.0641
Epoch 2788/3200 : Average Loss 0.0610. Test Loss 0.0650
Epoch 2789/3200 : Average Loss 0.0608. Test Loss 0.0637
Epoch 2790/3200 : Average Loss 0.0611. Test Loss 0.0631
Epoch 2791/3200 : Average Loss 0.0607. Test Loss 0.0640
Epoch 2792/3200 : Average Loss 0.0606. Test Loss 0.0630
Epoch 2793/3200 : Average Loss 0.0616. Test Loss 0.0658
Epoch 2794/3200 : Average Loss 0.0613. Test Loss 0.0648
Epoch 2795/3200 : Average Loss 0.0612. Test Loss 0.0627
Epoch 2796/3200 : Average Loss 0.0610. Test Loss 0.0614
Epoch 2797/3200 : Average Loss 0.0612. Test Loss 0.0625
Epoch 2798/3200 : Average Loss 0.0618. Test Loss 0.0631
Epoch 2799/3200 : Average Loss 0.0615. Test Loss 0.0635
Epoch 2800/3200 : Average Loss 0.0612. Test Loss 0.0658
Epoch 2801/3200 : Average Loss 0.0617. Test Loss 0.0653
Epoch 2802/3200 : Average Loss 0.0609. Test Loss 0.0666
Epoch 2803/3200 : Average Loss 0.0613. Test Loss 0.0641
Epoch 2804/3200 : Average Loss 0.0610. Test Loss 0.0653
Epoch 2805/3200 : Average Loss 0.0620. Test Loss 0.0636
Epoch 2806/3200 : Average Loss 0.0614. Test Loss 0.0638
Epoch 2807/3200 : Average Loss 0.0618. Test Loss 0.0653
Epoch 2808/3200 : Average Loss 0.0614. Test Loss 0.0644
Epoch 2809/3200 : Average Loss 0.0616. Test Loss 0.0645
Epoch 2810/3200 : Average Loss 0.0612. Test Loss 0.0644
Epoch 2811/3200 : Average Loss 0.0614. Test Loss 0.0617
Epoch 2812/3200 : Average Loss 0.0608. Test Loss 0.0656
Epoch 2813/3200 : Average Loss 0.0609. Test Loss 0.0640
Epoch 2814/3200 : Average Loss 0.0613. Test Loss 0.0639
Epoch 2815/3200 : Average Loss 0.0611. Test Loss 0.0638
Epoch 2816/3200 : Average Loss 0.0608. Test Loss 0.0641
Epoch 2817/3200 : Average Loss 0.0612. Test Loss 0.0641
Epoch 2818/3200 : Average Loss 0.0615. Test Loss 0.0635
Epoch 2819/3200 : Average Loss 0.0615. Test Loss 0.0638
Epoch 2820/3200 : Average Loss 0.0614. Test Loss 0.0648
Epoch 2821/3200 : Average Loss 0.0610. Test Loss 0.0678
Epoch 2822/3200 : Average Loss 0.0610. Test Loss 0.0655
Epoch 2823/3200 : Average Loss 0.0610. Test Loss 0.0643
Epoch 2824/3200 : Average Loss 0.0607. Test Loss 0.0644
Epoch 2825/3200 : Average Loss 0.0617. Test Loss 0.0631
Epoch 2826/3200 : Average Loss 0.0609. Test Loss 0.0633
Epoch 2827/3200 : Average Loss 0.0610. Test Loss 0.0641
Epoch 2828/3200 : Average Loss 0.0612. Test Loss 0.0640
Epoch 2829/3200 : Average Loss 0.0608. Test Loss 0.0683
Epoch 2830/3200 : Average Loss 0.0613. Test Loss 0.0661
Epoch 2831/3200 : Average Loss 0.0616. Test Loss 0.0688
Epoch 2832/3200 : Average Loss 0.0604. Test Loss 0.0630
Epoch 2833/3200 : Average Loss 0.0611. Test Loss 0.0680
Epoch 2834/3200 : Average Loss 0.0611. Test Loss 0.0639
Epoch 2835/3200 : Average Loss 0.0617. Test Loss 0.0625
Epoch 2836/3200 : Average Loss 0.0609. Test Loss 0.0650
Epoch 2837/3200 : Average Loss 0.0606. Test Loss 0.0630
Epoch 2838/3200 : Average Loss 0.0622. Test Loss 0.0639
Epoch 2839/3200 : Average Loss 0.0618. Test Loss 0.0666
Epoch 2840/3200 : Average Loss 0.0614. Test Loss 0.0639
Epoch 2841/3200 : Average Loss 0.0612. Test Loss 0.0650
Epoch 2842/3200 : Average Loss 0.0605. Test Loss 0.0634
Epoch 2843/3200 : Average Loss 0.0613. Test Loss 0.0637
Epoch 2844/3200 : Average Loss 0.0610. Test Loss 0.0629
Epoch 2845/3200 : Average Loss 0.0610. Test Loss 0.0644
Epoch 2846/3200 : Average Loss 0.0609. Test Loss 0.0644
Epoch 2847/3200 : Average Loss 0.0609. Test Loss 0.0643
Epoch 2848/3200 : Average Loss 0.0616. Test Loss 0.0638
Epoch 2849/3200 : Average Loss 0.0609. Test Loss 0.0628
Epoch 2850/3200 : Average Loss 0.0608. Test Loss 0.0645
Epoch 2851/3200 : Average Loss 0.0607. Test Loss 0.0643
Epoch 2852/3200 : Average Loss 0.0613. Test Loss 0.0675
Epoch 2853/3200 : Average Loss 0.0612. Test Loss 0.0660
Epoch 2854/3200 : Average Loss 0.0609. Test Loss 0.0647
Epoch 2855/3200 : Average Loss 0.0606. Test Loss 0.0652
Epoch 2856/3200 : Average Loss 0.0608. Test Loss 0.0637
Epoch 2857/3200 : Average Loss 0.0610. Test Loss 0.0647
Epoch 2858/3200 : Average Loss 0.0605. Test Loss 0.0625
Epoch 2859/3200 : Average Loss 0.0607. Test Loss 0.0647
Epoch 2860/3200 : Average Loss 0.0610. Test Loss 0.0650
Epoch 2861/3200 : Average Loss 0.0613. Test Loss 0.0653
Epoch 2862/3200 : Average Loss 0.0610. Test Loss 0.0703
Epoch 2863/3200 : Average Loss 0.0612. Test Loss 0.0693
Epoch 2864/3200 : Average Loss 0.0605. Test Loss 0.0630
Epoch 2865/3200 : Average Loss 0.0613. Test Loss 0.0680
Epoch 2866/3200 : Average Loss 0.0611. Test Loss 0.0630
Epoch 2867/3200 : Average Loss 0.0609. Test Loss 0.0630
Epoch 2868/3200 : Average Loss 0.0608. Test Loss 0.0637
Epoch 2869/3200 : Average Loss 0.0610. Test Loss 0.0632
Epoch 2870/3200 : Average Loss 0.0615. Test Loss 0.0642
Epoch 2871/3200 : Average Loss 0.0617. Test Loss 0.0630
Epoch 2872/3200 : Average Loss 0.0614. Test Loss 0.0628
Epoch 2873/3200 : Average Loss 0.0612. Test Loss 0.0621
Epoch 2874/3200 : Average Loss 0.0610. Test Loss 0.0662
Epoch 2875/3200 : Average Loss 0.0620. Test Loss 0.0637
Epoch 2876/3200 : Average Loss 0.0607. Test Loss 0.0655
Epoch 2877/3200 : Average Loss 0.0606. Test Loss 0.0654
Epoch 2878/3200 : Average Loss 0.0624. Test Loss 0.0659
Epoch 2879/3200 : Average Loss 0.0619. Test Loss 0.0645
Epoch 2880/3200 : Average Loss 0.0610. Test Loss 0.0632
Epoch 2881/3200 : Average Loss 0.0606. Test Loss 0.0623
Epoch 2882/3200 : Average Loss 0.0605. Test Loss 0.0641
Epoch 2883/3200 : Average Loss 0.0614. Test Loss 0.0638
Epoch 2884/3200 : Average Loss 0.0611. Test Loss 0.0634
Epoch 2885/3200 : Average Loss 0.0610. Test Loss 0.0650
Epoch 2886/3200 : Average Loss 0.0612. Test Loss 0.0636
Epoch 2887/3200 : Average Loss 0.0607. Test Loss 0.0653
Epoch 2888/3200 : Average Loss 0.0624. Test Loss 0.0641
Epoch 2889/3200 : Average Loss 0.0612. Test Loss 0.0633
Epoch 2890/3200 : Average Loss 0.0615. Test Loss 0.0635
Epoch 2891/3200 : Average Loss 0.0605. Test Loss 0.0646
Epoch 2892/3200 : Average Loss 0.0609. Test Loss 0.0646
Epoch 2893/3200 : Average Loss 0.0622. Test Loss 0.0641
Epoch 2894/3200 : Average Loss 0.0609. Test Loss 0.0642
Epoch 2895/3200 : Average Loss 0.0614. Test Loss 0.0632
Epoch 2896/3200 : Average Loss 0.0611. Test Loss 0.0653
Epoch 2897/3200 : Average Loss 0.0606. Test Loss 0.0621
Epoch 2898/3200 : Average Loss 0.0608. Test Loss 0.0662
Epoch 2899/3200 : Average Loss 0.0608. Test Loss 0.0676
Epoch 2900/3200 : Average Loss 0.0610. Test Loss 0.0638
Epoch 2901/3200 : Average Loss 0.0608. Test Loss 0.0665
Epoch 2902/3200 : Average Loss 0.0606. Test Loss 0.0651
Epoch 2903/3200 : Average Loss 0.0608. Test Loss 0.0634
Epoch 2904/3200 : Average Loss 0.0611. Test Loss 0.0631
Epoch 2905/3200 : Average Loss 0.0611. Test Loss 0.0672
Epoch 2906/3200 : Average Loss 0.0611. Test Loss 0.0638
Epoch 2907/3200 : Average Loss 0.0613. Test Loss 0.0658
Epoch 2908/3200 : Average Loss 0.0610. Test Loss 0.0644
Epoch 2909/3200 : Average Loss 0.0614. Test Loss 0.0645
Epoch 2910/3200 : Average Loss 0.0617. Test Loss 0.0617
Epoch 2911/3200 : Average Loss 0.0615. Test Loss 0.0641
Epoch 2912/3200 : Average Loss 0.0605. Test Loss 0.0659
Epoch 2913/3200 : Average Loss 0.0608. Test Loss 0.0642
Epoch 2914/3200 : Average Loss 0.0606. Test Loss 0.0634
Epoch 2915/3200 : Average Loss 0.0611. Test Loss 0.0719
Epoch 2916/3200 : Average Loss 0.0610. Test Loss 0.0672
Epoch 2917/3200 : Average Loss 0.0606. Test Loss 0.0653
Epoch 2918/3200 : Average Loss 0.0606. Test Loss 0.0681
Epoch 2919/3200 : Average Loss 0.0610. Test Loss 0.0656
Epoch 2920/3200 : Average Loss 0.0623. Test Loss 0.0665
Epoch 2921/3200 : Average Loss 0.0610. Test Loss 0.0630
Epoch 2922/3200 : Average Loss 0.0617. Test Loss 0.0635
Epoch 2923/3200 : Average Loss 0.0621. Test Loss 0.0630
Epoch 2924/3200 : Average Loss 0.0610. Test Loss 0.0623
Epoch 2925/3200 : Average Loss 0.0602. Test Loss 0.0636
Epoch 2926/3200 : Average Loss 0.0608. Test Loss 0.0657
Epoch 2927/3200 : Average Loss 0.0611. Test Loss 0.0637
Epoch 2928/3200 : Average Loss 0.0611. Test Loss 0.0674
Epoch 2929/3200 : Average Loss 0.0606. Test Loss 0.0638
Epoch 2930/3200 : Average Loss 0.0613. Test Loss 0.0638
Epoch 2931/3200 : Average Loss 0.0606. Test Loss 0.0649
Epoch 2932/3200 : Average Loss 0.0611. Test Loss 0.0643
Epoch 2933/3200 : Average Loss 0.0609. Test Loss 0.0628
Epoch 2934/3200 : Average Loss 0.0618. Test Loss 0.0632
Epoch 2935/3200 : Average Loss 0.0609. Test Loss 0.0686
Epoch 2936/3200 : Average Loss 0.0608. Test Loss 0.0655
Epoch 2937/3200 : Average Loss 0.0615. Test Loss 0.0655
Epoch 2938/3200 : Average Loss 0.0613. Test Loss 0.0639
Epoch 2939/3200 : Average Loss 0.0607. Test Loss 0.0643
Epoch 2940/3200 : Average Loss 0.0605. Test Loss 0.0677
Epoch 2941/3200 : Average Loss 0.0606. Test Loss 0.0628
Epoch 2942/3200 : Average Loss 0.0611. Test Loss 0.0624
Epoch 2943/3200 : Average Loss 0.0611. Test Loss 0.0658
Epoch 2944/3200 : Average Loss 0.0603. Test Loss 0.0680
Epoch 2945/3200 : Average Loss 0.0610. Test Loss 0.0628
Epoch 2946/3200 : Average Loss 0.0609. Test Loss 0.0623
Epoch 2947/3200 : Average Loss 0.0612. Test Loss 0.0671
Epoch 2948/3200 : Average Loss 0.0603. Test Loss 0.0654
Epoch 2949/3200 : Average Loss 0.0611. Test Loss 0.0637
Epoch 2950/3200 : Average Loss 0.0608. Test Loss 0.0647
Epoch 2951/3200 : Average Loss 0.0603. Test Loss 0.0646
Epoch 2952/3200 : Average Loss 0.0613. Test Loss 0.0636
Epoch 2953/3200 : Average Loss 0.0606. Test Loss 0.0650
Epoch 2954/3200 : Average Loss 0.0612. Test Loss 0.0635
Epoch 2955/3200 : Average Loss 0.0608. Test Loss 0.0695
Epoch 2956/3200 : Average Loss 0.0603. Test Loss 0.0638
Epoch 2957/3200 : Average Loss 0.0601. Test Loss 0.0622
Epoch 2958/3200 : Average Loss 0.0612. Test Loss 0.0644
Epoch 2959/3200 : Average Loss 0.0607. Test Loss 0.0633
Epoch 2960/3200 : Average Loss 0.0607. Test Loss 0.0645
Epoch 2961/3200 : Average Loss 0.0614. Test Loss 0.0650
Epoch 2962/3200 : Average Loss 0.0610. Test Loss 0.0634
Epoch 2963/3200 : Average Loss 0.0607. Test Loss 0.0628
Epoch 2964/3200 : Average Loss 0.0607. Test Loss 0.0618
Epoch 2965/3200 : Average Loss 0.0613. Test Loss 0.0626
Epoch 2966/3200 : Average Loss 0.0604. Test Loss 0.0652
Epoch 2967/3200 : Average Loss 0.0606. Test Loss 0.0643
Epoch 2968/3200 : Average Loss 0.0605. Test Loss 0.0665
Epoch 2969/3200 : Average Loss 0.0613. Test Loss 0.0641
Epoch 2970/3200 : Average Loss 0.0610. Test Loss 0.0634
Epoch 2971/3200 : Average Loss 0.0607. Test Loss 0.0625
Epoch 2972/3200 : Average Loss 0.0614. Test Loss 0.0629
Epoch 2973/3200 : Average Loss 0.0608. Test Loss 0.0628
Epoch 2974/3200 : Average Loss 0.0607. Test Loss 0.0636
Epoch 2975/3200 : Average Loss 0.0611. Test Loss 0.0636
Epoch 2976/3200 : Average Loss 0.0610. Test Loss 0.0624
Epoch 2977/3200 : Average Loss 0.0606. Test Loss 0.0639
Epoch 2978/3200 : Average Loss 0.0610. Test Loss 0.0629
Epoch 2979/3200 : Average Loss 0.0606. Test Loss 0.0644
Epoch 2980/3200 : Average Loss 0.0611. Test Loss 0.0653
Epoch 2981/3200 : Average Loss 0.0612. Test Loss 0.0636
Epoch 2982/3200 : Average Loss 0.0612. Test Loss 0.0645
Epoch 2983/3200 : Average Loss 0.0609. Test Loss 0.0657
Epoch 2984/3200 : Average Loss 0.0614. Test Loss 0.0642
Epoch 2985/3200 : Average Loss 0.0614. Test Loss 0.0636
Epoch 2986/3200 : Average Loss 0.0607. Test Loss 0.0628
Epoch 2987/3200 : Average Loss 0.0604. Test Loss 0.0657
Epoch 2988/3200 : Average Loss 0.0610. Test Loss 0.0651
Epoch 2989/3200 : Average Loss 0.0607. Test Loss 0.0641
Epoch 2990/3200 : Average Loss 0.0604. Test Loss 0.0624
Epoch 2991/3200 : Average Loss 0.0608. Test Loss 0.0660
Epoch 2992/3200 : Average Loss 0.0608. Test Loss 0.0657
Epoch 2993/3200 : Average Loss 0.0610. Test Loss 0.0643
Epoch 2994/3200 : Average Loss 0.0608. Test Loss 0.0648
Epoch 2995/3200 : Average Loss 0.0606. Test Loss 0.0647
Epoch 2996/3200 : Average Loss 0.0611. Test Loss 0.0647
Epoch 2997/3200 : Average Loss 0.0606. Test Loss 0.0659
Epoch 2998/3200 : Average Loss 0.0611. Test Loss 0.0680
Epoch 2999/3200 : Average Loss 0.0612. Test Loss 0.0645
Epoch 3000/3200 : Average Loss 0.0601. Test Loss 0.0647
Epoch 3001/3200 : Average Loss 0.0605. Test Loss 0.0637
Epoch 3002/3200 : Average Loss 0.0611. Test Loss 0.0633
Epoch 3003/3200 : Average Loss 0.0609. Test Loss 0.0649
Epoch 3004/3200 : Average Loss 0.0606. Test Loss 0.0651
Epoch 3005/3200 : Average Loss 0.0606. Test Loss 0.0638
Epoch 3006/3200 : Average Loss 0.0607. Test Loss 0.0640
Epoch 3007/3200 : Average Loss 0.0606. Test Loss 0.0709
Epoch 3008/3200 : Average Loss 0.0611. Test Loss 0.0644
Epoch 3009/3200 : Average Loss 0.0613. Test Loss 0.0648
Epoch 3010/3200 : Average Loss 0.0608. Test Loss 0.0619
Epoch 3011/3200 : Average Loss 0.0601. Test Loss 0.0651
Epoch 3012/3200 : Average Loss 0.0603. Test Loss 0.0653
Epoch 3013/3200 : Average Loss 0.0604. Test Loss 0.0631
Epoch 3014/3200 : Average Loss 0.0610. Test Loss 0.0655
Epoch 3015/3200 : Average Loss 0.0615. Test Loss 0.0637
Epoch 3016/3200 : Average Loss 0.0606. Test Loss 0.0658
Epoch 3017/3200 : Average Loss 0.0604. Test Loss 0.0638
Epoch 3018/3200 : Average Loss 0.0605. Test Loss 0.0624
Epoch 3019/3200 : Average Loss 0.0610. Test Loss 0.0633
Epoch 3020/3200 : Average Loss 0.0614. Test Loss 0.0641
Epoch 3021/3200 : Average Loss 0.0606. Test Loss 0.0637
Epoch 3022/3200 : Average Loss 0.0613. Test Loss 0.0640
Epoch 3023/3200 : Average Loss 0.0612. Test Loss 0.0687
Epoch 3024/3200 : Average Loss 0.0604. Test Loss 0.0658
Epoch 3025/3200 : Average Loss 0.0607. Test Loss 0.0659
Epoch 3026/3200 : Average Loss 0.0607. Test Loss 0.0632
Epoch 3027/3200 : Average Loss 0.0612. Test Loss 0.0635
Epoch 3028/3200 : Average Loss 0.0614. Test Loss 0.0642
Epoch 3029/3200 : Average Loss 0.0611. Test Loss 0.0641
Epoch 3030/3200 : Average Loss 0.0624. Test Loss 0.0668
Epoch 3031/3200 : Average Loss 0.0618. Test Loss 0.0642
Epoch 3032/3200 : Average Loss 0.0610. Test Loss 0.0638
Epoch 3033/3200 : Average Loss 0.0604. Test Loss 0.0647
Epoch 3034/3200 : Average Loss 0.0606. Test Loss 0.0658
Epoch 3035/3200 : Average Loss 0.0614. Test Loss 0.0649
Epoch 3036/3200 : Average Loss 0.0609. Test Loss 0.0642
Epoch 3037/3200 : Average Loss 0.0609. Test Loss 0.0647
Epoch 3038/3200 : Average Loss 0.0600. Test Loss 0.0665
Epoch 3039/3200 : Average Loss 0.0603. Test Loss 0.0634
Epoch 3040/3200 : Average Loss 0.0610. Test Loss 0.0620
Epoch 3041/3200 : Average Loss 0.0604. Test Loss 0.0639
Epoch 3042/3200 : Average Loss 0.0600. Test Loss 0.0658
Epoch 3043/3200 : Average Loss 0.0605. Test Loss 0.0630
Epoch 3044/3200 : Average Loss 0.0603. Test Loss 0.0615
Epoch 3045/3200 : Average Loss 0.0598. Test Loss 0.0640
Epoch 3046/3200 : Average Loss 0.0603. Test Loss 0.0624
Epoch 3047/3200 : Average Loss 0.0603. Test Loss 0.0631
Epoch 3048/3200 : Average Loss 0.0608. Test Loss 0.0624
Epoch 3049/3200 : Average Loss 0.0603. Test Loss 0.0627
Epoch 3050/3200 : Average Loss 0.0601. Test Loss 0.0632
Epoch 3051/3200 : Average Loss 0.0603. Test Loss 0.0639
Epoch 3052/3200 : Average Loss 0.0604. Test Loss 0.0626
Epoch 3053/3200 : Average Loss 0.0601. Test Loss 0.0620
Epoch 3054/3200 : Average Loss 0.0608. Test Loss 0.0617
Epoch 3055/3200 : Average Loss 0.0608. Test Loss 0.0625
Epoch 3056/3200 : Average Loss 0.0610. Test Loss 0.0657
Epoch 3057/3200 : Average Loss 0.0605. Test Loss 0.0636
Epoch 3058/3200 : Average Loss 0.0605. Test Loss 0.0639
Epoch 3059/3200 : Average Loss 0.0604. Test Loss 0.0644
Epoch 3060/3200 : Average Loss 0.0603. Test Loss 0.0634
Epoch 3061/3200 : Average Loss 0.0612. Test Loss 0.0631
Epoch 3062/3200 : Average Loss 0.0602. Test Loss 0.0637
Epoch 3063/3200 : Average Loss 0.0602. Test Loss 0.0628
Epoch 3064/3200 : Average Loss 0.0607. Test Loss 0.0655
Epoch 3065/3200 : Average Loss 0.0607. Test Loss 0.0646
Epoch 3066/3200 : Average Loss 0.0609. Test Loss 0.0693
Epoch 3067/3200 : Average Loss 0.0608. Test Loss 0.0681
Epoch 3068/3200 : Average Loss 0.0613. Test Loss 0.0649
Epoch 3069/3200 : Average Loss 0.0608. Test Loss 0.0639
Epoch 3070/3200 : Average Loss 0.0610. Test Loss 0.0648
Epoch 3071/3200 : Average Loss 0.0606. Test Loss 0.0627
Epoch 3072/3200 : Average Loss 0.0609. Test Loss 0.0640
Epoch 3073/3200 : Average Loss 0.0612. Test Loss 0.0647
Epoch 3074/3200 : Average Loss 0.0606. Test Loss 0.0639
Epoch 3075/3200 : Average Loss 0.0626. Test Loss 0.0651
Epoch 3076/3200 : Average Loss 0.0608. Test Loss 0.0639
Epoch 3077/3200 : Average Loss 0.0604. Test Loss 0.0628
Epoch 3078/3200 : Average Loss 0.0609. Test Loss 0.0683
Epoch 3079/3200 : Average Loss 0.0607. Test Loss 0.0628
Epoch 3080/3200 : Average Loss 0.0598. Test Loss 0.0636
Epoch 3081/3200 : Average Loss 0.0602. Test Loss 0.0651
Epoch 3082/3200 : Average Loss 0.0608. Test Loss 0.0663
Epoch 3083/3200 : Average Loss 0.0608. Test Loss 0.0656
Epoch 3084/3200 : Average Loss 0.0609. Test Loss 0.0658
Epoch 3085/3200 : Average Loss 0.0602. Test Loss 0.0644
Epoch 3086/3200 : Average Loss 0.0614. Test Loss 0.0640
Epoch 3087/3200 : Average Loss 0.0602. Test Loss 0.0669
Epoch 3088/3200 : Average Loss 0.0601. Test Loss 0.0638
Epoch 3089/3200 : Average Loss 0.0606. Test Loss 0.0623
Epoch 3090/3200 : Average Loss 0.0607. Test Loss 0.0655
Epoch 3091/3200 : Average Loss 0.0609. Test Loss 0.0633
Epoch 3092/3200 : Average Loss 0.0616. Test Loss 0.0690
Epoch 3093/3200 : Average Loss 0.0629. Test Loss 0.0622
Epoch 3094/3200 : Average Loss 0.0616. Test Loss 0.0644
Epoch 3095/3200 : Average Loss 0.0611. Test Loss 0.0629
Epoch 3096/3200 : Average Loss 0.0613. Test Loss 0.0638
Epoch 3097/3200 : Average Loss 0.0612. Test Loss 0.0651
Epoch 3098/3200 : Average Loss 0.0617. Test Loss 0.0615
Epoch 3099/3200 : Average Loss 0.0608. Test Loss 0.0621
Epoch 3100/3200 : Average Loss 0.0607. Test Loss 0.0647
Epoch 3101/3200 : Average Loss 0.0607. Test Loss 0.0639
Epoch 3102/3200 : Average Loss 0.0611. Test Loss 0.0647
Epoch 3103/3200 : Average Loss 0.0608. Test Loss 0.0666
Epoch 3104/3200 : Average Loss 0.0611. Test Loss 0.0636
Epoch 3105/3200 : Average Loss 0.0604. Test Loss 0.0639
Epoch 3106/3200 : Average Loss 0.0605. Test Loss 0.0642
Epoch 3107/3200 : Average Loss 0.0603. Test Loss 0.0633
Epoch 3108/3200 : Average Loss 0.0604. Test Loss 0.0654
Epoch 3109/3200 : Average Loss 0.0605. Test Loss 0.0628
Epoch 3110/3200 : Average Loss 0.0604. Test Loss 0.0665
Epoch 3111/3200 : Average Loss 0.0599. Test Loss 0.0642
Epoch 3112/3200 : Average Loss 0.0602. Test Loss 0.0632
Epoch 3113/3200 : Average Loss 0.0604. Test Loss 0.0615
Epoch 3114/3200 : Average Loss 0.0608. Test Loss 0.0663
Epoch 3115/3200 : Average Loss 0.0605. Test Loss 0.0633
Epoch 3116/3200 : Average Loss 0.0604. Test Loss 0.0611
Epoch 3117/3200 : Average Loss 0.0603. Test Loss 0.0624
Epoch 3118/3200 : Average Loss 0.0608. Test Loss 0.0615
Epoch 3119/3200 : Average Loss 0.0606. Test Loss 0.0655
Epoch 3120/3200 : Average Loss 0.0603. Test Loss 0.0633
Epoch 3121/3200 : Average Loss 0.0608. Test Loss 0.0640
Epoch 3122/3200 : Average Loss 0.0606. Test Loss 0.0629
Epoch 3123/3200 : Average Loss 0.0602. Test Loss 0.0647
Epoch 3124/3200 : Average Loss 0.0602. Test Loss 0.0644
Epoch 3125/3200 : Average Loss 0.0603. Test Loss 0.0649
Epoch 3126/3200 : Average Loss 0.0604. Test Loss 0.0651
Epoch 3127/3200 : Average Loss 0.0605. Test Loss 0.0635
Epoch 3128/3200 : Average Loss 0.0609. Test Loss 0.0617
Epoch 3129/3200 : Average Loss 0.0606. Test Loss 0.0659
Epoch 3130/3200 : Average Loss 0.0604. Test Loss 0.0633
Epoch 3131/3200 : Average Loss 0.0602. Test Loss 0.0647
Epoch 3132/3200 : Average Loss 0.0600. Test Loss 0.0699
Epoch 3133/3200 : Average Loss 0.0601. Test Loss 0.0647
Epoch 3134/3200 : Average Loss 0.0604. Test Loss 0.0626
Epoch 3135/3200 : Average Loss 0.0604. Test Loss 0.0609
Epoch 3136/3200 : Average Loss 0.0614. Test Loss 0.0642
Epoch 3137/3200 : Average Loss 0.0608. Test Loss 0.0658
Epoch 3138/3200 : Average Loss 0.0609. Test Loss 0.0652
Epoch 3139/3200 : Average Loss 0.0607. Test Loss 0.0634
Epoch 3140/3200 : Average Loss 0.0609. Test Loss 0.0628
Epoch 3141/3200 : Average Loss 0.0600. Test Loss 0.0650
Epoch 3142/3200 : Average Loss 0.0614. Test Loss 0.0635
Epoch 3143/3200 : Average Loss 0.0604. Test Loss 0.0651
Epoch 3144/3200 : Average Loss 0.0600. Test Loss 0.0635
Epoch 3145/3200 : Average Loss 0.0600. Test Loss 0.0625
Epoch 3146/3200 : Average Loss 0.0598. Test Loss 0.0621
Epoch 3147/3200 : Average Loss 0.0604. Test Loss 0.0635
Epoch 3148/3200 : Average Loss 0.0603. Test Loss 0.0678
Epoch 3149/3200 : Average Loss 0.0601. Test Loss 0.0648
Epoch 3150/3200 : Average Loss 0.0596. Test Loss 0.0645
Epoch 3151/3200 : Average Loss 0.0597. Test Loss 0.0631
Epoch 3152/3200 : Average Loss 0.0600. Test Loss 0.0641
Epoch 3153/3200 : Average Loss 0.0609. Test Loss 0.0674
Epoch 3154/3200 : Average Loss 0.0601. Test Loss 0.0667
Epoch 3155/3200 : Average Loss 0.0607. Test Loss 0.0674
Epoch 3156/3200 : Average Loss 0.0609. Test Loss 0.0611
Epoch 3157/3200 : Average Loss 0.0604. Test Loss 0.0613
Epoch 3158/3200 : Average Loss 0.0600. Test Loss 0.0649
Epoch 3159/3200 : Average Loss 0.0604. Test Loss 0.0629
Epoch 3160/3200 : Average Loss 0.0607. Test Loss 0.0618
Epoch 3161/3200 : Average Loss 0.0598. Test Loss 0.0665
Epoch 3162/3200 : Average Loss 0.0610. Test Loss 0.0647
Epoch 3163/3200 : Average Loss 0.0611. Test Loss 0.0628
Epoch 3164/3200 : Average Loss 0.0604. Test Loss 0.0628
Epoch 3165/3200 : Average Loss 0.0602. Test Loss 0.0617
Epoch 3166/3200 : Average Loss 0.0597. Test Loss 0.0616
Epoch 3167/3200 : Average Loss 0.0606. Test Loss 0.0618
Epoch 3168/3200 : Average Loss 0.0604. Test Loss 0.0615
Epoch 3169/3200 : Average Loss 0.0602. Test Loss 0.0630
Epoch 3170/3200 : Average Loss 0.0602. Test Loss 0.0644
Epoch 3171/3200 : Average Loss 0.0600. Test Loss 0.0632
Epoch 3172/3200 : Average Loss 0.0597. Test Loss 0.0678
Epoch 3173/3200 : Average Loss 0.0598. Test Loss 0.0642
Epoch 3174/3200 : Average Loss 0.0601. Test Loss 0.0634
Epoch 3175/3200 : Average Loss 0.0607. Test Loss 0.0623
Epoch 3176/3200 : Average Loss 0.0611. Test Loss 0.0643
Epoch 3177/3200 : Average Loss 0.0614. Test Loss 0.0649
Epoch 3178/3200 : Average Loss 0.0602. Test Loss 0.0632
Epoch 3179/3200 : Average Loss 0.0603. Test Loss 0.0627
Epoch 3180/3200 : Average Loss 0.0599. Test Loss 0.0636
Epoch 3181/3200 : Average Loss 0.0608. Test Loss 0.0628
Epoch 3182/3200 : Average Loss 0.0609. Test Loss 0.0695
Epoch 3183/3200 : Average Loss 0.0604. Test Loss 0.0662
Epoch 3184/3200 : Average Loss 0.0603. Test Loss 0.0617
Epoch 3185/3200 : Average Loss 0.0610. Test Loss 0.0625
Epoch 3186/3200 : Average Loss 0.0609. Test Loss 0.0644
Epoch 3187/3200 : Average Loss 0.0606. Test Loss 0.0642
Epoch 3188/3200 : Average Loss 0.0599. Test Loss 0.0632
Epoch 3189/3200 : Average Loss 0.0596. Test Loss 0.0627
Epoch 3190/3200 : Average Loss 0.0610. Test Loss 0.0677
Epoch 3191/3200 : Average Loss 0.0604. Test Loss 0.0630
Epoch 3192/3200 : Average Loss 0.0602. Test Loss 0.0651
Epoch 3193/3200 : Average Loss 0.0608. Test Loss 0.0633
Epoch 3194/3200 : Average Loss 0.0603. Test Loss 0.0655
Epoch 3195/3200 : Average Loss 0.0604. Test Loss 0.0633
Epoch 3196/3200 : Average Loss 0.0602. Test Loss 0.0648
Epoch 3197/3200 : Average Loss 0.0596. Test Loss 0.0656
Epoch 3198/3200 : Average Loss 0.0596. Test Loss 0.0631
Epoch 3199/3200 : Average Loss 0.0602. Test Loss 0.0673
Epoch 3200/3200 : Average Loss 0.0609. Test Loss 0.0637
The Total Epoch have been reached.
Saved adapted checkpoint -> saved/pretrain_base_merged_10_20_9cls_align/limu_bert_x_align_dapt_5e-4_3200_seed3431.pt

=== DAPT done. Pair each benchmark seed with its checkpoint in run_benchmark.py: ===
  seed 3431   -> saved/pretrain_base_merged_10_20_9cls_align/limu_bert_x_align_dapt_5e-4_3200_seed3431.pt
